Источник А;Источник Б;Связанные тематические пакеты;Полномочия;Санкции;Обязанности;Иерархия;Статус
144.txt;145.txt;"ACT. 003; ACT. 005; ACT. 007; ACT. 008; ACT. 010; ACT. 014";144: 5.5, 7.2, 9.2, 12.2, 12.12, 14.1, 15.1, 15.1.1, 15.3 | 145: 4, 8, 9, 16, 17, 18, 19, 20, 22, 25, 26, 27, 29, 30, 32, 33, 34, 35, 36, 37, 38, 39, 40, 43, 47, 48, 49, 61, 65, 67, 70, 72, 74, 90, 91, 97, 100;144: 1, 1.1, 1.3, 1.4, 1.5, 1.6, 1.7, 1.8, 1.9, 1.11, 2, 2.1, 2.6, 3, 3.2, 3.4, 3.5, 3.6, 3.7, 4.1, 4.2, 4.4, 4.5, 5, 5.1, 5.1.2, 5.2, 5.2.1, 5.3, 5.4, 5.5, 5.6, 5.7, 5.8, 5.9, 6.1, 6.2, 6.3, 6.6, 6.7, 7.1, 7.1.1, 7.2, 7.3, 7.4, 8.1, 8.2, 8.3, 9.1, 9.2, 10.1, 10.1.1, 10.2, 10.2.1, 10.3, 10.4, 10.5, 10.5.1, 10.6, 10.7, 10.8, 11.1, 11.2, 11.3, 11.4, 11.5, 11.6, 11.7, 12.1, 12.1.1, 12.1.2, 12.2, 12.3, 12.4, 12.5, 12.6, 12.6.1, 12.7, 12.8, 12.8.1, 12.9, 12.10, 12.10.1, 12.11, 12.12, 12.13, 13.1, 13.2, 13.2.1, 13.3, 13.4, 13.6, 14.1, 14.2, 14.2.1, 14.3, 14.3.1, 14.3.2, 15.1, 15.1.1, 15.2, 15.3, 15.4, 15.5, 15.5.1, 15.6, 15.7, 16.1, 16.1.1, 16.2, 16.3, 16.4, 16.5, 16.6, 16.7, 16.8, 16.9, 16.10, 16.11, 16.12, 16.13, 16.13.1, 16.14, 16.15, 17.1, 17.2, 17.3, 17.5, 17.6, 17.7, 17.8, 17.9, 18.1, 18.2, 18.3, 18.4, 18.5, 18.5.1, 18.6, 19.1, 19.2, 19.3 | 145: 8, 9, 13.1, 15, 16, 19, 20, 21, 24, 25, 26, 37, 39, 57, 61, 66, 67, 68, 75, 80, 85, 88, 100;144: 1.2, 1.4, 1.9, 2, 3.4, 5, 5.1, 5.1.2, 5.2.1, 5.7, 10.1, 10.1.1, 12.13, 13.4, 13.6, 14.3, 14.3.1, 14.3.2, 15.4, 15.6, 16.1.1, 16.12, 16.14, 17.1, 17.2, 17.3, 17.6, 17.8, 18.2 | 145: 2, 3, 5, 6, 8, 15, 17, 17.2, 18, 19, 20, 21, 22, 23, 25, 26, 27, 29, 30, 32, 33, 35, 36, 37, 38, 39, 43, 45, 48, 49, 57, 60, 61, 68, 69, 70, 72, 73, 74, 77, 78.2, 80, 83, 84, 90, 91, 92, 93, 94, 96, 98, 99, 100;144: 1, 1.1, 1.2, 1.7, 1.8, 1.9, 2, 2.1, 2.2, 3, 3.4, 3.5, 3.6, 4.5, 5, 5.2, 5.2.1, 5.5, 5.6, 5.8, 5.9, 9.2, 11.7, 12.2, 13.6, 14.2, 15.2, 17.3, 17.5, 19.3 | 145: 2, 6, 10, 11, 12, 16, 17, 18, 20, 23, 24, 25, 30, 31, 33, 35, 44, 48, 54, 58, 62, 64, 65, 68, 70, 72, 74, 100;"Тематическая навигация. Конкретные выводы — в обзоре источников и пояснениях; наличие маркера не доказывает коллизию, отсутствие не доказывает ее отсутствие."
144.txt;146.txt;"ACT. 005; ACT. 007; ACT. 012";144: 5.5, 7.2, 9.2, 12.2, 12.12, 14.1, 15.1, 15.1.1, 15.3 | 146: 1.6, 2.5, 3.6, 4.2, 5.10, 9.1, 9.2, 9.4, 9.5;144: 1, 1.1, 1.3, 1.4, 1.5, 1.6, 1.7, 1.8, 1.9, 1.11, 2, 2.1, 2.6, 3, 3.2, 3.4, 3.5, 3.6, 3.7, 4.1, 4.2, 4.4, 4.5, 5, 5.1, 5.1.2, 5.2, 5.2.1, 5.3, 5.4, 5.5, 5.6, 5.7, 5.8, 5.9, 6.1, 6.2, 6.3, 6.6, 6.7, 7.1, 7.1.1, 7.2, 7.3, 7.4, 8.1, 8.2, 8.3, 9.1, 9.2, 10.1, 10.1.1, 10.2, 10.2.1, 10.3, 10.4, 10.5, 10.5.1, 10.6, 10.7, 10.8, 11.1, 11.2, 11.3, 11.4, 11.5, 11.6, 11.7, 12.1, 12.1.1, 12.1.2, 12.2, 12.3, 12.4, 12.5, 12.6, 12.6.1, 12.7, 12.8, 12.8.1, 12.9, 12.10, 12.10.1, 12.11, 12.12, 12.13, 13.1, 13.2, 13.2.1, 13.3, 13.4, 13.6, 14.1, 14.2, 14.2.1, 14.3, 14.3.1, 14.3.2, 15.1, 15.1.1, 15.2, 15.3, 15.4, 15.5, 15.5.1, 15.6, 15.7, 16.1, 16.1.1, 16.2, 16.3, 16.4, 16.5, 16.6, 16.7, 16.8, 16.9, 16.10, 16.11, 16.12, 16.13, 16.13.1, 16.14, 16.15, 17.1, 17.2, 17.3, 17.5, 17.6, 17.7, 17.8, 17.9, 18.1, 18.2, 18.3, 18.4, 18.5, 18.5.1, 18.6, 19.1, 19.2, 19.3 | 146: 1.3, 1.4, 1.5, 1.6, 1.7, 1.8, 2.1, 2.2, 2.5, 3.1, 3.2, 3.3, 3.4, 3.5, 3.6, 3.7, 4.1, 4.2, 4.3, 4.4, 5.1, 5.2, 5.3, 5.4, 5.5, 5.6, 5.7, 5.8, 5.9, 5.10, 6.1, 6.1.1, 6.1.2, 6.2, 6.3, 6.4, 6.5, 6.6, 6.7, 7.1, 7.2, 8.1, 8.2, 9.1, 9.2, 9.3, 9.4, 9.5, 10.1, 10.2, 11.1, 11.2, 12.1, 12.2, 12.3, 12.4, 12.5, 12.6, 13.1, 14.1, 14.2, 14.3, 14.4, 14.5, 14.6, 14.7, 14.8, 14.9, 14.10, 14.11, 14.12, 14.13, 14.14, 14.15, 14.16, 14.17, 14.18, 14.19, 14.20, 14.21;144: 1.2, 1.4, 1.9, 2, 3.4, 5, 5.1, 5.1.2, 5.2.1, 5.7, 10.1, 10.1.1, 12.13, 13.4, 13.6, 14.3, 14.3.1, 14.3.2, 15.4, 15.6, 16.1.1, 16.12, 16.14, 17.1, 17.2, 17.3, 17.6, 17.8, 18.2 | 146: 1.5, 1.6, 3.3, 3.7, 4.1, 4.2, 5.7, 5.10, 6.2, 9.3, 9.4, 14.1, 14.19, 14.20, 14.21;144: 1, 1.1, 1.2, 1.7, 1.8, 1.9, 2, 2.1, 2.2, 3, 3.4, 3.5, 3.6, 4.5, 5, 5.2, 5.2.1, 5.5, 5.6, 5.8, 5.9, 9.2, 11.7, 12.2, 13.6, 14.2, 15.2, 17.3, 17.5, 19.3 | 146: 1.1, 1.3, 1.4, 1.5, 1.8, 2.1, 2.2, 3.2, 3.5, 4.1, 4.2, 6.1.2, 10.2, 11.1;"Тематическая навигация. Конкретные выводы — в обзоре источников и пояснениях; наличие маркера не доказывает коллизию, отсутствие не доказывает ее отсутствие."
144.txt;147.txt;"ACT. 007; ACT. 008";144: 5.5, 7.2, 9.2, 12.2, 12.12, 14.1, 15.1, 15.1.1, 15.3 | 147: 16, 59, 61, 65;144: 1, 1.1, 1.3, 1.4, 1.5, 1.6, 1.7, 1.8, 1.9, 1.11, 2, 2.1, 2.6, 3, 3.2, 3.4, 3.5, 3.6, 3.7, 4.1, 4.2, 4.4, 4.5, 5, 5.1, 5.1.2, 5.2, 5.2.1, 5.3, 5.4, 5.5, 5.6, 5.7, 5.8, 5.9, 6.1, 6.2, 6.3, 6.6, 6.7, 7.1, 7.1.1, 7.2, 7.3, 7.4, 8.1, 8.2, 8.3, 9.1, 9.2, 10.1, 10.1.1, 10.2, 10.2.1, 10.3, 10.4, 10.5, 10.5.1, 10.6, 10.7, 10.8, 11.1, 11.2, 11.3, 11.4, 11.5, 11.6, 11.7, 12.1, 12.1.1, 12.1.2, 12.2, 12.3, 12.4, 12.5, 12.6, 12.6.1, 12.7, 12.8, 12.8.1, 12.9, 12.10, 12.10.1, 12.11, 12.12, 12.13, 13.1, 13.2, 13.2.1, 13.3, 13.4, 13.6, 14.1, 14.2, 14.2.1, 14.3, 14.3.1, 14.3.2, 15.1, 15.1.1, 15.2, 15.3, 15.4, 15.5, 15.5.1, 15.6, 15.7, 16.1, 16.1.1, 16.2, 16.3, 16.4, 16.5, 16.6, 16.7, 16.8, 16.9, 16.10, 16.11, 16.12, 16.13, 16.13.1, 16.14, 16.15, 17.1, 17.2, 17.3, 17.5, 17.6, 17.7, 17.8, 17.9, 18.1, 18.2, 18.3, 18.4, 18.5, 18.5.1, 18.6, 19.1, 19.2, 19.3 | 147: 1, 2, 3, 4, 5, 6, 7, 8, 9, 10, 11, 12, 13, 14, 15, 16, 17, 18, 19, 20, 21, 22, 23, 24, 25, 26, 27, 28, 29, 30, 31, 32, 33, 34, 37, 38, 39, 40, 41, 42, 43, 44, 45, 46, 47, 48, 49, 50, 51, 52, 53, 56, 57, 60, 64, 65, 66, 72;144: 1.2, 1.4, 1.9, 2, 3.4, 5, 5.1, 5.1.2, 5.2.1, 5.7, 10.1, 10.1.1, 12.13, 13.4, 13.6, 14.3, 14.3.1, 14.3.2, 15.4, 15.6, 16.1.1, 16.12, 16.14, 17.1, 17.2, 17.3, 17.6, 17.8, 18.2 | 147: 2, 4, 5, 6, 7, 8, 9, 10, 13, 16, 17, 20, 24, 26, 28, 31, 33, 37, 38, 39, 43, 44, 51, 52, 53, 54, 56, 58, 64, 65, 66, 67, 68, 69, 70, 71;144: 1, 1.1, 1.2, 1.7, 1.8, 1.9, 2, 2.1, 2.2, 3, 3.4, 3.5, 3.6, 4.5, 5, 5.2, 5.2.1, 5.5, 5.6, 5.8, 5.9, 9.2, 11.7, 12.2, 13.6, 14.2, 15.2, 17.3, 17.5, 19.3 | 147: 29, 37, 58, 65;"Тематическая навигация. Конкретные выводы — в обзоре источников и пояснениях; наличие маркера не доказывает коллизию, отсутствие не доказывает ее отсутствие."
144.txt;148.txt;"ACT. 008; ACT. 012";144: 5.5, 7.2, 9.2, 12.2, 12.12, 14.1, 15.1, 15.1.1, 15.3 | 148: 4, 6, 7, 11, 12, 13, 14, 20, 21.1, 26, 27, 32;144: 1, 1.1, 1.3, 1.4, 1.5, 1.6, 1.7, 1.8, 1.9, 1.11, 2, 2.1, 2.6, 3, 3.2, 3.4, 3.5, 3.6, 3.7, 4.1, 4.2, 4.4, 4.5, 5, 5.1, 5.1.2, 5.2, 5.2.1, 5.3, 5.4, 5.5, 5.6, 5.7, 5.8, 5.9, 6.1, 6.2, 6.3, 6.6, 6.7, 7.1, 7.1.1, 7.2, 7.3, 7.4, 8.1, 8.2, 8.3, 9.1, 9.2, 10.1, 10.1.1, 10.2, 10.2.1, 10.3, 10.4, 10.5, 10.5.1, 10.6, 10.7, 10.8, 11.1, 11.2, 11.3, 11.4, 11.5, 11.6, 11.7, 12.1, 12.1.1, 12.1.2, 12.2, 12.3, 12.4, 12.5, 12.6, 12.6.1, 12.7, 12.8, 12.8.1, 12.9, 12.10, 12.10.1, 12.11, 12.12, 12.13, 13.1, 13.2, 13.2.1, 13.3, 13.4, 13.6, 14.1, 14.2, 14.2.1, 14.3, 14.3.1, 14.3.2, 15.1, 15.1.1, 15.2, 15.3, 15.4, 15.5, 15.5.1, 15.6, 15.7, 16.1, 16.1.1, 16.2, 16.3, 16.4, 16.5, 16.6, 16.7, 16.8, 16.9, 16.10, 16.11, 16.12, 16.13, 16.13.1, 16.14, 16.15, 17.1, 17.2, 17.3, 17.5, 17.6, 17.7, 17.8, 17.9, 18.1, 18.2, 18.3, 18.4, 18.5, 18.5.1, 18.6, 19.1, 19.2, 19.3 | 148: 1, 4, 13, 14, 32;144: 1.2, 1.4, 1.9, 2, 3.4, 5, 5.1, 5.1.2, 5.2.1, 5.7, 10.1, 10.1.1, 12.13, 13.4, 13.6, 14.3, 14.3.1, 14.3.2, 15.4, 15.6, 16.1.1, 16.12, 16.14, 17.1, 17.2, 17.3, 17.6, 17.8, 18.2 | 148: 2, 3, 4, 6, 8, 9, 11, 12, 13, 14, 15, 17, 20, 22, 24, 25, 26, 27, 29, 31, 32;144: 1, 1.1, 1.2, 1.7, 1.8, 1.9, 2, 2.1, 2.2, 3, 3.4, 3.5, 3.6, 4.5, 5, 5.2, 5.2.1, 5.5, 5.6, 5.8, 5.9, 9.2, 11.7, 12.2, 13.6, 14.2, 15.2, 17.3, 17.5, 19.3 | 148: 1, 2, 3, 4, 5, 6, 7, 8, 9, 10, 11, 12, 13, 14, 15, 19, 27, 32;"Тематическая навигация. Конкретные выводы — в обзоре источников и пояснениях; наличие маркера не доказывает коллизию, отсутствие не доказывает ее отсутствие."
144.txt;149.txt;"ACT. 003; ACT. 008; ACT. 012";144: 5.5, 7.2, 9.2, 12.2, 12.12, 14.1, 15.1, 15.1.1, 15.3 | 149: 8, 20, 28.1, 29, 35;144: 1, 1.1, 1.3, 1.4, 1.5, 1.6, 1.7, 1.8, 1.9, 1.11, 2, 2.1, 2.6, 3, 3.2, 3.4, 3.5, 3.6, 3.7, 4.1, 4.2, 4.4, 4.5, 5, 5.1, 5.1.2, 5.2, 5.2.1, 5.3, 5.4, 5.5, 5.6, 5.7, 5.8, 5.9, 6.1, 6.2, 6.3, 6.6, 6.7, 7.1, 7.1.1, 7.2, 7.3, 7.4, 8.1, 8.2, 8.3, 9.1, 9.2, 10.1, 10.1.1, 10.2, 10.2.1, 10.3, 10.4, 10.5, 10.5.1, 10.6, 10.7, 10.8, 11.1, 11.2, 11.3, 11.4, 11.5, 11.6, 11.7, 12.1, 12.1.1, 12.1.2, 12.2, 12.3, 12.4, 12.5, 12.6, 12.6.1, 12.7, 12.8, 12.8.1, 12.9, 12.10, 12.10.1, 12.11, 12.12, 12.13, 13.1, 13.2, 13.2.1, 13.3, 13.4, 13.6, 14.1, 14.2, 14.2.1, 14.3, 14.3.1, 14.3.2, 15.1, 15.1.1, 15.2, 15.3, 15.4, 15.5, 15.5.1, 15.6, 15.7, 16.1, 16.1.1, 16.2, 16.3, 16.4, 16.5, 16.6, 16.7, 16.8, 16.9, 16.10, 16.11, 16.12, 16.13, 16.13.1, 16.14, 16.15, 17.1, 17.2, 17.3, 17.5, 17.6, 17.7, 17.8, 17.9, 18.1, 18.2, 18.3, 18.4, 18.5, 18.5.1, 18.6, 19.1, 19.2, 19.3 | 149: 16, 29;144: 1.2, 1.4, 1.9, 2, 3.4, 5, 5.1, 5.1.2, 5.2.1, 5.7, 10.1, 10.1.1, 12.13, 13.4, 13.6, 14.3, 14.3.1, 14.3.2, 15.4, 15.6, 16.1.1, 16.12, 16.14, 17.1, 17.2, 17.3, 17.6, 17.8, 18.2 | 149: 1, 3, 5, 6, 7, 9, 13, 14, 15, 18, 20, 25, 27, 28, 28.1, 29, 30, 32;144: 1, 1.1, 1.2, 1.7, 1.8, 1.9, 2, 2.1, 2.2, 3, 3.4, 3.5, 3.6, 4.5, 5, 5.2, 5.2.1, 5.5, 5.6, 5.8, 5.9, 9.2, 11.7, 12.2, 13.6, 14.2, 15.2, 17.3, 17.5, 19.3 | 149: 1, 2, 5, 6, 9, 10, 14, 25, 27, 34;"Тематическая навигация. Конкретные выводы — в обзоре источников и пояснениях; наличие маркера не доказывает коллизию, отсутствие не доказывает ее отсутствие."
144.txt;150.txt;"ACT. 003; ACT. 007";144: 5.5, 7.2, 9.2, 12.2, 12.12, 14.1, 15.1, 15.1.1, 15.3 | 150: 11, 13, 30;144: 1, 1.1, 1.3, 1.4, 1.5, 1.6, 1.7, 1.8, 1.9, 1.11, 2, 2.1, 2.6, 3, 3.2, 3.4, 3.5, 3.6, 3.7, 4.1, 4.2, 4.4, 4.5, 5, 5.1, 5.1.2, 5.2, 5.2.1, 5.3, 5.4, 5.5, 5.6, 5.7, 5.8, 5.9, 6.1, 6.2, 6.3, 6.6, 6.7, 7.1, 7.1.1, 7.2, 7.3, 7.4, 8.1, 8.2, 8.3, 9.1, 9.2, 10.1, 10.1.1, 10.2, 10.2.1, 10.3, 10.4, 10.5, 10.5.1, 10.6, 10.7, 10.8, 11.1, 11.2, 11.3, 11.4, 11.5, 11.6, 11.7, 12.1, 12.1.1, 12.1.2, 12.2, 12.3, 12.4, 12.5, 12.6, 12.6.1, 12.7, 12.8, 12.8.1, 12.9, 12.10, 12.10.1, 12.11, 12.12, 12.13, 13.1, 13.2, 13.2.1, 13.3, 13.4, 13.6, 14.1, 14.2, 14.2.1, 14.3, 14.3.1, 14.3.2, 15.1, 15.1.1, 15.2, 15.3, 15.4, 15.5, 15.5.1, 15.6, 15.7, 16.1, 16.1.1, 16.2, 16.3, 16.4, 16.5, 16.6, 16.7, 16.8, 16.9, 16.10, 16.11, 16.12, 16.13, 16.13.1, 16.14, 16.15, 17.1, 17.2, 17.3, 17.5, 17.6, 17.7, 17.8, 17.9, 18.1, 18.2, 18.3, 18.4, 18.5, 18.5.1, 18.6, 19.1, 19.2, 19.3 | 150: 4, 7, 14, 28;144: 1.2, 1.4, 1.9, 2, 3.4, 5, 5.1, 5.1.2, 5.2.1, 5.7, 10.1, 10.1.1, 12.13, 13.4, 13.6, 14.3, 14.3.1, 14.3.2, 15.4, 15.6, 16.1.1, 16.12, 16.14, 17.1, 17.2, 17.3, 17.6, 17.8, 18.2 | 150: 1, 2, 4, 5, 9, 10, 11, 12, 14, 16, 18, 19, 20, 22, 23, 24, 25, 26, 27, 27.1, 29, 30;144: 1, 1.1, 1.2, 1.7, 1.8, 1.9, 2, 2.1, 2.2, 3, 3.4, 3.5, 3.6, 4.5, 5, 5.2, 5.2.1, 5.5, 5.6, 5.8, 5.9, 9.2, 11.7, 12.2, 13.6, 14.2, 15.2, 17.3, 17.5, 19.3 | 150: 1, 2, 3, 9, 11, 28;"Тематическая навигация. Конкретные выводы — в обзоре источников и пояснениях; наличие маркера не доказывает коллизию, отсутствие не доказывает ее отсутствие."
144.txt;152.txt;ACT. 001 — общие правила соотношения актов;144: 5.5, 7.2, 9.2, 12.2, 12.12, 14.1, 15.1, 15.1.1, 15.3 | 152: 4, 5, 6, 7, 8, 13, 14, 20, 21, 23, 24, 26, 27, 28, 29, 30, 33, 34;144: 1, 1.1, 1.3, 1.4, 1.5, 1.6, 1.7, 1.8, 1.9, 1.11, 2, 2.1, 2.6, 3, 3.2, 3.4, 3.5, 3.6, 3.7, 4.1, 4.2, 4.4, 4.5, 5, 5.1, 5.1.2, 5.2, 5.2.1, 5.3, 5.4, 5.5, 5.6, 5.7, 5.8, 5.9, 6.1, 6.2, 6.3, 6.6, 6.7, 7.1, 7.1.1, 7.2, 7.3, 7.4, 8.1, 8.2, 8.3, 9.1, 9.2, 10.1, 10.1.1, 10.2, 10.2.1, 10.3, 10.4, 10.5, 10.5.1, 10.6, 10.7, 10.8, 11.1, 11.2, 11.3, 11.4, 11.5, 11.6, 11.7, 12.1, 12.1.1, 12.1.2, 12.2, 12.3, 12.4, 12.5, 12.6, 12.6.1, 12.7, 12.8, 12.8.1, 12.9, 12.10, 12.10.1, 12.11, 12.12, 12.13, 13.1, 13.2, 13.2.1, 13.3, 13.4, 13.6, 14.1, 14.2, 14.2.1, 14.3, 14.3.1, 14.3.2, 15.1, 15.1.1, 15.2, 15.3, 15.4, 15.5, 15.5.1, 15.6, 15.7, 16.1, 16.1.1, 16.2, 16.3, 16.4, 16.5, 16.6, 16.7, 16.8, 16.9, 16.10, 16.11, 16.12, 16.13, 16.13.1, 16.14, 16.15, 17.1, 17.2, 17.3, 17.5, 17.6, 17.7, 17.8, 17.9, 18.1, 18.2, 18.3, 18.4, 18.5, 18.5.1, 18.6, 19.1, 19.2, 19.3 | 152: 3, 10, 22;144: 1.2, 1.4, 1.9, 2, 3.4, 5, 5.1, 5.1.2, 5.2.1, 5.7, 10.1, 10.1.1, 12.13, 13.4, 13.6, 14.3, 14.3.1, 14.3.2, 15.4, 15.6, 16.1.1, 16.12, 16.14, 17.1, 17.2, 17.3, 17.6, 17.8, 18.2 | 152: 4, 9, 10, 12, 14, 19, 20, 29, 34;144: 1, 1.1, 1.2, 1.7, 1.8, 1.9, 2, 2.1, 2.2, 3, 3.4, 3.5, 3.6, 4.5, 5, 5.2, 5.2.1, 5.5, 5.6, 5.8, 5.9, 9.2, 11.7, 12.2, 13.6, 14.2, 15.2, 17.3, 17.5, 19.3 | 152: 1, 2, 3, 5, 6, 10, 12, 13, 15, 18, 19, 21, 22, 23, 24, 25, 27, 28, 30, 31, 33, 34;"Тематическая навигация. Конкретные выводы — в обзоре источников и пояснениях; наличие маркера не доказывает коллизию, отсутствие не доказывает ее отсутствие."
144.txt;153.txt;ACT. 007;144: 5.5, 7.2, 9.2, 12.2, 12.12, 14.1, 15.1, 15.1.1, 15.3 | 153: 1, 7, 8.2, 10, 11, 12, 13, 14, 15, 16, 26, 29, 29.1, 29.2, 34, 35, 39, 40, 41, 43, 44;144: 1, 1.1, 1.3, 1.4, 1.5, 1.6, 1.7, 1.8, 1.9, 1.11, 2, 2.1, 2.6, 3, 3.2, 3.4, 3.5, 3.6, 3.7, 4.1, 4.2, 4.4, 4.5, 5, 5.1, 5.1.2, 5.2, 5.2.1, 5.3, 5.4, 5.5, 5.6, 5.7, 5.8, 5.9, 6.1, 6.2, 6.3, 6.6, 6.7, 7.1, 7.1.1, 7.2, 7.3, 7.4, 8.1, 8.2, 8.3, 9.1, 9.2, 10.1, 10.1.1, 10.2, 10.2.1, 10.3, 10.4, 10.5, 10.5.1, 10.6, 10.7, 10.8, 11.1, 11.2, 11.3, 11.4, 11.5, 11.6, 11.7, 12.1, 12.1.1, 12.1.2, 12.2, 12.3, 12.4, 12.5, 12.6, 12.6.1, 12.7, 12.8, 12.8.1, 12.9, 12.10, 12.10.1, 12.11, 12.12, 12.13, 13.1, 13.2, 13.2.1, 13.3, 13.4, 13.6, 14.1, 14.2, 14.2.1, 14.3, 14.3.1, 14.3.2, 15.1, 15.1.1, 15.2, 15.3, 15.4, 15.5, 15.5.1, 15.6, 15.7, 16.1, 16.1.1, 16.2, 16.3, 16.4, 16.5, 16.6, 16.7, 16.8, 16.9, 16.10, 16.11, 16.12, 16.13, 16.13.1, 16.14, 16.15, 17.1, 17.2, 17.3, 17.5, 17.6, 17.7, 17.8, 17.9, 18.1, 18.2, 18.3, 18.4, 18.5, 18.5.1, 18.6, 19.1, 19.2, 19.3 | 153: 9, 33, 34, 35, 36, 38;144: 1.2, 1.4, 1.9, 2, 3.4, 5, 5.1, 5.1.2, 5.2.1, 5.7, 10.1, 10.1.1, 12.13, 13.4, 13.6, 14.3, 14.3.1, 14.3.2, 15.4, 15.6, 16.1.1, 16.12, 16.14, 17.1, 17.2, 17.3, 17.6, 17.8, 18.2 | 153: 8.2, 16, 19, 20, 21, 22, 23, 31, 39, 43, 44;144: 1, 1.1, 1.2, 1.7, 1.8, 1.9, 2, 2.1, 2.2, 3, 3.4, 3.5, 3.6, 4.5, 5, 5.2, 5.2.1, 5.5, 5.6, 5.8, 5.9, 9.2, 11.7, 12.2, 13.6, 14.2, 15.2, 17.3, 17.5, 19.3 | 153: 1, 13, 27, 29, 29.1, 29.2;"Тематическая навигация. Конкретные выводы — в обзоре источников и пояснениях; наличие маркера не доказывает коллизию, отсутствие не доказывает ее отсутствие."
144.txt;154.txt;"ACT. 003; ACT. 010";144: 5.5, 7.2, 9.2, 12.2, 12.12, 14.1, 15.1, 15.1.1, 15.3 | 154: 4, 6;144: 1, 1.1, 1.3, 1.4, 1.5, 1.6, 1.7, 1.8, 1.9, 1.11, 2, 2.1, 2.6, 3, 3.2, 3.4, 3.5, 3.6, 3.7, 4.1, 4.2, 4.4, 4.5, 5, 5.1, 5.1.2, 5.2, 5.2.1, 5.3, 5.4, 5.5, 5.6, 5.7, 5.8, 5.9, 6.1, 6.2, 6.3, 6.6, 6.7, 7.1, 7.1.1, 7.2, 7.3, 7.4, 8.1, 8.2, 8.3, 9.1, 9.2, 10.1, 10.1.1, 10.2, 10.2.1, 10.3, 10.4, 10.5, 10.5.1, 10.6, 10.7, 10.8, 11.1, 11.2, 11.3, 11.4, 11.5, 11.6, 11.7, 12.1, 12.1.1, 12.1.2, 12.2, 12.3, 12.4, 12.5, 12.6, 12.6.1, 12.7, 12.8, 12.8.1, 12.9, 12.10, 12.10.1, 12.11, 12.12, 12.13, 13.1, 13.2, 13.2.1, 13.3, 13.4, 13.6, 14.1, 14.2, 14.2.1, 14.3, 14.3.1, 14.3.2, 15.1, 15.1.1, 15.2, 15.3, 15.4, 15.5, 15.5.1, 15.6, 15.7, 16.1, 16.1.1, 16.2, 16.3, 16.4, 16.5, 16.6, 16.7, 16.8, 16.9, 16.10, 16.11, 16.12, 16.13, 16.13.1, 16.14, 16.15, 17.1, 17.2, 17.3, 17.5, 17.6, 17.7, 17.8, 17.9, 18.1, 18.2, 18.3, 18.4, 18.5, 18.5.1, 18.6, 19.1, 19.2, 19.3 | 154: прямые маркеры не найдены;144: 1.2, 1.4, 1.9, 2, 3.4, 5, 5.1, 5.1.2, 5.2.1, 5.7, 10.1, 10.1.1, 12.13, 13.4, 13.6, 14.3, 14.3.1, 14.3.2, 15.4, 15.6, 16.1.1, 16.12, 16.14, 17.1, 17.2, 17.3, 17.6, 17.8, 18.2 | 154: 4, 5;144: 1, 1.1, 1.2, 1.7, 1.8, 1.9, 2, 2.1, 2.2, 3, 3.4, 3.5, 3.6, 4.5, 5, 5.2, 5.2.1, 5.5, 5.6, 5.8, 5.9, 9.2, 11.7, 12.2, 13.6, 14.2, 15.2, 17.3, 17.5, 19.3 | 154: 2;"Тематическая навигация. Конкретные выводы — в обзоре источников и пояснениях; наличие маркера не доказывает коллизию, отсутствие не доказывает ее отсутствие."
144.txt;155.txt;"ACT. 003; ACT. 010";144: 5.5, 7.2, 9.2, 12.2, 12.12, 14.1, 15.1, 15.1.1, 15.3 | 155: 4, 5, 6, 13, 14.2, 15, 19, 20, 22.2, 23, 24, 27, 28;144: 1, 1.1, 1.3, 1.4, 1.5, 1.6, 1.7, 1.8, 1.9, 1.11, 2, 2.1, 2.6, 3, 3.2, 3.4, 3.5, 3.6, 3.7, 4.1, 4.2, 4.4, 4.5, 5, 5.1, 5.1.2, 5.2, 5.2.1, 5.3, 5.4, 5.5, 5.6, 5.7, 5.8, 5.9, 6.1, 6.2, 6.3, 6.6, 6.7, 7.1, 7.1.1, 7.2, 7.3, 7.4, 8.1, 8.2, 8.3, 9.1, 9.2, 10.1, 10.1.1, 10.2, 10.2.1, 10.3, 10.4, 10.5, 10.5.1, 10.6, 10.7, 10.8, 11.1, 11.2, 11.3, 11.4, 11.5, 11.6, 11.7, 12.1, 12.1.1, 12.1.2, 12.2, 12.3, 12.4, 12.5, 12.6, 12.6.1, 12.7, 12.8, 12.8.1, 12.9, 12.10, 12.10.1, 12.11, 12.12, 12.13, 13.1, 13.2, 13.2.1, 13.3, 13.4, 13.6, 14.1, 14.2, 14.2.1, 14.3, 14.3.1, 14.3.2, 15.1, 15.1.1, 15.2, 15.3, 15.4, 15.5, 15.5.1, 15.6, 15.7, 16.1, 16.1.1, 16.2, 16.3, 16.4, 16.5, 16.6, 16.7, 16.8, 16.9, 16.10, 16.11, 16.12, 16.13, 16.13.1, 16.14, 16.15, 17.1, 17.2, 17.3, 17.5, 17.6, 17.7, 17.8, 17.9, 18.1, 18.2, 18.3, 18.4, 18.5, 18.5.1, 18.6, 19.1, 19.2, 19.3 | 155: 6, 18, 26, 29;144: 1.2, 1.4, 1.9, 2, 3.4, 5, 5.1, 5.1.2, 5.2.1, 5.7, 10.1, 10.1.1, 12.13, 13.4, 13.6, 14.3, 14.3.1, 14.3.2, 15.4, 15.6, 16.1.1, 16.12, 16.14, 17.1, 17.2, 17.3, 17.6, 17.8, 18.2 | 155: 3, 8, 9, 10, 13, 15, 16, 18, 19, 20, 23, 25, 26, 28, 29, 30;144: 1, 1.1, 1.2, 1.7, 1.8, 1.9, 2, 2.1, 2.2, 3, 3.4, 3.5, 3.6, 4.5, 5, 5.2, 5.2.1, 5.5, 5.6, 5.8, 5.9, 9.2, 11.7, 12.2, 13.6, 14.2, 15.2, 17.3, 17.5, 19.3 | 155: 2, 27, 28, 29;"Тематическая навигация. Конкретные выводы — в обзоре источников и пояснениях; наличие маркера не доказывает коллизию, отсутствие не доказывает ее отсутствие."
144.txt;156.txt;"ACT. 003; ACT. 007";144: 5.5, 7.2, 9.2, 12.2, 12.12, 14.1, 15.1, 15.1.1, 15.3 | 156: 1, 4, 7, 8, 9, 10, 13, 14, 16, 17, 18, 19, 20, 21, 21.1, 21.2, 21.3, 23, 27;144: 1, 1.1, 1.3, 1.4, 1.5, 1.6, 1.7, 1.8, 1.9, 1.11, 2, 2.1, 2.6, 3, 3.2, 3.4, 3.5, 3.6, 3.7, 4.1, 4.2, 4.4, 4.5, 5, 5.1, 5.1.2, 5.2, 5.2.1, 5.3, 5.4, 5.5, 5.6, 5.7, 5.8, 5.9, 6.1, 6.2, 6.3, 6.6, 6.7, 7.1, 7.1.1, 7.2, 7.3, 7.4, 8.1, 8.2, 8.3, 9.1, 9.2, 10.1, 10.1.1, 10.2, 10.2.1, 10.3, 10.4, 10.5, 10.5.1, 10.6, 10.7, 10.8, 11.1, 11.2, 11.3, 11.4, 11.5, 11.6, 11.7, 12.1, 12.1.1, 12.1.2, 12.2, 12.3, 12.4, 12.5, 12.6, 12.6.1, 12.7, 12.8, 12.8.1, 12.9, 12.10, 12.10.1, 12.11, 12.12, 12.13, 13.1, 13.2, 13.2.1, 13.3, 13.4, 13.6, 14.1, 14.2, 14.2.1, 14.3, 14.3.1, 14.3.2, 15.1, 15.1.1, 15.2, 15.3, 15.4, 15.5, 15.5.1, 15.6, 15.7, 16.1, 16.1.1, 16.2, 16.3, 16.4, 16.5, 16.6, 16.7, 16.8, 16.9, 16.10, 16.11, 16.12, 16.13, 16.13.1, 16.14, 16.15, 17.1, 17.2, 17.3, 17.5, 17.6, 17.7, 17.8, 17.9, 18.1, 18.2, 18.3, 18.4, 18.5, 18.5.1, 18.6, 19.1, 19.2, 19.3 | 156: 10, 13, 20, 21.2, 21.4, 24, 28;144: 1.2, 1.4, 1.9, 2, 3.4, 5, 5.1, 5.1.2, 5.2.1, 5.7, 10.1, 10.1.1, 12.13, 13.4, 13.6, 14.3, 14.3.1, 14.3.2, 15.4, 15.6, 16.1.1, 16.12, 16.14, 17.1, 17.2, 17.3, 17.6, 17.8, 18.2 | 156: 4, 6, 7, 8, 9, 13, 14, 17, 18, 19, 21.1, 21.2, 21.4, 21.5, 23, 24, 28;144: 1, 1.1, 1.2, 1.7, 1.8, 1.9, 2, 2.1, 2.2, 3, 3.4, 3.5, 3.6, 4.5, 5, 5.2, 5.2.1, 5.5, 5.6, 5.8, 5.9, 9.2, 11.7, 12.2, 13.6, 14.2, 15.2, 17.3, 17.5, 19.3 | 156: 2, 7, 9, 10, 21.1;"Тематическая навигация. Конкретные выводы — в обзоре источников и пояснениях; наличие маркера не доказывает коллизию, отсутствие не доказывает ее отсутствие."
144.txt;157.txt;ACT. 003;144: 5.5, 7.2, 9.2, 12.2, 12.12, 14.1, 15.1, 15.1.1, 15.3 | 157: 1, 3, 6, 7, 8, 11, 12, 13;144: 1, 1.1, 1.3, 1.4, 1.5, 1.6, 1.7, 1.8, 1.9, 1.11, 2, 2.1, 2.6, 3, 3.2, 3.4, 3.5, 3.6, 3.7, 4.1, 4.2, 4.4, 4.5, 5, 5.1, 5.1.2, 5.2, 5.2.1, 5.3, 5.4, 5.5, 5.6, 5.7, 5.8, 5.9, 6.1, 6.2, 6.3, 6.6, 6.7, 7.1, 7.1.1, 7.2, 7.3, 7.4, 8.1, 8.2, 8.3, 9.1, 9.2, 10.1, 10.1.1, 10.2, 10.2.1, 10.3, 10.4, 10.5, 10.5.1, 10.6, 10.7, 10.8, 11.1, 11.2, 11.3, 11.4, 11.5, 11.6, 11.7, 12.1, 12.1.1, 12.1.2, 12.2, 12.3, 12.4, 12.5, 12.6, 12.6.1, 12.7, 12.8, 12.8.1, 12.9, 12.10, 12.10.1, 12.11, 12.12, 12.13, 13.1, 13.2, 13.2.1, 13.3, 13.4, 13.6, 14.1, 14.2, 14.2.1, 14.3, 14.3.1, 14.3.2, 15.1, 15.1.1, 15.2, 15.3, 15.4, 15.5, 15.5.1, 15.6, 15.7, 16.1, 16.1.1, 16.2, 16.3, 16.4, 16.5, 16.6, 16.7, 16.8, 16.9, 16.10, 16.11, 16.12, 16.13, 16.13.1, 16.14, 16.15, 17.1, 17.2, 17.3, 17.5, 17.6, 17.7, 17.8, 17.9, 18.1, 18.2, 18.3, 18.4, 18.5, 18.5.1, 18.6, 19.1, 19.2, 19.3 | 157: 10, 15;144: 1.2, 1.4, 1.9, 2, 3.4, 5, 5.1, 5.1.2, 5.2.1, 5.7, 10.1, 10.1.1, 12.13, 13.4, 13.6, 14.3, 14.3.1, 14.3.2, 15.4, 15.6, 16.1.1, 16.12, 16.14, 17.1, 17.2, 17.3, 17.6, 17.8, 18.2 | 157: 1, 4, 5, 6, 7, 7.1, 8, 10, 12, 14, 15;144: 1, 1.1, 1.2, 1.7, 1.8, 1.9, 2, 2.1, 2.2, 3, 3.4, 3.5, 3.6, 4.5, 5, 5.2, 5.2.1, 5.5, 5.6, 5.8, 5.9, 9.2, 11.7, 12.2, 13.6, 14.2, 15.2, 17.3, 17.5, 19.3 | 157: 1, 3, 4;"Тематическая навигация. Конкретные выводы — в обзоре источников и пояснениях; наличие маркера не доказывает коллизию, отсутствие не доказывает ее отсутствие."
144.txt;158.txt;"ACT. 003; ACT. 008; ACT. 010";144: 5.5, 7.2, 9.2, 12.2, 12.12, 14.1, 15.1, 15.1.1, 15.3 | 158: 1, 2, 5, 7, 9, 10, 11, 12, 13, 19, 19.1, 20, 20.1, 21, 21.1;144: 1, 1.1, 1.3, 1.4, 1.5, 1.6, 1.7, 1.8, 1.9, 1.11, 2, 2.1, 2.6, 3, 3.2, 3.4, 3.5, 3.6, 3.7, 4.1, 4.2, 4.4, 4.5, 5, 5.1, 5.1.2, 5.2, 5.2.1, 5.3, 5.4, 5.5, 5.6, 5.7, 5.8, 5.9, 6.1, 6.2, 6.3, 6.6, 6.7, 7.1, 7.1.1, 7.2, 7.3, 7.4, 8.1, 8.2, 8.3, 9.1, 9.2, 10.1, 10.1.1, 10.2, 10.2.1, 10.3, 10.4, 10.5, 10.5.1, 10.6, 10.7, 10.8, 11.1, 11.2, 11.3, 11.4, 11.5, 11.6, 11.7, 12.1, 12.1.1, 12.1.2, 12.2, 12.3, 12.4, 12.5, 12.6, 12.6.1, 12.7, 12.8, 12.8.1, 12.9, 12.10, 12.10.1, 12.11, 12.12, 12.13, 13.1, 13.2, 13.2.1, 13.3, 13.4, 13.6, 14.1, 14.2, 14.2.1, 14.3, 14.3.1, 14.3.2, 15.1, 15.1.1, 15.2, 15.3, 15.4, 15.5, 15.5.1, 15.6, 15.7, 16.1, 16.1.1, 16.2, 16.3, 16.4, 16.5, 16.6, 16.7, 16.8, 16.9, 16.10, 16.11, 16.12, 16.13, 16.13.1, 16.14, 16.15, 17.1, 17.2, 17.3, 17.5, 17.6, 17.7, 17.8, 17.9, 18.1, 18.2, 18.3, 18.4, 18.5, 18.5.1, 18.6, 19.1, 19.2, 19.3 | 158: 3, 5, 10, 18, 23, 26, 27;144: 1.2, 1.4, 1.9, 2, 3.4, 5, 5.1, 5.1.2, 5.2.1, 5.7, 10.1, 10.1.1, 12.13, 13.4, 13.6, 14.3, 14.3.1, 14.3.2, 15.4, 15.6, 16.1.1, 16.12, 16.14, 17.1, 17.2, 17.3, 17.6, 17.8, 18.2 | 158: 2, 4, 7, 10, 12, 14, 15, 21, 25, 27;144: 1, 1.1, 1.2, 1.7, 1.8, 1.9, 2, 2.1, 2.2, 3, 3.4, 3.5, 3.6, 4.5, 5, 5.2, 5.2.1, 5.5, 5.6, 5.8, 5.9, 9.2, 11.7, 12.2, 13.6, 14.2, 15.2, 17.3, 17.5, 19.3 | 158: 3, 23, 27;"Тематическая навигация. Конкретные выводы — в обзоре источников и пояснениях; наличие маркера не доказывает коллизию, отсутствие не доказывает ее отсутствие."
144.txt;159.txt;ACT. 003;144: 5.5, 7.2, 9.2, 12.2, 12.12, 14.1, 15.1, 15.1.1, 15.3 | 159: 1, 3, 4, 5, 8, 9, 11, 12, 13, 14, 15, 17, 18, 19, 20, 21, 22, 23, 24, 25, 26, 27, 28, 29, 30, 31, 32, 33, 34, 35, 36, 37;144: 1, 1.1, 1.3, 1.4, 1.5, 1.6, 1.7, 1.8, 1.9, 1.11, 2, 2.1, 2.6, 3, 3.2, 3.4, 3.5, 3.6, 3.7, 4.1, 4.2, 4.4, 4.5, 5, 5.1, 5.1.2, 5.2, 5.2.1, 5.3, 5.4, 5.5, 5.6, 5.7, 5.8, 5.9, 6.1, 6.2, 6.3, 6.6, 6.7, 7.1, 7.1.1, 7.2, 7.3, 7.4, 8.1, 8.2, 8.3, 9.1, 9.2, 10.1, 10.1.1, 10.2, 10.2.1, 10.3, 10.4, 10.5, 10.5.1, 10.6, 10.7, 10.8, 11.1, 11.2, 11.3, 11.4, 11.5, 11.6, 11.7, 12.1, 12.1.1, 12.1.2, 12.2, 12.3, 12.4, 12.5, 12.6, 12.6.1, 12.7, 12.8, 12.8.1, 12.9, 12.10, 12.10.1, 12.11, 12.12, 12.13, 13.1, 13.2, 13.2.1, 13.3, 13.4, 13.6, 14.1, 14.2, 14.2.1, 14.3, 14.3.1, 14.3.2, 15.1, 15.1.1, 15.2, 15.3, 15.4, 15.5, 15.5.1, 15.6, 15.7, 16.1, 16.1.1, 16.2, 16.3, 16.4, 16.5, 16.6, 16.7, 16.8, 16.9, 16.10, 16.11, 16.12, 16.13, 16.13.1, 16.14, 16.15, 17.1, 17.2, 17.3, 17.5, 17.6, 17.7, 17.8, 17.9, 18.1, 18.2, 18.3, 18.4, 18.5, 18.5.1, 18.6, 19.1, 19.2, 19.3 | 159: 5, 8, 14, 28, 30, 33;144: 1.2, 1.4, 1.9, 2, 3.4, 5, 5.1, 5.1.2, 5.2.1, 5.7, 10.1, 10.1.1, 12.13, 13.4, 13.6, 14.3, 14.3.1, 14.3.2, 15.4, 15.6, 16.1.1, 16.12, 16.14, 17.1, 17.2, 17.3, 17.6, 17.8, 18.2 | 159: 3, 5, 6, 7, 8, 9, 11, 12, 13, 14, 15, 16, 17, 20, 21, 22, 23, 25, 26, 27, 28, 29, 30, 31, 32, 33, 34, 35, 36, 37;144: 1, 1.1, 1.2, 1.7, 1.8, 1.9, 2, 2.1, 2.2, 3, 3.4, 3.5, 3.6, 4.5, 5, 5.2, 5.2.1, 5.5, 5.6, 5.8, 5.9, 9.2, 11.7, 12.2, 13.6, 14.2, 15.2, 17.3, 17.5, 19.3 | 159: 5, 6, 8, 9, 23, 29, 31, 35, 36;"Тематическая навигация. Конкретные выводы — в обзоре источников и пояснениях; наличие маркера не доказывает коллизию, отсутствие не доказывает ее отсутствие."
144.txt;160.txt;ACT. 012;144: 5.5, 7.2, 9.2, 12.2, 12.12, 14.1, 15.1, 15.1.1, 15.3 | 160: 25, 26;144: 1, 1.1, 1.3, 1.4, 1.5, 1.6, 1.7, 1.8, 1.9, 1.11, 2, 2.1, 2.6, 3, 3.2, 3.4, 3.5, 3.6, 3.7, 4.1, 4.2, 4.4, 4.5, 5, 5.1, 5.1.2, 5.2, 5.2.1, 5.3, 5.4, 5.5, 5.6, 5.7, 5.8, 5.9, 6.1, 6.2, 6.3, 6.6, 6.7, 7.1, 7.1.1, 7.2, 7.3, 7.4, 8.1, 8.2, 8.3, 9.1, 9.2, 10.1, 10.1.1, 10.2, 10.2.1, 10.3, 10.4, 10.5, 10.5.1, 10.6, 10.7, 10.8, 11.1, 11.2, 11.3, 11.4, 11.5, 11.6, 11.7, 12.1, 12.1.1, 12.1.2, 12.2, 12.3, 12.4, 12.5, 12.6, 12.6.1, 12.7, 12.8, 12.8.1, 12.9, 12.10, 12.10.1, 12.11, 12.12, 12.13, 13.1, 13.2, 13.2.1, 13.3, 13.4, 13.6, 14.1, 14.2, 14.2.1, 14.3, 14.3.1, 14.3.2, 15.1, 15.1.1, 15.2, 15.3, 15.4, 15.5, 15.5.1, 15.6, 15.7, 16.1, 16.1.1, 16.2, 16.3, 16.4, 16.5, 16.6, 16.7, 16.8, 16.9, 16.10, 16.11, 16.12, 16.13, 16.13.1, 16.14, 16.15, 17.1, 17.2, 17.3, 17.5, 17.6, 17.7, 17.8, 17.9, 18.1, 18.2, 18.3, 18.4, 18.5, 18.5.1, 18.6, 19.1, 19.2, 19.3 | 160: 29, 30, 31, 32;144: 1.2, 1.4, 1.9, 2, 3.4, 5, 5.1, 5.1.2, 5.2.1, 5.7, 10.1, 10.1.1, 12.13, 13.4, 13.6, 14.3, 14.3.1, 14.3.2, 15.4, 15.6, 16.1.1, 16.12, 16.14, 17.1, 17.2, 17.3, 17.6, 17.8, 18.2 | 160: 7, 9, 16, 18, 19;144: 1, 1.1, 1.2, 1.7, 1.8, 1.9, 2, 2.1, 2.2, 3, 3.4, 3.5, 3.6, 4.5, 5, 5.2, 5.2.1, 5.5, 5.6, 5.8, 5.9, 9.2, 11.7, 12.2, 13.6, 14.2, 15.2, 17.3, 17.5, 19.3 | 160: прямые маркеры не найдены;"Тематическая навигация. Конкретные выводы — в обзоре источников и пояснениях; наличие маркера не доказывает коллизию, отсутствие не доказывает ее отсутствие."
144.txt;161.txt;ACT. 012;144: 5.5, 7.2, 9.2, 12.2, 12.12, 14.1, 15.1, 15.1.1, 15.3 | 161: 7, 13, 21, 29, 29.1, 37, 38, 40;144: 1, 1.1, 1.3, 1.4, 1.5, 1.6, 1.7, 1.8, 1.9, 1.11, 2, 2.1, 2.6, 3, 3.2, 3.4, 3.5, 3.6, 3.7, 4.1, 4.2, 4.4, 4.5, 5, 5.1, 5.1.2, 5.2, 5.2.1, 5.3, 5.4, 5.5, 5.6, 5.7, 5.8, 5.9, 6.1, 6.2, 6.3, 6.6, 6.7, 7.1, 7.1.1, 7.2, 7.3, 7.4, 8.1, 8.2, 8.3, 9.1, 9.2, 10.1, 10.1.1, 10.2, 10.2.1, 10.3, 10.4, 10.5, 10.5.1, 10.6, 10.7, 10.8, 11.1, 11.2, 11.3, 11.4, 11.5, 11.6, 11.7, 12.1, 12.1.1, 12.1.2, 12.2, 12.3, 12.4, 12.5, 12.6, 12.6.1, 12.7, 12.8, 12.8.1, 12.9, 12.10, 12.10.1, 12.11, 12.12, 12.13, 13.1, 13.2, 13.2.1, 13.3, 13.4, 13.6, 14.1, 14.2, 14.2.1, 14.3, 14.3.1, 14.3.2, 15.1, 15.1.1, 15.2, 15.3, 15.4, 15.5, 15.5.1, 15.6, 15.7, 16.1, 16.1.1, 16.2, 16.3, 16.4, 16.5, 16.6, 16.7, 16.8, 16.9, 16.10, 16.11, 16.12, 16.13, 16.13.1, 16.14, 16.15, 17.1, 17.2, 17.3, 17.5, 17.6, 17.7, 17.8, 17.9, 18.1, 18.2, 18.3, 18.4, 18.5, 18.5.1, 18.6, 19.1, 19.2, 19.3 | 161: 23, 41;144: 1.2, 1.4, 1.9, 2, 3.4, 5, 5.1, 5.1.2, 5.2.1, 5.7, 10.1, 10.1.1, 12.13, 13.4, 13.6, 14.3, 14.3.1, 14.3.2, 15.4, 15.6, 16.1.1, 16.12, 16.14, 17.1, 17.2, 17.3, 17.6, 17.8, 18.2 | 161: 10, 11, 13, 15, 16, 16.1, 16.2, 18, 18.1, 21, 24, 25, 28, 32.1, 33.1, 35, 37, 42;144: 1, 1.1, 1.2, 1.7, 1.8, 1.9, 2, 2.1, 2.2, 3, 3.4, 3.5, 3.6, 4.5, 5, 5.2, 5.2.1, 5.5, 5.6, 5.8, 5.9, 9.2, 11.7, 12.2, 13.6, 14.2, 15.2, 17.3, 17.5, 19.3 | 161: 1, 3, 37;"Тематическая навигация. Конкретные выводы — в обзоре источников и пояснениях; наличие маркера не доказывает коллизию, отсутствие не доказывает ее отсутствие."
144.txt;162.txt;"ACT. 005; ACT. 007";144: 5.5, 7.2, 9.2, 12.2, 12.12, 14.1, 15.1, 15.1.1, 15.3 | 162: 4, 7;144: 1, 1.1, 1.3, 1.4, 1.5, 1.6, 1.7, 1.8, 1.9, 1.11, 2, 2.1, 2.6, 3, 3.2, 3.4, 3.5, 3.6, 3.7, 4.1, 4.2, 4.4, 4.5, 5, 5.1, 5.1.2, 5.2, 5.2.1, 5.3, 5.4, 5.5, 5.6, 5.7, 5.8, 5.9, 6.1, 6.2, 6.3, 6.6, 6.7, 7.1, 7.1.1, 7.2, 7.3, 7.4, 8.1, 8.2, 8.3, 9.1, 9.2, 10.1, 10.1.1, 10.2, 10.2.1, 10.3, 10.4, 10.5, 10.5.1, 10.6, 10.7, 10.8, 11.1, 11.2, 11.3, 11.4, 11.5, 11.6, 11.7, 12.1, 12.1.1, 12.1.2, 12.2, 12.3, 12.4, 12.5, 12.6, 12.6.1, 12.7, 12.8, 12.8.1, 12.9, 12.10, 12.10.1, 12.11, 12.12, 12.13, 13.1, 13.2, 13.2.1, 13.3, 13.4, 13.6, 14.1, 14.2, 14.2.1, 14.3, 14.3.1, 14.3.2, 15.1, 15.1.1, 15.2, 15.3, 15.4, 15.5, 15.5.1, 15.6, 15.7, 16.1, 16.1.1, 16.2, 16.3, 16.4, 16.5, 16.6, 16.7, 16.8, 16.9, 16.10, 16.11, 16.12, 16.13, 16.13.1, 16.14, 16.15, 17.1, 17.2, 17.3, 17.5, 17.6, 17.7, 17.8, 17.9, 18.1, 18.2, 18.3, 18.4, 18.5, 18.5.1, 18.6, 19.1, 19.2, 19.3 | 162: 3, 4, 9;144: 1.2, 1.4, 1.9, 2, 3.4, 5, 5.1, 5.1.2, 5.2.1, 5.7, 10.1, 10.1.1, 12.13, 13.4, 13.6, 14.3, 14.3.1, 14.3.2, 15.4, 15.6, 16.1.1, 16.12, 16.14, 17.1, 17.2, 17.3, 17.6, 17.8, 18.2 | 162: 1, 3, 6, 7;144: 1, 1.1, 1.2, 1.7, 1.8, 1.9, 2, 2.1, 2.2, 3, 3.4, 3.5, 3.6, 4.5, 5, 5.2, 5.2.1, 5.5, 5.6, 5.8, 5.9, 9.2, 11.7, 12.2, 13.6, 14.2, 15.2, 17.3, 17.5, 19.3 | 162: 4, 5, 6, 9;"Тематическая навигация. Конкретные выводы — в обзоре источников и пояснениях; наличие маркера не доказывает коллизию, отсутствие не доказывает ее отсутствие."
144.txt;163.txt;ACT. 001 — общие правила соотношения актов;144: 5.5, 7.2, 9.2, 12.2, 12.12, 14.1, 15.1, 15.1.1, 15.3 | 163: Главы I–III;144: 1, 1.1, 1.3, 1.4, 1.5, 1.6, 1.7, 1.8, 1.9, 1.11, 2, 2.1, 2.6, 3, 3.2, 3.4, 3.5, 3.6, 3.7, 4.1, 4.2, 4.4, 4.5, 5, 5.1, 5.1.2, 5.2, 5.2.1, 5.3, 5.4, 5.5, 5.6, 5.7, 5.8, 5.9, 6.1, 6.2, 6.3, 6.6, 6.7, 7.1, 7.1.1, 7.2, 7.3, 7.4, 8.1, 8.2, 8.3, 9.1, 9.2, 10.1, 10.1.1, 10.2, 10.2.1, 10.3, 10.4, 10.5, 10.5.1, 10.6, 10.7, 10.8, 11.1, 11.2, 11.3, 11.4, 11.5, 11.6, 11.7, 12.1, 12.1.1, 12.1.2, 12.2, 12.3, 12.4, 12.5, 12.6, 12.6.1, 12.7, 12.8, 12.8.1, 12.9, 12.10, 12.10.1, 12.11, 12.12, 12.13, 13.1, 13.2, 13.2.1, 13.3, 13.4, 13.6, 14.1, 14.2, 14.2.1, 14.3, 14.3.1, 14.3.2, 15.1, 15.1.1, 15.2, 15.3, 15.4, 15.5, 15.5.1, 15.6, 15.7, 16.1, 16.1.1, 16.2, 16.3, 16.4, 16.5, 16.6, 16.7, 16.8, 16.9, 16.10, 16.11, 16.12, 16.13, 16.13.1, 16.14, 16.15, 17.1, 17.2, 17.3, 17.5, 17.6, 17.7, 17.8, 17.9, 18.1, 18.2, 18.3, 18.4, 18.5, 18.5.1, 18.6, 19.1, 19.2, 19.3 | 163: Главы I–III;144: 1.2, 1.4, 1.9, 2, 3.4, 5, 5.1, 5.1.2, 5.2.1, 5.7, 10.1, 10.1.1, 12.13, 13.4, 13.6, 14.3, 14.3.1, 14.3.2, 15.4, 15.6, 16.1.1, 16.12, 16.14, 17.1, 17.2, 17.3, 17.6, 17.8, 18.2 | 163: Главы I–III;144: 1, 1.1, 1.2, 1.7, 1.8, 1.9, 2, 2.1, 2.2, 3, 3.4, 3.5, 3.6, 4.5, 5, 5.2, 5.2.1, 5.5, 5.6, 5.8, 5.9, 9.2, 11.7, 12.2, 13.6, 14.2, 15.2, 17.3, 17.5, 19.3 | 163: Главы I–III;"Тематическая навигация. Конкретные выводы — в обзоре источников и пояснениях; наличие маркера не доказывает коллизию, отсутствие не доказывает ее отсутствие."
144.txt;164.txt;"ACT. 003; ACT. 010; ACT. 014";144: 5.5, 7.2, 9.2, 12.2, 12.12, 14.1, 15.1, 15.1.1, 15.3 | 164: прямые маркеры не найдены;144: 1, 1.1, 1.3, 1.4, 1.5, 1.6, 1.7, 1.8, 1.9, 1.11, 2, 2.1, 2.6, 3, 3.2, 3.4, 3.5, 3.6, 3.7, 4.1, 4.2, 4.4, 4.5, 5, 5.1, 5.1.2, 5.2, 5.2.1, 5.3, 5.4, 5.5, 5.6, 5.7, 5.8, 5.9, 6.1, 6.2, 6.3, 6.6, 6.7, 7.1, 7.1.1, 7.2, 7.3, 7.4, 8.1, 8.2, 8.3, 9.1, 9.2, 10.1, 10.1.1, 10.2, 10.2.1, 10.3, 10.4, 10.5, 10.5.1, 10.6, 10.7, 10.8, 11.1, 11.2, 11.3, 11.4, 11.5, 11.6, 11.7, 12.1, 12.1.1, 12.1.2, 12.2, 12.3, 12.4, 12.5, 12.6, 12.6.1, 12.7, 12.8, 12.8.1, 12.9, 12.10, 12.10.1, 12.11, 12.12, 12.13, 13.1, 13.2, 13.2.1, 13.3, 13.4, 13.6, 14.1, 14.2, 14.2.1, 14.3, 14.3.1, 14.3.2, 15.1, 15.1.1, 15.2, 15.3, 15.4, 15.5, 15.5.1, 15.6, 15.7, 16.1, 16.1.1, 16.2, 16.3, 16.4, 16.5, 16.6, 16.7, 16.8, 16.9, 16.10, 16.11, 16.12, 16.13, 16.13.1, 16.14, 16.15, 17.1, 17.2, 17.3, 17.5, 17.6, 17.7, 17.8, 17.9, 18.1, 18.2, 18.3, 18.4, 18.5, 18.5.1, 18.6, 19.1, 19.2, 19.3 | 164: прямые маркеры не найдены;144: 1.2, 1.4, 1.9, 2, 3.4, 5, 5.1, 5.1.2, 5.2.1, 5.7, 10.1, 10.1.1, 12.13, 13.4, 13.6, 14.3, 14.3.1, 14.3.2, 15.4, 15.6, 16.1.1, 16.12, 16.14, 17.1, 17.2, 17.3, 17.6, 17.8, 18.2 | 164: 1, 4;144: 1, 1.1, 1.2, 1.7, 1.8, 1.9, 2, 2.1, 2.2, 3, 3.4, 3.5, 3.6, 4.5, 5, 5.2, 5.2.1, 5.5, 5.6, 5.8, 5.9, 9.2, 11.7, 12.2, 13.6, 14.2, 15.2, 17.3, 17.5, 19.3 | 164: прямые маркеры не найдены;"Тематическая навигация. Конкретные выводы — в обзоре источников и пояснениях; наличие маркера не доказывает коллизию, отсутствие не доказывает ее отсутствие."
144.txt;165.txt;ACT. 001 — общие правила соотношения актов;144: 5.5, 7.2, 9.2, 12.2, 12.12, 14.1, 15.1, 15.1.1, 15.3 | 165: 12, 14, 21, 22, 23, 24, 26, 27;144: 1, 1.1, 1.3, 1.4, 1.5, 1.6, 1.7, 1.8, 1.9, 1.11, 2, 2.1, 2.6, 3, 3.2, 3.4, 3.5, 3.6, 3.7, 4.1, 4.2, 4.4, 4.5, 5, 5.1, 5.1.2, 5.2, 5.2.1, 5.3, 5.4, 5.5, 5.6, 5.7, 5.8, 5.9, 6.1, 6.2, 6.3, 6.6, 6.7, 7.1, 7.1.1, 7.2, 7.3, 7.4, 8.1, 8.2, 8.3, 9.1, 9.2, 10.1, 10.1.1, 10.2, 10.2.1, 10.3, 10.4, 10.5, 10.5.1, 10.6, 10.7, 10.8, 11.1, 11.2, 11.3, 11.4, 11.5, 11.6, 11.7, 12.1, 12.1.1, 12.1.2, 12.2, 12.3, 12.4, 12.5, 12.6, 12.6.1, 12.7, 12.8, 12.8.1, 12.9, 12.10, 12.10.1, 12.11, 12.12, 12.13, 13.1, 13.2, 13.2.1, 13.3, 13.4, 13.6, 14.1, 14.2, 14.2.1, 14.3, 14.3.1, 14.3.2, 15.1, 15.1.1, 15.2, 15.3, 15.4, 15.5, 15.5.1, 15.6, 15.7, 16.1, 16.1.1, 16.2, 16.3, 16.4, 16.5, 16.6, 16.7, 16.8, 16.9, 16.10, 16.11, 16.12, 16.13, 16.13.1, 16.14, 16.15, 17.1, 17.2, 17.3, 17.5, 17.6, 17.7, 17.8, 17.9, 18.1, 18.2, 18.3, 18.4, 18.5, 18.5.1, 18.6, 19.1, 19.2, 19.3 | 165: 22, 27;144: 1.2, 1.4, 1.9, 2, 3.4, 5, 5.1, 5.1.2, 5.2.1, 5.7, 10.1, 10.1.1, 12.13, 13.4, 13.6, 14.3, 14.3.1, 14.3.2, 15.4, 15.6, 16.1.1, 16.12, 16.14, 17.1, 17.2, 17.3, 17.6, 17.8, 18.2 | 165: 2.1, 5, 6, 9, 10, 22, 24, 26, 28, 31, 33;144: 1, 1.1, 1.2, 1.7, 1.8, 1.9, 2, 2.1, 2.2, 3, 3.4, 3.5, 3.6, 4.5, 5, 5.2, 5.2.1, 5.5, 5.6, 5.8, 5.9, 9.2, 11.7, 12.2, 13.6, 14.2, 15.2, 17.3, 17.5, 19.3 | 165: 4, 8, 11, 14, 21, 22, 24, 25, 26, 30;"Тематическая навигация. Конкретные выводы — в обзоре источников и пояснениях; наличие маркера не доказывает коллизию, отсутствие не доказывает ее отсутствие."
144.txt;166.txt;"ACT. 003; ACT. 007; ACT. 008; ACT. 012";144: 5.5, 7.2, 9.2, 12.2, 12.12, 14.1, 15.1, 15.1.1, 15.3 | 166: 12, 13, 14, 25, 27, 28;144: 1, 1.1, 1.3, 1.4, 1.5, 1.6, 1.7, 1.8, 1.9, 1.11, 2, 2.1, 2.6, 3, 3.2, 3.4, 3.5, 3.6, 3.7, 4.1, 4.2, 4.4, 4.5, 5, 5.1, 5.1.2, 5.2, 5.2.1, 5.3, 5.4, 5.5, 5.6, 5.7, 5.8, 5.9, 6.1, 6.2, 6.3, 6.6, 6.7, 7.1, 7.1.1, 7.2, 7.3, 7.4, 8.1, 8.2, 8.3, 9.1, 9.2, 10.1, 10.1.1, 10.2, 10.2.1, 10.3, 10.4, 10.5, 10.5.1, 10.6, 10.7, 10.8, 11.1, 11.2, 11.3, 11.4, 11.5, 11.6, 11.7, 12.1, 12.1.1, 12.1.2, 12.2, 12.3, 12.4, 12.5, 12.6, 12.6.1, 12.7, 12.8, 12.8.1, 12.9, 12.10, 12.10.1, 12.11, 12.12, 12.13, 13.1, 13.2, 13.2.1, 13.3, 13.4, 13.6, 14.1, 14.2, 14.2.1, 14.3, 14.3.1, 14.3.2, 15.1, 15.1.1, 15.2, 15.3, 15.4, 15.5, 15.5.1, 15.6, 15.7, 16.1, 16.1.1, 16.2, 16.3, 16.4, 16.5, 16.6, 16.7, 16.8, 16.9, 16.10, 16.11, 16.12, 16.13, 16.13.1, 16.14, 16.15, 17.1, 17.2, 17.3, 17.5, 17.6, 17.7, 17.8, 17.9, 18.1, 18.2, 18.3, 18.4, 18.5, 18.5.1, 18.6, 19.1, 19.2, 19.3 | 166: 3, 9, 11, 11.1, 17, 27, 28;144: 1.2, 1.4, 1.9, 2, 3.4, 5, 5.1, 5.1.2, 5.2.1, 5.7, 10.1, 10.1.1, 12.13, 13.4, 13.6, 14.3, 14.3.1, 14.3.2, 15.4, 15.6, 16.1.1, 16.12, 16.14, 17.1, 17.2, 17.3, 17.6, 17.8, 18.2 | 166: 9, 10, 19, 22;144: 1, 1.1, 1.2, 1.7, 1.8, 1.9, 2, 2.1, 2.2, 3, 3.4, 3.5, 3.6, 4.5, 5, 5.2, 5.2.1, 5.5, 5.6, 5.8, 5.9, 9.2, 11.7, 12.2, 13.6, 14.2, 15.2, 17.3, 17.5, 19.3 | 166: 2, 10, 19;"Тематическая навигация. Конкретные выводы — в обзоре источников и пояснениях; наличие маркера не доказывает коллизию, отсутствие не доказывает ее отсутствие."
144.txt;167.txt;ACT. 003;144: 5.5, 7.2, 9.2, 12.2, 12.12, 14.1, 15.1, 15.1.1, 15.3 | 167: 4, 5, 10, 11, 13;144: 1, 1.1, 1.3, 1.4, 1.5, 1.6, 1.7, 1.8, 1.9, 1.11, 2, 2.1, 2.6, 3, 3.2, 3.4, 3.5, 3.6, 3.7, 4.1, 4.2, 4.4, 4.5, 5, 5.1, 5.1.2, 5.2, 5.2.1, 5.3, 5.4, 5.5, 5.6, 5.7, 5.8, 5.9, 6.1, 6.2, 6.3, 6.6, 6.7, 7.1, 7.1.1, 7.2, 7.3, 7.4, 8.1, 8.2, 8.3, 9.1, 9.2, 10.1, 10.1.1, 10.2, 10.2.1, 10.3, 10.4, 10.5, 10.5.1, 10.6, 10.7, 10.8, 11.1, 11.2, 11.3, 11.4, 11.5, 11.6, 11.7, 12.1, 12.1.1, 12.1.2, 12.2, 12.3, 12.4, 12.5, 12.6, 12.6.1, 12.7, 12.8, 12.8.1, 12.9, 12.10, 12.10.1, 12.11, 12.12, 12.13, 13.1, 13.2, 13.2.1, 13.3, 13.4, 13.6, 14.1, 14.2, 14.2.1, 14.3, 14.3.1, 14.3.2, 15.1, 15.1.1, 15.2, 15.3, 15.4, 15.5, 15.5.1, 15.6, 15.7, 16.1, 16.1.1, 16.2, 16.3, 16.4, 16.5, 16.6, 16.7, 16.8, 16.9, 16.10, 16.11, 16.12, 16.13, 16.13.1, 16.14, 16.15, 17.1, 17.2, 17.3, 17.5, 17.6, 17.7, 17.8, 17.9, 18.1, 18.2, 18.3, 18.4, 18.5, 18.5.1, 18.6, 19.1, 19.2, 19.3 | 167: 2, 16;144: 1.2, 1.4, 1.9, 2, 3.4, 5, 5.1, 5.1.2, 5.2.1, 5.7, 10.1, 10.1.1, 12.13, 13.4, 13.6, 14.3, 14.3.1, 14.3.2, 15.4, 15.6, 16.1.1, 16.12, 16.14, 17.1, 17.2, 17.3, 17.6, 17.8, 18.2 | 167: 8, 12;144: 1, 1.1, 1.2, 1.7, 1.8, 1.9, 2, 2.1, 2.2, 3, 3.4, 3.5, 3.6, 4.5, 5, 5.2, 5.2.1, 5.5, 5.6, 5.8, 5.9, 9.2, 11.7, 12.2, 13.6, 14.2, 15.2, 17.3, 17.5, 19.3 | 167: 1, 7;"Тематическая навигация. Конкретные выводы — в обзоре источников и пояснениях; наличие маркера не доказывает коллизию, отсутствие не доказывает ее отсутствие."
144.txt;168.txt;"ACT. 003; ACT. 014";144: 5.5, 7.2, 9.2, 12.2, 12.12, 14.1, 15.1, 15.1.1, 15.3 | 168: 1, 4, 6, 7, 10, 11, 14;144: 1, 1.1, 1.3, 1.4, 1.5, 1.6, 1.7, 1.8, 1.9, 1.11, 2, 2.1, 2.6, 3, 3.2, 3.4, 3.5, 3.6, 3.7, 4.1, 4.2, 4.4, 4.5, 5, 5.1, 5.1.2, 5.2, 5.2.1, 5.3, 5.4, 5.5, 5.6, 5.7, 5.8, 5.9, 6.1, 6.2, 6.3, 6.6, 6.7, 7.1, 7.1.1, 7.2, 7.3, 7.4, 8.1, 8.2, 8.3, 9.1, 9.2, 10.1, 10.1.1, 10.2, 10.2.1, 10.3, 10.4, 10.5, 10.5.1, 10.6, 10.7, 10.8, 11.1, 11.2, 11.3, 11.4, 11.5, 11.6, 11.7, 12.1, 12.1.1, 12.1.2, 12.2, 12.3, 12.4, 12.5, 12.6, 12.6.1, 12.7, 12.8, 12.8.1, 12.9, 12.10, 12.10.1, 12.11, 12.12, 12.13, 13.1, 13.2, 13.2.1, 13.3, 13.4, 13.6, 14.1, 14.2, 14.2.1, 14.3, 14.3.1, 14.3.2, 15.1, 15.1.1, 15.2, 15.3, 15.4, 15.5, 15.5.1, 15.6, 15.7, 16.1, 16.1.1, 16.2, 16.3, 16.4, 16.5, 16.6, 16.7, 16.8, 16.9, 16.10, 16.11, 16.12, 16.13, 16.13.1, 16.14, 16.15, 17.1, 17.2, 17.3, 17.5, 17.6, 17.7, 17.8, 17.9, 18.1, 18.2, 18.3, 18.4, 18.5, 18.5.1, 18.6, 19.1, 19.2, 19.3 | 168: 2, 5, 7, 9, 14, 15;144: 1.2, 1.4, 1.9, 2, 3.4, 5, 5.1, 5.1.2, 5.2.1, 5.7, 10.1, 10.1.1, 12.13, 13.4, 13.6, 14.3, 14.3.1, 14.3.2, 15.4, 15.6, 16.1.1, 16.12, 16.14, 17.1, 17.2, 17.3, 17.6, 17.8, 18.2 | 168: 5, 6, 7, 8, 10, 11, 11.1, 12;144: 1, 1.1, 1.2, 1.7, 1.8, 1.9, 2, 2.1, 2.2, 3, 3.4, 3.5, 3.6, 4.5, 5, 5.2, 5.2.1, 5.5, 5.6, 5.8, 5.9, 9.2, 11.7, 12.2, 13.6, 14.2, 15.2, 17.3, 17.5, 19.3 | 168: 3, 4, 8, 11, 14;"Тематическая навигация. Конкретные выводы — в обзоре источников и пояснениях; наличие маркера не доказывает коллизию, отсутствие не доказывает ее отсутствие."
144.txt;169.txt;ACT. 001 — общие правила соотношения актов;144: 5.5, 7.2, 9.2, 12.2, 12.12, 14.1, 15.1, 15.1.1, 15.3 | 169: 5, 6, 7, 10, 11;144: 1, 1.1, 1.3, 1.4, 1.5, 1.6, 1.7, 1.8, 1.9, 1.11, 2, 2.1, 2.6, 3, 3.2, 3.4, 3.5, 3.6, 3.7, 4.1, 4.2, 4.4, 4.5, 5, 5.1, 5.1.2, 5.2, 5.2.1, 5.3, 5.4, 5.5, 5.6, 5.7, 5.8, 5.9, 6.1, 6.2, 6.3, 6.6, 6.7, 7.1, 7.1.1, 7.2, 7.3, 7.4, 8.1, 8.2, 8.3, 9.1, 9.2, 10.1, 10.1.1, 10.2, 10.2.1, 10.3, 10.4, 10.5, 10.5.1, 10.6, 10.7, 10.8, 11.1, 11.2, 11.3, 11.4, 11.5, 11.6, 11.7, 12.1, 12.1.1, 12.1.2, 12.2, 12.3, 12.4, 12.5, 12.6, 12.6.1, 12.7, 12.8, 12.8.1, 12.9, 12.10, 12.10.1, 12.11, 12.12, 12.13, 13.1, 13.2, 13.2.1, 13.3, 13.4, 13.6, 14.1, 14.2, 14.2.1, 14.3, 14.3.1, 14.3.2, 15.1, 15.1.1, 15.2, 15.3, 15.4, 15.5, 15.5.1, 15.6, 15.7, 16.1, 16.1.1, 16.2, 16.3, 16.4, 16.5, 16.6, 16.7, 16.8, 16.9, 16.10, 16.11, 16.12, 16.13, 16.13.1, 16.14, 16.15, 17.1, 17.2, 17.3, 17.5, 17.6, 17.7, 17.8, 17.9, 18.1, 18.2, 18.3, 18.4, 18.5, 18.5.1, 18.6, 19.1, 19.2, 19.3 | 169: 5, 8;144: 1.2, 1.4, 1.9, 2, 3.4, 5, 5.1, 5.1.2, 5.2.1, 5.7, 10.1, 10.1.1, 12.13, 13.4, 13.6, 14.3, 14.3.1, 14.3.2, 15.4, 15.6, 16.1.1, 16.12, 16.14, 17.1, 17.2, 17.3, 17.6, 17.8, 18.2 | 169: 5, 6, 7, 8, 11;144: 1, 1.1, 1.2, 1.7, 1.8, 1.9, 2, 2.1, 2.2, 3, 3.4, 3.5, 3.6, 4.5, 5, 5.2, 5.2.1, 5.5, 5.6, 5.8, 5.9, 9.2, 11.7, 12.2, 13.6, 14.2, 15.2, 17.3, 17.5, 19.3 | 169: 1, 3, 4, 5;"Тематическая навигация. Конкретные выводы — в обзоре источников и пояснениях; наличие маркера не доказывает коллизию, отсутствие не доказывает ее отсутствие."
144.txt;170.txt;ACT. 008;144: 5.5, 7.2, 9.2, 12.2, 12.12, 14.1, 15.1, 15.1.1, 15.3 | 170: 5, 6;144: 1, 1.1, 1.3, 1.4, 1.5, 1.6, 1.7, 1.8, 1.9, 1.11, 2, 2.1, 2.6, 3, 3.2, 3.4, 3.5, 3.6, 3.7, 4.1, 4.2, 4.4, 4.5, 5, 5.1, 5.1.2, 5.2, 5.2.1, 5.3, 5.4, 5.5, 5.6, 5.7, 5.8, 5.9, 6.1, 6.2, 6.3, 6.6, 6.7, 7.1, 7.1.1, 7.2, 7.3, 7.4, 8.1, 8.2, 8.3, 9.1, 9.2, 10.1, 10.1.1, 10.2, 10.2.1, 10.3, 10.4, 10.5, 10.5.1, 10.6, 10.7, 10.8, 11.1, 11.2, 11.3, 11.4, 11.5, 11.6, 11.7, 12.1, 12.1.1, 12.1.2, 12.2, 12.3, 12.4, 12.5, 12.6, 12.6.1, 12.7, 12.8, 12.8.1, 12.9, 12.10, 12.10.1, 12.11, 12.12, 12.13, 13.1, 13.2, 13.2.1, 13.3, 13.4, 13.6, 14.1, 14.2, 14.2.1, 14.3, 14.3.1, 14.3.2, 15.1, 15.1.1, 15.2, 15.3, 15.4, 15.5, 15.5.1, 15.6, 15.7, 16.1, 16.1.1, 16.2, 16.3, 16.4, 16.5, 16.6, 16.7, 16.8, 16.9, 16.10, 16.11, 16.12, 16.13, 16.13.1, 16.14, 16.15, 17.1, 17.2, 17.3, 17.5, 17.6, 17.7, 17.8, 17.9, 18.1, 18.2, 18.3, 18.4, 18.5, 18.5.1, 18.6, 19.1, 19.2, 19.3 | 170: 5;144: 1.2, 1.4, 1.9, 2, 3.4, 5, 5.1, 5.1.2, 5.2.1, 5.7, 10.1, 10.1.1, 12.13, 13.4, 13.6, 14.3, 14.3.1, 14.3.2, 15.4, 15.6, 16.1.1, 16.12, 16.14, 17.1, 17.2, 17.3, 17.6, 17.8, 18.2 | 170: 3, 5;144: 1, 1.1, 1.2, 1.7, 1.8, 1.9, 2, 2.1, 2.2, 3, 3.4, 3.5, 3.6, 4.5, 5, 5.2, 5.2.1, 5.5, 5.6, 5.8, 5.9, 9.2, 11.7, 12.2, 13.6, 14.2, 15.2, 17.3, 17.5, 19.3 | 170: прямые маркеры не найдены;"Тематическая навигация. Конкретные выводы — в обзоре источников и пояснениях; наличие маркера не доказывает коллизию, отсутствие не доказывает ее отсутствие."
144.txt;171.txt;"ACT. 003; ACT. 010; ACT. 014";144: 5.5, 7.2, 9.2, 12.2, 12.12, 14.1, 15.1, 15.1.1, 15.3 | 171: 2, 8, 9, 12, 14;144: 1, 1.1, 1.3, 1.4, 1.5, 1.6, 1.7, 1.8, 1.9, 1.11, 2, 2.1, 2.6, 3, 3.2, 3.4, 3.5, 3.6, 3.7, 4.1, 4.2, 4.4, 4.5, 5, 5.1, 5.1.2, 5.2, 5.2.1, 5.3, 5.4, 5.5, 5.6, 5.7, 5.8, 5.9, 6.1, 6.2, 6.3, 6.6, 6.7, 7.1, 7.1.1, 7.2, 7.3, 7.4, 8.1, 8.2, 8.3, 9.1, 9.2, 10.1, 10.1.1, 10.2, 10.2.1, 10.3, 10.4, 10.5, 10.5.1, 10.6, 10.7, 10.8, 11.1, 11.2, 11.3, 11.4, 11.5, 11.6, 11.7, 12.1, 12.1.1, 12.1.2, 12.2, 12.3, 12.4, 12.5, 12.6, 12.6.1, 12.7, 12.8, 12.8.1, 12.9, 12.10, 12.10.1, 12.11, 12.12, 12.13, 13.1, 13.2, 13.2.1, 13.3, 13.4, 13.6, 14.1, 14.2, 14.2.1, 14.3, 14.3.1, 14.3.2, 15.1, 15.1.1, 15.2, 15.3, 15.4, 15.5, 15.5.1, 15.6, 15.7, 16.1, 16.1.1, 16.2, 16.3, 16.4, 16.5, 16.6, 16.7, 16.8, 16.9, 16.10, 16.11, 16.12, 16.13, 16.13.1, 16.14, 16.15, 17.1, 17.2, 17.3, 17.5, 17.6, 17.7, 17.8, 17.9, 18.1, 18.2, 18.3, 18.4, 18.5, 18.5.1, 18.6, 19.1, 19.2, 19.3 | 171: 6;144: 1.2, 1.4, 1.9, 2, 3.4, 5, 5.1, 5.1.2, 5.2.1, 5.7, 10.1, 10.1.1, 12.13, 13.4, 13.6, 14.3, 14.3.1, 14.3.2, 15.4, 15.6, 16.1.1, 16.12, 16.14, 17.1, 17.2, 17.3, 17.6, 17.8, 18.2 | 171: 2, 3, 4, 6, 7, 8, 9, 11, 12, 13, 14;144: 1, 1.1, 1.2, 1.7, 1.8, 1.9, 2, 2.1, 2.2, 3, 3.4, 3.5, 3.6, 4.5, 5, 5.2, 5.2.1, 5.5, 5.6, 5.8, 5.9, 9.2, 11.7, 12.2, 13.6, 14.2, 15.2, 17.3, 17.5, 19.3 | 171: 5, 8, 10;"Тематическая навигация. Конкретные выводы — в обзоре источников и пояснениях; наличие маркера не доказывает коллизию, отсутствие не доказывает ее отсутствие."
144.txt;172.txt;ACT. 007;144: 5.5, 7.2, 9.2, 12.2, 12.12, 14.1, 15.1, 15.1.1, 15.3 | 172: 1, 2, 3, 4, 5, 6, 7;144: 1, 1.1, 1.3, 1.4, 1.5, 1.6, 1.7, 1.8, 1.9, 1.11, 2, 2.1, 2.6, 3, 3.2, 3.4, 3.5, 3.6, 3.7, 4.1, 4.2, 4.4, 4.5, 5, 5.1, 5.1.2, 5.2, 5.2.1, 5.3, 5.4, 5.5, 5.6, 5.7, 5.8, 5.9, 6.1, 6.2, 6.3, 6.6, 6.7, 7.1, 7.1.1, 7.2, 7.3, 7.4, 8.1, 8.2, 8.3, 9.1, 9.2, 10.1, 10.1.1, 10.2, 10.2.1, 10.3, 10.4, 10.5, 10.5.1, 10.6, 10.7, 10.8, 11.1, 11.2, 11.3, 11.4, 11.5, 11.6, 11.7, 12.1, 12.1.1, 12.1.2, 12.2, 12.3, 12.4, 12.5, 12.6, 12.6.1, 12.7, 12.8, 12.8.1, 12.9, 12.10, 12.10.1, 12.11, 12.12, 12.13, 13.1, 13.2, 13.2.1, 13.3, 13.4, 13.6, 14.1, 14.2, 14.2.1, 14.3, 14.3.1, 14.3.2, 15.1, 15.1.1, 15.2, 15.3, 15.4, 15.5, 15.5.1, 15.6, 15.7, 16.1, 16.1.1, 16.2, 16.3, 16.4, 16.5, 16.6, 16.7, 16.8, 16.9, 16.10, 16.11, 16.12, 16.13, 16.13.1, 16.14, 16.15, 17.1, 17.2, 17.3, 17.5, 17.6, 17.7, 17.8, 17.9, 18.1, 18.2, 18.3, 18.4, 18.5, 18.5.1, 18.6, 19.1, 19.2, 19.3 | 172: 7, 8;144: 1.2, 1.4, 1.9, 2, 3.4, 5, 5.1, 5.1.2, 5.2.1, 5.7, 10.1, 10.1.1, 12.13, 13.4, 13.6, 14.3, 14.3.1, 14.3.2, 15.4, 15.6, 16.1.1, 16.12, 16.14, 17.1, 17.2, 17.3, 17.6, 17.8, 18.2 | 172: 4, 5, 6;144: 1, 1.1, 1.2, 1.7, 1.8, 1.9, 2, 2.1, 2.2, 3, 3.4, 3.5, 3.6, 4.5, 5, 5.2, 5.2.1, 5.5, 5.6, 5.8, 5.9, 9.2, 11.7, 12.2, 13.6, 14.2, 15.2, 17.3, 17.5, 19.3 | 172: 1, 8;"Тематическая навигация. Конкретные выводы — в обзоре источников и пояснениях; наличие маркера не доказывает коллизию, отсутствие не доказывает ее отсутствие."
144.txt;173.txt;"ACT. 003; ACT. 005; ACT. 010; ACT. 014";144: 5.5, 7.2, 9.2, 12.2, 12.12, 14.1, 15.1, 15.1.1, 15.3 | 173: 1, 4, 6, 9, 11, 12;144: 1, 1.1, 1.3, 1.4, 1.5, 1.6, 1.7, 1.8, 1.9, 1.11, 2, 2.1, 2.6, 3, 3.2, 3.4, 3.5, 3.6, 3.7, 4.1, 4.2, 4.4, 4.5, 5, 5.1, 5.1.2, 5.2, 5.2.1, 5.3, 5.4, 5.5, 5.6, 5.7, 5.8, 5.9, 6.1, 6.2, 6.3, 6.6, 6.7, 7.1, 7.1.1, 7.2, 7.3, 7.4, 8.1, 8.2, 8.3, 9.1, 9.2, 10.1, 10.1.1, 10.2, 10.2.1, 10.3, 10.4, 10.5, 10.5.1, 10.6, 10.7, 10.8, 11.1, 11.2, 11.3, 11.4, 11.5, 11.6, 11.7, 12.1, 12.1.1, 12.1.2, 12.2, 12.3, 12.4, 12.5, 12.6, 12.6.1, 12.7, 12.8, 12.8.1, 12.9, 12.10, 12.10.1, 12.11, 12.12, 12.13, 13.1, 13.2, 13.2.1, 13.3, 13.4, 13.6, 14.1, 14.2, 14.2.1, 14.3, 14.3.1, 14.3.2, 15.1, 15.1.1, 15.2, 15.3, 15.4, 15.5, 15.5.1, 15.6, 15.7, 16.1, 16.1.1, 16.2, 16.3, 16.4, 16.5, 16.6, 16.7, 16.8, 16.9, 16.10, 16.11, 16.12, 16.13, 16.13.1, 16.14, 16.15, 17.1, 17.2, 17.3, 17.5, 17.6, 17.7, 17.8, 17.9, 18.1, 18.2, 18.3, 18.4, 18.5, 18.5.1, 18.6, 19.1, 19.2, 19.3 | 173: 1, 9, 11;144: 1.2, 1.4, 1.9, 2, 3.4, 5, 5.1, 5.1.2, 5.2.1, 5.7, 10.1, 10.1.1, 12.13, 13.4, 13.6, 14.3, 14.3.1, 14.3.2, 15.4, 15.6, 16.1.1, 16.12, 16.14, 17.1, 17.2, 17.3, 17.6, 17.8, 18.2 | 173: 1, 2, 3, 4, 5.1, 6, 7, 7.1, 8, 9, 10, 11, 12, 13;144: 1, 1.1, 1.2, 1.7, 1.8, 1.9, 2, 2.1, 2.2, 3, 3.4, 3.5, 3.6, 4.5, 5, 5.2, 5.2.1, 5.5, 5.6, 5.8, 5.9, 9.2, 11.7, 12.2, 13.6, 14.2, 15.2, 17.3, 17.5, 19.3 | 173: 4, 6;"Тематическая навигация. Конкретные выводы — в обзоре источников и пояснениях; наличие маркера не доказывает коллизию, отсутствие не доказывает ее отсутствие."
144.txt;174.txt;"ACT. 003; ACT. 005; ACT. 007; ACT. 010; ACT. 014";144: 5.5, 7.2, 9.2, 12.2, 12.12, 14.1, 15.1, 15.1.1, 15.3 | 174: 1, 2, 3, 5, 7, 8, 9, 9.2, 9.3, 15, 19, 20, 35;144: 1, 1.1, 1.3, 1.4, 1.5, 1.6, 1.7, 1.8, 1.9, 1.11, 2, 2.1, 2.6, 3, 3.2, 3.4, 3.5, 3.6, 3.7, 4.1, 4.2, 4.4, 4.5, 5, 5.1, 5.1.2, 5.2, 5.2.1, 5.3, 5.4, 5.5, 5.6, 5.7, 5.8, 5.9, 6.1, 6.2, 6.3, 6.6, 6.7, 7.1, 7.1.1, 7.2, 7.3, 7.4, 8.1, 8.2, 8.3, 9.1, 9.2, 10.1, 10.1.1, 10.2, 10.2.1, 10.3, 10.4, 10.5, 10.5.1, 10.6, 10.7, 10.8, 11.1, 11.2, 11.3, 11.4, 11.5, 11.6, 11.7, 12.1, 12.1.1, 12.1.2, 12.2, 12.3, 12.4, 12.5, 12.6, 12.6.1, 12.7, 12.8, 12.8.1, 12.9, 12.10, 12.10.1, 12.11, 12.12, 12.13, 13.1, 13.2, 13.2.1, 13.3, 13.4, 13.6, 14.1, 14.2, 14.2.1, 14.3, 14.3.1, 14.3.2, 15.1, 15.1.1, 15.2, 15.3, 15.4, 15.5, 15.5.1, 15.6, 15.7, 16.1, 16.1.1, 16.2, 16.3, 16.4, 16.5, 16.6, 16.7, 16.8, 16.9, 16.10, 16.11, 16.12, 16.13, 16.13.1, 16.14, 16.15, 17.1, 17.2, 17.3, 17.5, 17.6, 17.7, 17.8, 17.9, 18.1, 18.2, 18.3, 18.4, 18.5, 18.5.1, 18.6, 19.1, 19.2, 19.3 | 174: 4, 5, 8, 9, 19, 23, 28, 31, 34, 36, 37, 38, 40;144: 1.2, 1.4, 1.9, 2, 3.4, 5, 5.1, 5.1.2, 5.2.1, 5.7, 10.1, 10.1.1, 12.13, 13.4, 13.6, 14.3, 14.3.1, 14.3.2, 15.4, 15.6, 16.1.1, 16.12, 16.14, 17.1, 17.2, 17.3, 17.6, 17.8, 18.2 | 174: 1, 3, 4, 5, 8, 9.2, 19, 26, 28, 30, 35, 36, 37, 38, 39, 40;144: 1, 1.1, 1.2, 1.7, 1.8, 1.9, 2, 2.1, 2.2, 3, 3.4, 3.5, 3.6, 4.5, 5, 5.2, 5.2.1, 5.5, 5.6, 5.8, 5.9, 9.2, 11.7, 12.2, 13.6, 14.2, 15.2, 17.3, 17.5, 19.3 | 174: 2, 3, 7, 8, 9, 19;"Тематическая навигация. Конкретные выводы — в обзоре источников и пояснениях; наличие маркера не доказывает коллизию, отсутствие не доказывает ее отсутствие."
145.txt;146.txt;"ACT. 005; ACT. 006; ACT. 007; ACT. 011; ACT. 013";145: 4, 8, 9, 16, 17, 18, 19, 20, 22, 25, 26, 27, 29, 30, 32, 33, 34, 35, 36, 37, 38, 39, 40, 43, 47, 48, 49, 61, 65, 67, 70, 72, 74, 90, 91, 97, 100 | 146: 1.6, 2.5, 3.6, 4.2, 5.10, 9.1, 9.2, 9.4, 9.5;145: 8, 9, 13.1, 15, 16, 19, 20, 21, 24, 25, 26, 37, 39, 57, 61, 66, 67, 68, 75, 80, 85, 88, 100 | 146: 1.3, 1.4, 1.5, 1.6, 1.7, 1.8, 2.1, 2.2, 2.5, 3.1, 3.2, 3.3, 3.4, 3.5, 3.6, 3.7, 4.1, 4.2, 4.3, 4.4, 5.1, 5.2, 5.3, 5.4, 5.5, 5.6, 5.7, 5.8, 5.9, 5.10, 6.1, 6.1.1, 6.1.2, 6.2, 6.3, 6.4, 6.5, 6.6, 6.7, 7.1, 7.2, 8.1, 8.2, 9.1, 9.2, 9.3, 9.4, 9.5, 10.1, 10.2, 11.1, 11.2, 12.1, 12.2, 12.3, 12.4, 12.5, 12.6, 13.1, 14.1, 14.2, 14.3, 14.4, 14.5, 14.6, 14.7, 14.8, 14.9, 14.10, 14.11, 14.12, 14.13, 14.14, 14.15, 14.16, 14.17, 14.18, 14.19, 14.20, 14.21;145: 2, 3, 5, 6, 8, 15, 17, 17.2, 18, 19, 20, 21, 22, 23, 25, 26, 27, 29, 30, 32, 33, 35, 36, 37, 38, 39, 43, 45, 48, 49, 57, 60, 61, 68, 69, 70, 72, 73, 74, 77, 78.2, 80, 83, 84, 90, 91, 92, 93, 94, 96, 98, 99, 100 | 146: 1.5, 1.6, 3.3, 3.7, 4.1, 4.2, 5.7, 5.10, 6.2, 9.3, 9.4, 14.1, 14.19, 14.20, 14.21;145: 2, 6, 10, 11, 12, 16, 17, 18, 20, 23, 24, 25, 30, 31, 33, 35, 44, 48, 54, 58, 62, 64, 65, 68, 70, 72, 74, 100 | 146: 1.1, 1.3, 1.4, 1.5, 1.8, 2.1, 2.2, 3.2, 3.5, 4.1, 4.2, 6.1.2, 10.2, 11.1;"Тематическая навигация. Конкретные выводы — в обзоре источников и пояснениях; наличие маркера не доказывает коллизию, отсутствие не доказывает ее отсутствие."
145.txt;147.txt;"ACT. 006; ACT. 007; ACT. 008; ACT. 011";145: 4, 8, 9, 16, 17, 18, 19, 20, 22, 25, 26, 27, 29, 30, 32, 33, 34, 35, 36, 37, 38, 39, 40, 43, 47, 48, 49, 61, 65, 67, 70, 72, 74, 90, 91, 97, 100 | 147: 16, 59, 61, 65;145: 8, 9, 13.1, 15, 16, 19, 20, 21, 24, 25, 26, 37, 39, 57, 61, 66, 67, 68, 75, 80, 85, 88, 100 | 147: 1, 2, 3, 4, 5, 6, 7, 8, 9, 10, 11, 12, 13, 14, 15, 16, 17, 18, 19, 20, 21, 22, 23, 24, 25, 26, 27, 28, 29, 30, 31, 32, 33, 34, 37, 38, 39, 40, 41, 42, 43, 44, 45, 46, 47, 48, 49, 50, 51, 52, 53, 56, 57, 60, 64, 65, 66, 72;145: 2, 3, 5, 6, 8, 15, 17, 17.2, 18, 19, 20, 21, 22, 23, 25, 26, 27, 29, 30, 32, 33, 35, 36, 37, 38, 39, 43, 45, 48, 49, 57, 60, 61, 68, 69, 70, 72, 73, 74, 77, 78.2, 80, 83, 84, 90, 91, 92, 93, 94, 96, 98, 99, 100 | 147: 2, 4, 5, 6, 7, 8, 9, 10, 13, 16, 17, 20, 24, 26, 28, 31, 33, 37, 38, 39, 43, 44, 51, 52, 53, 54, 56, 58, 64, 65, 66, 67, 68, 69, 70, 71;145: 2, 6, 10, 11, 12, 16, 17, 18, 20, 23, 24, 25, 30, 31, 33, 35, 44, 48, 54, 58, 62, 64, 65, 68, 70, 72, 74, 100 | 147: 29, 37, 58, 65;"Тематическая навигация. Конкретные выводы — в обзоре источников и пояснениях; наличие маркера не доказывает коллизию, отсутствие не доказывает ее отсутствие."
145.txt;148.txt;"ACT. 002; ACT. 008";145: 4, 8, 9, 16, 17, 18, 19, 20, 22, 25, 26, 27, 29, 30, 32, 33, 34, 35, 36, 37, 38, 39, 40, 43, 47, 48, 49, 61, 65, 67, 70, 72, 74, 90, 91, 97, 100 | 148: 4, 6, 7, 11, 12, 13, 14, 20, 21.1, 26, 27, 32;145: 8, 9, 13.1, 15, 16, 19, 20, 21, 24, 25, 26, 37, 39, 57, 61, 66, 67, 68, 75, 80, 85, 88, 100 | 148: 1, 4, 13, 14, 32;145: 2, 3, 5, 6, 8, 15, 17, 17.2, 18, 19, 20, 21, 22, 23, 25, 26, 27, 29, 30, 32, 33, 35, 36, 37, 38, 39, 43, 45, 48, 49, 57, 60, 61, 68, 69, 70, 72, 73, 74, 77, 78.2, 80, 83, 84, 90, 91, 92, 93, 94, 96, 98, 99, 100 | 148: 2, 3, 4, 6, 8, 9, 11, 12, 13, 14, 15, 17, 20, 22, 24, 25, 26, 27, 29, 31, 32;145: 2, 6, 10, 11, 12, 16, 17, 18, 20, 23, 24, 25, 30, 31, 33, 35, 44, 48, 54, 58, 62, 64, 65, 68, 70, 72, 74, 100 | 148: 1, 2, 3, 4, 5, 6, 7, 8, 9, 10, 11, 12, 13, 14, 15, 19, 27, 32;"Тематическая навигация. Конкретные выводы — в обзоре источников и пояснениях; наличие маркера не доказывает коллизию, отсутствие не доказывает ее отсутствие."
145.txt;149.txt;"ACT. 003; ACT. 008";145: 4, 8, 9, 16, 17, 18, 19, 20, 22, 25, 26, 27, 29, 30, 32, 33, 34, 35, 36, 37, 38, 39, 40, 43, 47, 48, 49, 61, 65, 67, 70, 72, 74, 90, 91, 97, 100 | 149: 8, 20, 28.1, 29, 35;145: 8, 9, 13.1, 15, 16, 19, 20, 21, 24, 25, 26, 37, 39, 57, 61, 66, 67, 68, 75, 80, 85, 88, 100 | 149: 16, 29;145: 2, 3, 5, 6, 8, 15, 17, 17.2, 18, 19, 20, 21, 22, 23, 25, 26, 27, 29, 30, 32, 33, 35, 36, 37, 38, 39, 43, 45, 48, 49, 57, 60, 61, 68, 69, 70, 72, 73, 74, 77, 78.2, 80, 83, 84, 90, 91, 92, 93, 94, 96, 98, 99, 100 | 149: 1, 3, 5, 6, 7, 9, 13, 14, 15, 18, 20, 25, 27, 28, 28.1, 29, 30, 32;145: 2, 6, 10, 11, 12, 16, 17, 18, 20, 23, 24, 25, 30, 31, 33, 35, 44, 48, 54, 58, 62, 64, 65, 68, 70, 72, 74, 100 | 149: 1, 2, 5, 6, 9, 10, 14, 25, 27, 34;"Тематическая навигация. Конкретные выводы — в обзоре источников и пояснениях; наличие маркера не доказывает коллизию, отсутствие не доказывает ее отсутствие."
145.txt;150.txt;"ACT. 003; ACT. 007";145: 4, 8, 9, 16, 17, 18, 19, 20, 22, 25, 26, 27, 29, 30, 32, 33, 34, 35, 36, 37, 38, 39, 40, 43, 47, 48, 49, 61, 65, 67, 70, 72, 74, 90, 91, 97, 100 | 150: 11, 13, 30;145: 8, 9, 13.1, 15, 16, 19, 20, 21, 24, 25, 26, 37, 39, 57, 61, 66, 67, 68, 75, 80, 85, 88, 100 | 150: 4, 7, 14, 28;145: 2, 3, 5, 6, 8, 15, 17, 17.2, 18, 19, 20, 21, 22, 23, 25, 26, 27, 29, 30, 32, 33, 35, 36, 37, 38, 39, 43, 45, 48, 49, 57, 60, 61, 68, 69, 70, 72, 73, 74, 77, 78.2, 80, 83, 84, 90, 91, 92, 93, 94, 96, 98, 99, 100 | 150: 1, 2, 4, 5, 9, 10, 11, 12, 14, 16, 18, 19, 20, 22, 23, 24, 25, 26, 27, 27.1, 29, 30;145: 2, 6, 10, 11, 12, 16, 17, 18, 20, 23, 24, 25, 30, 31, 33, 35, 44, 48, 54, 58, 62, 64, 65, 68, 70, 72, 74, 100 | 150: 1, 2, 3, 9, 11, 28;"Тематическая навигация. Конкретные выводы — в обзоре источников и пояснениях; наличие маркера не доказывает коллизию, отсутствие не доказывает ее отсутствие."
145.txt;152.txt;"ACT. 002; ACT. 006; ACT. 009; ACT. 013";145: 4, 8, 9, 16, 17, 18, 19, 20, 22, 25, 26, 27, 29, 30, 32, 33, 34, 35, 36, 37, 38, 39, 40, 43, 47, 48, 49, 61, 65, 67, 70, 72, 74, 90, 91, 97, 100 | 152: 4, 5, 6, 7, 8, 13, 14, 20, 21, 23, 24, 26, 27, 28, 29, 30, 33, 34;145: 8, 9, 13.1, 15, 16, 19, 20, 21, 24, 25, 26, 37, 39, 57, 61, 66, 67, 68, 75, 80, 85, 88, 100 | 152: 3, 10, 22;145: 2, 3, 5, 6, 8, 15, 17, 17.2, 18, 19, 20, 21, 22, 23, 25, 26, 27, 29, 30, 32, 33, 35, 36, 37, 38, 39, 43, 45, 48, 49, 57, 60, 61, 68, 69, 70, 72, 73, 74, 77, 78.2, 80, 83, 84, 90, 91, 92, 93, 94, 96, 98, 99, 100 | 152: 4, 9, 10, 12, 14, 19, 20, 29, 34;145: 2, 6, 10, 11, 12, 16, 17, 18, 20, 23, 24, 25, 30, 31, 33, 35, 44, 48, 54, 58, 62, 64, 65, 68, 70, 72, 74, 100 | 152: 1, 2, 3, 5, 6, 10, 12, 13, 15, 18, 19, 21, 22, 23, 24, 25, 27, 28, 30, 31, 33, 34;"Тематическая навигация. Конкретные выводы — в обзоре источников и пояснениях; наличие маркера не доказывает коллизию, отсутствие не доказывает ее отсутствие."
145.txt;153.txt;"ACT. 002; ACT. 007";145: 4, 8, 9, 16, 17, 18, 19, 20, 22, 25, 26, 27, 29, 30, 32, 33, 34, 35, 36, 37, 38, 39, 40, 43, 47, 48, 49, 61, 65, 67, 70, 72, 74, 90, 91, 97, 100 | 153: 1, 7, 8.2, 10, 11, 12, 13, 14, 15, 16, 26, 29, 29.1, 29.2, 34, 35, 39, 40, 41, 43, 44;145: 8, 9, 13.1, 15, 16, 19, 20, 21, 24, 25, 26, 37, 39, 57, 61, 66, 67, 68, 75, 80, 85, 88, 100 | 153: 9, 33, 34, 35, 36, 38;145: 2, 3, 5, 6, 8, 15, 17, 17.2, 18, 19, 20, 21, 22, 23, 25, 26, 27, 29, 30, 32, 33, 35, 36, 37, 38, 39, 43, 45, 48, 49, 57, 60, 61, 68, 69, 70, 72, 73, 74, 77, 78.2, 80, 83, 84, 90, 91, 92, 93, 94, 96, 98, 99, 100 | 153: 8.2, 16, 19, 20, 21, 22, 23, 31, 39, 43, 44;145: 2, 6, 10, 11, 12, 16, 17, 18, 20, 23, 24, 25, 30, 31, 33, 35, 44, 48, 54, 58, 62, 64, 65, 68, 70, 72, 74, 100 | 153: 1, 13, 27, 29, 29.1, 29.2;"Тематическая навигация. Конкретные выводы — в обзоре источников и пояснениях; наличие маркера не доказывает коллизию, отсутствие не доказывает ее отсутствие."
145.txt;154.txt;"ACT. 003; ACT. 004; ACT. 009; ACT. 010";145: 4, 8, 9, 16, 17, 18, 19, 20, 22, 25, 26, 27, 29, 30, 32, 33, 34, 35, 36, 37, 38, 39, 40, 43, 47, 48, 49, 61, 65, 67, 70, 72, 74, 90, 91, 97, 100 | 154: 4, 6;145: 8, 9, 13.1, 15, 16, 19, 20, 21, 24, 25, 26, 37, 39, 57, 61, 66, 67, 68, 75, 80, 85, 88, 100 | 154: прямые маркеры не найдены;145: 2, 3, 5, 6, 8, 15, 17, 17.2, 18, 19, 20, 21, 22, 23, 25, 26, 27, 29, 30, 32, 33, 35, 36, 37, 38, 39, 43, 45, 48, 49, 57, 60, 61, 68, 69, 70, 72, 73, 74, 77, 78.2, 80, 83, 84, 90, 91, 92, 93, 94, 96, 98, 99, 100 | 154: 4, 5;145: 2, 6, 10, 11, 12, 16, 17, 18, 20, 23, 24, 25, 30, 31, 33, 35, 44, 48, 54, 58, 62, 64, 65, 68, 70, 72, 74, 100 | 154: 2;"Тематическая навигация. Конкретные выводы — в обзоре источников и пояснениях; наличие маркера не доказывает коллизию, отсутствие не доказывает ее отсутствие."
145.txt;155.txt;"ACT. 003; ACT. 006; ACT. 009; ACT. 010; ACT. 011";145: 4, 8, 9, 16, 17, 18, 19, 20, 22, 25, 26, 27, 29, 30, 32, 33, 34, 35, 36, 37, 38, 39, 40, 43, 47, 48, 49, 61, 65, 67, 70, 72, 74, 90, 91, 97, 100 | 155: 4, 5, 6, 13, 14.2, 15, 19, 20, 22.2, 23, 24, 27, 28;145: 8, 9, 13.1, 15, 16, 19, 20, 21, 24, 25, 26, 37, 39, 57, 61, 66, 67, 68, 75, 80, 85, 88, 100 | 155: 6, 18, 26, 29;145: 2, 3, 5, 6, 8, 15, 17, 17.2, 18, 19, 20, 21, 22, 23, 25, 26, 27, 29, 30, 32, 33, 35, 36, 37, 38, 39, 43, 45, 48, 49, 57, 60, 61, 68, 69, 70, 72, 73, 74, 77, 78.2, 80, 83, 84, 90, 91, 92, 93, 94, 96, 98, 99, 100 | 155: 3, 8, 9, 10, 13, 15, 16, 18, 19, 20, 23, 25, 26, 28, 29, 30;145: 2, 6, 10, 11, 12, 16, 17, 18, 20, 23, 24, 25, 30, 31, 33, 35, 44, 48, 54, 58, 62, 64, 65, 68, 70, 72, 74, 100 | 155: 2, 27, 28, 29;"Тематическая навигация. Конкретные выводы — в обзоре источников и пояснениях; наличие маркера не доказывает коллизию, отсутствие не доказывает ее отсутствие."
145.txt;156.txt;"ACT. 003; ACT. 006; ACT. 007; ACT. 009; ACT. 011";145: 4, 8, 9, 16, 17, 18, 19, 20, 22, 25, 26, 27, 29, 30, 32, 33, 34, 35, 36, 37, 38, 39, 40, 43, 47, 48, 49, 61, 65, 67, 70, 72, 74, 90, 91, 97, 100 | 156: 1, 4, 7, 8, 9, 10, 13, 14, 16, 17, 18, 19, 20, 21, 21.1, 21.2, 21.3, 23, 27;145: 8, 9, 13.1, 15, 16, 19, 20, 21, 24, 25, 26, 37, 39, 57, 61, 66, 67, 68, 75, 80, 85, 88, 100 | 156: 10, 13, 20, 21.2, 21.4, 24, 28;145: 2, 3, 5, 6, 8, 15, 17, 17.2, 18, 19, 20, 21, 22, 23, 25, 26, 27, 29, 30, 32, 33, 35, 36, 37, 38, 39, 43, 45, 48, 49, 57, 60, 61, 68, 69, 70, 72, 73, 74, 77, 78.2, 80, 83, 84, 90, 91, 92, 93, 94, 96, 98, 99, 100 | 156: 4, 6, 7, 8, 9, 13, 14, 17, 18, 19, 21.1, 21.2, 21.4, 21.5, 23, 24, 28;145: 2, 6, 10, 11, 12, 16, 17, 18, 20, 23, 24, 25, 30, 31, 33, 35, 44, 48, 54, 58, 62, 64, 65, 68, 70, 72, 74, 100 | 156: 2, 7, 9, 10, 21.1;"Тематическая навигация. Конкретные выводы — в обзоре источников и пояснениях; наличие маркера не доказывает коллизию, отсутствие не доказывает ее отсутствие."
145.txt;157.txt;"ACT. 003; ACT. 006; ACT. 009";145: 4, 8, 9, 16, 17, 18, 19, 20, 22, 25, 26, 27, 29, 30, 32, 33, 34, 35, 36, 37, 38, 39, 40, 43, 47, 48, 49, 61, 65, 67, 70, 72, 74, 90, 91, 97, 100 | 157: 1, 3, 6, 7, 8, 11, 12, 13;145: 8, 9, 13.1, 15, 16, 19, 20, 21, 24, 25, 26, 37, 39, 57, 61, 66, 67, 68, 75, 80, 85, 88, 100 | 157: 10, 15;145: 2, 3, 5, 6, 8, 15, 17, 17.2, 18, 19, 20, 21, 22, 23, 25, 26, 27, 29, 30, 32, 33, 35, 36, 37, 38, 39, 43, 45, 48, 49, 57, 60, 61, 68, 69, 70, 72, 73, 74, 77, 78.2, 80, 83, 84, 90, 91, 92, 93, 94, 96, 98, 99, 100 | 157: 1, 4, 5, 6, 7, 7.1, 8, 10, 12, 14, 15;145: 2, 6, 10, 11, 12, 16, 17, 18, 20, 23, 24, 25, 30, 31, 33, 35, 44, 48, 54, 58, 62, 64, 65, 68, 70, 72, 74, 100 | 157: 1, 3, 4;"Тематическая навигация. Конкретные выводы — в обзоре источников и пояснениях; наличие маркера не доказывает коллизию, отсутствие не доказывает ее отсутствие."
145.txt;158.txt;"ACT. 003; ACT. 004; ACT. 006; ACT. 008; ACT. 009; ACT. 010";145: 4, 8, 9, 16, 17, 18, 19, 20, 22, 25, 26, 27, 29, 30, 32, 33, 34, 35, 36, 37, 38, 39, 40, 43, 47, 48, 49, 61, 65, 67, 70, 72, 74, 90, 91, 97, 100 | 158: 1, 2, 5, 7, 9, 10, 11, 12, 13, 19, 19.1, 20, 20.1, 21, 21.1;145: 8, 9, 13.1, 15, 16, 19, 20, 21, 24, 25, 26, 37, 39, 57, 61, 66, 67, 68, 75, 80, 85, 88, 100 | 158: 3, 5, 10, 18, 23, 26, 27;145: 2, 3, 5, 6, 8, 15, 17, 17.2, 18, 19, 20, 21, 22, 23, 25, 26, 27, 29, 30, 32, 33, 35, 36, 37, 38, 39, 43, 45, 48, 49, 57, 60, 61, 68, 69, 70, 72, 73, 74, 77, 78.2, 80, 83, 84, 90, 91, 92, 93, 94, 96, 98, 99, 100 | 158: 2, 4, 7, 10, 12, 14, 15, 21, 25, 27;145: 2, 6, 10, 11, 12, 16, 17, 18, 20, 23, 24, 25, 30, 31, 33, 35, 44, 48, 54, 58, 62, 64, 65, 68, 70, 72, 74, 100 | 158: 3, 23, 27;"Тематическая навигация. Конкретные выводы — в обзоре источников и пояснениях; наличие маркера не доказывает коллизию, отсутствие не доказывает ее отсутствие."
145.txt;159.txt;"ACT. 003; ACT. 004; ACT. 009";145: 4, 8, 9, 16, 17, 18, 19, 20, 22, 25, 26, 27, 29, 30, 32, 33, 34, 35, 36, 37, 38, 39, 40, 43, 47, 48, 49, 61, 65, 67, 70, 72, 74, 90, 91, 97, 100 | 159: 1, 3, 4, 5, 8, 9, 11, 12, 13, 14, 15, 17, 18, 19, 20, 21, 22, 23, 24, 25, 26, 27, 28, 29, 30, 31, 32, 33, 34, 35, 36, 37;145: 8, 9, 13.1, 15, 16, 19, 20, 21, 24, 25, 26, 37, 39, 57, 61, 66, 67, 68, 75, 80, 85, 88, 100 | 159: 5, 8, 14, 28, 30, 33;145: 2, 3, 5, 6, 8, 15, 17, 17.2, 18, 19, 20, 21, 22, 23, 25, 26, 27, 29, 30, 32, 33, 35, 36, 37, 38, 39, 43, 45, 48, 49, 57, 60, 61, 68, 69, 70, 72, 73, 74, 77, 78.2, 80, 83, 84, 90, 91, 92, 93, 94, 96, 98, 99, 100 | 159: 3, 5, 6, 7, 8, 9, 11, 12, 13, 14, 15, 16, 17, 20, 21, 22, 23, 25, 26, 27, 28, 29, 30, 31, 32, 33, 34, 35, 36, 37;145: 2, 6, 10, 11, 12, 16, 17, 18, 20, 23, 24, 25, 30, 31, 33, 35, 44, 48, 54, 58, 62, 64, 65, 68, 70, 72, 74, 100 | 159: 5, 6, 8, 9, 23, 29, 31, 35, 36;"Тематическая навигация. Конкретные выводы — в обзоре источников и пояснениях; наличие маркера не доказывает коллизию, отсутствие не доказывает ее отсутствие."
145.txt;160.txt;ACT. 001 — общие правила соотношения актов;145: 4, 8, 9, 16, 17, 18, 19, 20, 22, 25, 26, 27, 29, 30, 32, 33, 34, 35, 36, 37, 38, 39, 40, 43, 47, 48, 49, 61, 65, 67, 70, 72, 74, 90, 91, 97, 100 | 160: 25, 26;145: 8, 9, 13.1, 15, 16, 19, 20, 21, 24, 25, 26, 37, 39, 57, 61, 66, 67, 68, 75, 80, 85, 88, 100 | 160: 29, 30, 31, 32;145: 2, 3, 5, 6, 8, 15, 17, 17.2, 18, 19, 20, 21, 22, 23, 25, 26, 27, 29, 30, 32, 33, 35, 36, 37, 38, 39, 43, 45, 48, 49, 57, 60, 61, 68, 69, 70, 72, 73, 74, 77, 78.2, 80, 83, 84, 90, 91, 92, 93, 94, 96, 98, 99, 100 | 160: 7, 9, 16, 18, 19;145: 2, 6, 10, 11, 12, 16, 17, 18, 20, 23, 24, 25, 30, 31, 33, 35, 44, 48, 54, 58, 62, 64, 65, 68, 70, 72, 74, 100 | 160: прямые маркеры не найдены;"Тематическая навигация. Конкретные выводы — в обзоре источников и пояснениях; наличие маркера не доказывает коллизию, отсутствие не доказывает ее отсутствие."
145.txt;161.txt;ACT. 006;145: 4, 8, 9, 16, 17, 18, 19, 20, 22, 25, 26, 27, 29, 30, 32, 33, 34, 35, 36, 37, 38, 39, 40, 43, 47, 48, 49, 61, 65, 67, 70, 72, 74, 90, 91, 97, 100 | 161: 7, 13, 21, 29, 29.1, 37, 38, 40;145: 8, 9, 13.1, 15, 16, 19, 20, 21, 24, 25, 26, 37, 39, 57, 61, 66, 67, 68, 75, 80, 85, 88, 100 | 161: 23, 41;145: 2, 3, 5, 6, 8, 15, 17, 17.2, 18, 19, 20, 21, 22, 23, 25, 26, 27, 29, 30, 32, 33, 35, 36, 37, 38, 39, 43, 45, 48, 49, 57, 60, 61, 68, 69, 70, 72, 73, 74, 77, 78.2, 80, 83, 84, 90, 91, 92, 93, 94, 96, 98, 99, 100 | 161: 10, 11, 13, 15, 16, 16.1, 16.2, 18, 18.1, 21, 24, 25, 28, 32.1, 33.1, 35, 37, 42;145: 2, 6, 10, 11, 12, 16, 17, 18, 20, 23, 24, 25, 30, 31, 33, 35, 44, 48, 54, 58, 62, 64, 65, 68, 70, 72, 74, 100 | 161: 1, 3, 37;"Тематическая навигация. Конкретные выводы — в обзоре источников и пояснениях; наличие маркера не доказывает коллизию, отсутствие не доказывает ее отсутствие."
145.txt;162.txt;"ACT. 005; ACT. 007; ACT. 009";145: 4, 8, 9, 16, 17, 18, 19, 20, 22, 25, 26, 27, 29, 30, 32, 33, 34, 35, 36, 37, 38, 39, 40, 43, 47, 48, 49, 61, 65, 67, 70, 72, 74, 90, 91, 97, 100 | 162: 4, 7;145: 8, 9, 13.1, 15, 16, 19, 20, 21, 24, 25, 26, 37, 39, 57, 61, 66, 67, 68, 75, 80, 85, 88, 100 | 162: 3, 4, 9;145: 2, 3, 5, 6, 8, 15, 17, 17.2, 18, 19, 20, 21, 22, 23, 25, 26, 27, 29, 30, 32, 33, 35, 36, 37, 38, 39, 43, 45, 48, 49, 57, 60, 61, 68, 69, 70, 72, 73, 74, 77, 78.2, 80, 83, 84, 90, 91, 92, 93, 94, 96, 98, 99, 100 | 162: 1, 3, 6, 7;145: 2, 6, 10, 11, 12, 16, 17, 18, 20, 23, 24, 25, 30, 31, 33, 35, 44, 48, 54, 58, 62, 64, 65, 68, 70, 72, 74, 100 | 162: 4, 5, 6, 9;"Тематическая навигация. Конкретные выводы — в обзоре источников и пояснениях; наличие маркера не доказывает коллизию, отсутствие не доказывает ее отсутствие."
145.txt;163.txt;ACT. 009;145: 4, 8, 9, 16, 17, 18, 19, 20, 22, 25, 26, 27, 29, 30, 32, 33, 34, 35, 36, 37, 38, 39, 40, 43, 47, 48, 49, 61, 65, 67, 70, 72, 74, 90, 91, 97, 100 | 163: Главы I–III;145: 8, 9, 13.1, 15, 16, 19, 20, 21, 24, 25, 26, 37, 39, 57, 61, 66, 67, 68, 75, 80, 85, 88, 100 | 163: Главы I–III;145: 2, 3, 5, 6, 8, 15, 17, 17.2, 18, 19, 20, 21, 22, 23, 25, 26, 27, 29, 30, 32, 33, 35, 36, 37, 38, 39, 43, 45, 48, 49, 57, 60, 61, 68, 69, 70, 72, 73, 74, 77, 78.2, 80, 83, 84, 90, 91, 92, 93, 94, 96, 98, 99, 100 | 163: Главы I–III;145: 2, 6, 10, 11, 12, 16, 17, 18, 20, 23, 24, 25, 30, 31, 33, 35, 44, 48, 54, 58, 62, 64, 65, 68, 70, 72, 74, 100 | 163: Главы I–III;"Тематическая навигация. Конкретные выводы — в обзоре источников и пояснениях; наличие маркера не доказывает коллизию, отсутствие не доказывает ее отсутствие."
145.txt;164.txt;"ACT. 003; ACT. 004; ACT. 010; ACT. 014";145: 4, 8, 9, 16, 17, 18, 19, 20, 22, 25, 26, 27, 29, 30, 32, 33, 34, 35, 36, 37, 38, 39, 40, 43, 47, 48, 49, 61, 65, 67, 70, 72, 74, 90, 91, 97, 100 | 164: прямые маркеры не найдены;145: 8, 9, 13.1, 15, 16, 19, 20, 21, 24, 25, 26, 37, 39, 57, 61, 66, 67, 68, 75, 80, 85, 88, 100 | 164: прямые маркеры не найдены;145: 2, 3, 5, 6, 8, 15, 17, 17.2, 18, 19, 20, 21, 22, 23, 25, 26, 27, 29, 30, 32, 33, 35, 36, 37, 38, 39, 43, 45, 48, 49, 57, 60, 61, 68, 69, 70, 72, 73, 74, 77, 78.2, 80, 83, 84, 90, 91, 92, 93, 94, 96, 98, 99, 100 | 164: 1, 4;145: 2, 6, 10, 11, 12, 16, 17, 18, 20, 23, 24, 25, 30, 31, 33, 35, 44, 48, 54, 58, 62, 64, 65, 68, 70, 72, 74, 100 | 164: прямые маркеры не найдены;"Тематическая навигация. Конкретные выводы — в обзоре источников и пояснениях; наличие маркера не доказывает коллизию, отсутствие не доказывает ее отсутствие."
145.txt;165.txt;"ACT. 009; ACT. 013";145: 4, 8, 9, 16, 17, 18, 19, 20, 22, 25, 26, 27, 29, 30, 32, 33, 34, 35, 36, 37, 38, 39, 40, 43, 47, 48, 49, 61, 65, 67, 70, 72, 74, 90, 91, 97, 100 | 165: 12, 14, 21, 22, 23, 24, 26, 27;145: 8, 9, 13.1, 15, 16, 19, 20, 21, 24, 25, 26, 37, 39, 57, 61, 66, 67, 68, 75, 80, 85, 88, 100 | 165: 22, 27;145: 2, 3, 5, 6, 8, 15, 17, 17.2, 18, 19, 20, 21, 22, 23, 25, 26, 27, 29, 30, 32, 33, 35, 36, 37, 38, 39, 43, 45, 48, 49, 57, 60, 61, 68, 69, 70, 72, 73, 74, 77, 78.2, 80, 83, 84, 90, 91, 92, 93, 94, 96, 98, 99, 100 | 165: 2.1, 5, 6, 9, 10, 22, 24, 26, 28, 31, 33;145: 2, 6, 10, 11, 12, 16, 17, 18, 20, 23, 24, 25, 30, 31, 33, 35, 44, 48, 54, 58, 62, 64, 65, 68, 70, 72, 74, 100 | 165: 4, 8, 11, 14, 21, 22, 24, 25, 26, 30;"Тематическая навигация. Конкретные выводы — в обзоре источников и пояснениях; наличие маркера не доказывает коллизию, отсутствие не доказывает ее отсутствие."
145.txt;166.txt;"ACT. 003; ACT. 004; ACT. 007; ACT. 008";145: 4, 8, 9, 16, 17, 18, 19, 20, 22, 25, 26, 27, 29, 30, 32, 33, 34, 35, 36, 37, 38, 39, 40, 43, 47, 48, 49, 61, 65, 67, 70, 72, 74, 90, 91, 97, 100 | 166: 12, 13, 14, 25, 27, 28;145: 8, 9, 13.1, 15, 16, 19, 20, 21, 24, 25, 26, 37, 39, 57, 61, 66, 67, 68, 75, 80, 85, 88, 100 | 166: 3, 9, 11, 11.1, 17, 27, 28;145: 2, 3, 5, 6, 8, 15, 17, 17.2, 18, 19, 20, 21, 22, 23, 25, 26, 27, 29, 30, 32, 33, 35, 36, 37, 38, 39, 43, 45, 48, 49, 57, 60, 61, 68, 69, 70, 72, 73, 74, 77, 78.2, 80, 83, 84, 90, 91, 92, 93, 94, 96, 98, 99, 100 | 166: 9, 10, 19, 22;145: 2, 6, 10, 11, 12, 16, 17, 18, 20, 23, 24, 25, 30, 31, 33, 35, 44, 48, 54, 58, 62, 64, 65, 68, 70, 72, 74, 100 | 166: 2, 10, 19;"Тематическая навигация. Конкретные выводы — в обзоре источников и пояснениях; наличие маркера не доказывает коллизию, отсутствие не доказывает ее отсутствие."
145.txt;167.txt;"ACT. 003; ACT. 006; ACT. 009";145: 4, 8, 9, 16, 17, 18, 19, 20, 22, 25, 26, 27, 29, 30, 32, 33, 34, 35, 36, 37, 38, 39, 40, 43, 47, 48, 49, 61, 65, 67, 70, 72, 74, 90, 91, 97, 100 | 167: 4, 5, 10, 11, 13;145: 8, 9, 13.1, 15, 16, 19, 20, 21, 24, 25, 26, 37, 39, 57, 61, 66, 67, 68, 75, 80, 85, 88, 100 | 167: 2, 16;145: 2, 3, 5, 6, 8, 15, 17, 17.2, 18, 19, 20, 21, 22, 23, 25, 26, 27, 29, 30, 32, 33, 35, 36, 37, 38, 39, 43, 45, 48, 49, 57, 60, 61, 68, 69, 70, 72, 73, 74, 77, 78.2, 80, 83, 84, 90, 91, 92, 93, 94, 96, 98, 99, 100 | 167: 8, 12;145: 2, 6, 10, 11, 12, 16, 17, 18, 20, 23, 24, 25, 30, 31, 33, 35, 44, 48, 54, 58, 62, 64, 65, 68, 70, 72, 74, 100 | 167: 1, 7;"Тематическая навигация. Конкретные выводы — в обзоре источников и пояснениях; наличие маркера не доказывает коллизию, отсутствие не доказывает ее отсутствие."
145.txt;168.txt;"ACT. 003; ACT. 004; ACT. 006; ACT. 014";145: 4, 8, 9, 16, 17, 18, 19, 20, 22, 25, 26, 27, 29, 30, 32, 33, 34, 35, 36, 37, 38, 39, 40, 43, 47, 48, 49, 61, 65, 67, 70, 72, 74, 90, 91, 97, 100 | 168: 1, 4, 6, 7, 10, 11, 14;145: 8, 9, 13.1, 15, 16, 19, 20, 21, 24, 25, 26, 37, 39, 57, 61, 66, 67, 68, 75, 80, 85, 88, 100 | 168: 2, 5, 7, 9, 14, 15;145: 2, 3, 5, 6, 8, 15, 17, 17.2, 18, 19, 20, 21, 22, 23, 25, 26, 27, 29, 30, 32, 33, 35, 36, 37, 38, 39, 43, 45, 48, 49, 57, 60, 61, 68, 69, 70, 72, 73, 74, 77, 78.2, 80, 83, 84, 90, 91, 92, 93, 94, 96, 98, 99, 100 | 168: 5, 6, 7, 8, 10, 11, 11.1, 12;145: 2, 6, 10, 11, 12, 16, 17, 18, 20, 23, 24, 25, 30, 31, 33, 35, 44, 48, 54, 58, 62, 64, 65, 68, 70, 72, 74, 100 | 168: 3, 4, 8, 11, 14;"Тематическая навигация. Конкретные выводы — в обзоре источников и пояснениях; наличие маркера не доказывает коллизию, отсутствие не доказывает ее отсутствие."
145.txt;169.txt;"ACT. 009; ACT. 013";145: 4, 8, 9, 16, 17, 18, 19, 20, 22, 25, 26, 27, 29, 30, 32, 33, 34, 35, 36, 37, 38, 39, 40, 43, 47, 48, 49, 61, 65, 67, 70, 72, 74, 90, 91, 97, 100 | 169: 5, 6, 7, 10, 11;145: 8, 9, 13.1, 15, 16, 19, 20, 21, 24, 25, 26, 37, 39, 57, 61, 66, 67, 68, 75, 80, 85, 88, 100 | 169: 5, 8;145: 2, 3, 5, 6, 8, 15, 17, 17.2, 18, 19, 20, 21, 22, 23, 25, 26, 27, 29, 30, 32, 33, 35, 36, 37, 38, 39, 43, 45, 48, 49, 57, 60, 61, 68, 69, 70, 72, 73, 74, 77, 78.2, 80, 83, 84, 90, 91, 92, 93, 94, 96, 98, 99, 100 | 169: 5, 6, 7, 8, 11;145: 2, 6, 10, 11, 12, 16, 17, 18, 20, 23, 24, 25, 30, 31, 33, 35, 44, 48, 54, 58, 62, 64, 65, 68, 70, 72, 74, 100 | 169: 1, 3, 4, 5;"Тематическая навигация. Конкретные выводы — в обзоре источников и пояснениях; наличие маркера не доказывает коллизию, отсутствие не доказывает ее отсутствие."
145.txt;170.txt;ACT. 008;145: 4, 8, 9, 16, 17, 18, 19, 20, 22, 25, 26, 27, 29, 30, 32, 33, 34, 35, 36, 37, 38, 39, 40, 43, 47, 48, 49, 61, 65, 67, 70, 72, 74, 90, 91, 97, 100 | 170: 5, 6;145: 8, 9, 13.1, 15, 16, 19, 20, 21, 24, 25, 26, 37, 39, 57, 61, 66, 67, 68, 75, 80, 85, 88, 100 | 170: 5;145: 2, 3, 5, 6, 8, 15, 17, 17.2, 18, 19, 20, 21, 22, 23, 25, 26, 27, 29, 30, 32, 33, 35, 36, 37, 38, 39, 43, 45, 48, 49, 57, 60, 61, 68, 69, 70, 72, 73, 74, 77, 78.2, 80, 83, 84, 90, 91, 92, 93, 94, 96, 98, 99, 100 | 170: 3, 5;145: 2, 6, 10, 11, 12, 16, 17, 18, 20, 23, 24, 25, 30, 31, 33, 35, 44, 48, 54, 58, 62, 64, 65, 68, 70, 72, 74, 100 | 170: прямые маркеры не найдены;"Тематическая навигация. Конкретные выводы — в обзоре источников и пояснениях; наличие маркера не доказывает коллизию, отсутствие не доказывает ее отсутствие."
145.txt;171.txt;"ACT. 003; ACT. 004; ACT. 010; ACT. 013; ACT. 014";145: 4, 8, 9, 16, 17, 18, 19, 20, 22, 25, 26, 27, 29, 30, 32, 33, 34, 35, 36, 37, 38, 39, 40, 43, 47, 48, 49, 61, 65, 67, 70, 72, 74, 90, 91, 97, 100 | 171: 2, 8, 9, 12, 14;145: 8, 9, 13.1, 15, 16, 19, 20, 21, 24, 25, 26, 37, 39, 57, 61, 66, 67, 68, 75, 80, 85, 88, 100 | 171: 6;145: 2, 3, 5, 6, 8, 15, 17, 17.2, 18, 19, 20, 21, 22, 23, 25, 26, 27, 29, 30, 32, 33, 35, 36, 37, 38, 39, 43, 45, 48, 49, 57, 60, 61, 68, 69, 70, 72, 73, 74, 77, 78.2, 80, 83, 84, 90, 91, 92, 93, 94, 96, 98, 99, 100 | 171: 2, 3, 4, 6, 7, 8, 9, 11, 12, 13, 14;145: 2, 6, 10, 11, 12, 16, 17, 18, 20, 23, 24, 25, 30, 31, 33, 35, 44, 48, 54, 58, 62, 64, 65, 68, 70, 72, 74, 100 | 171: 5, 8, 10;"Тематическая навигация. Конкретные выводы — в обзоре источников и пояснениях; наличие маркера не доказывает коллизию, отсутствие не доказывает ее отсутствие."
145.txt;172.txt;"ACT. 006; ACT. 007; ACT. 009";145: 4, 8, 9, 16, 17, 18, 19, 20, 22, 25, 26, 27, 29, 30, 32, 33, 34, 35, 36, 37, 38, 39, 40, 43, 47, 48, 49, 61, 65, 67, 70, 72, 74, 90, 91, 97, 100 | 172: 1, 2, 3, 4, 5, 6, 7;145: 8, 9, 13.1, 15, 16, 19, 20, 21, 24, 25, 26, 37, 39, 57, 61, 66, 67, 68, 75, 80, 85, 88, 100 | 172: 7, 8;145: 2, 3, 5, 6, 8, 15, 17, 17.2, 18, 19, 20, 21, 22, 23, 25, 26, 27, 29, 30, 32, 33, 35, 36, 37, 38, 39, 43, 45, 48, 49, 57, 60, 61, 68, 69, 70, 72, 73, 74, 77, 78.2, 80, 83, 84, 90, 91, 92, 93, 94, 96, 98, 99, 100 | 172: 4, 5, 6;145: 2, 6, 10, 11, 12, 16, 17, 18, 20, 23, 24, 25, 30, 31, 33, 35, 44, 48, 54, 58, 62, 64, 65, 68, 70, 72, 74, 100 | 172: 1, 8;"Тематическая навигация. Конкретные выводы — в обзоре источников и пояснениях; наличие маркера не доказывает коллизию, отсутствие не доказывает ее отсутствие."
145.txt;173.txt;"ACT. 003; ACT. 004; ACT. 005; ACT. 010; ACT. 014";145: 4, 8, 9, 16, 17, 18, 19, 20, 22, 25, 26, 27, 29, 30, 32, 33, 34, 35, 36, 37, 38, 39, 40, 43, 47, 48, 49, 61, 65, 67, 70, 72, 74, 90, 91, 97, 100 | 173: 1, 4, 6, 9, 11, 12;145: 8, 9, 13.1, 15, 16, 19, 20, 21, 24, 25, 26, 37, 39, 57, 61, 66, 67, 68, 75, 80, 85, 88, 100 | 173: 1, 9, 11;145: 2, 3, 5, 6, 8, 15, 17, 17.2, 18, 19, 20, 21, 22, 23, 25, 26, 27, 29, 30, 32, 33, 35, 36, 37, 38, 39, 43, 45, 48, 49, 57, 60, 61, 68, 69, 70, 72, 73, 74, 77, 78.2, 80, 83, 84, 90, 91, 92, 93, 94, 96, 98, 99, 100 | 173: 1, 2, 3, 4, 5.1, 6, 7, 7.1, 8, 9, 10, 11, 12, 13;145: 2, 6, 10, 11, 12, 16, 17, 18, 20, 23, 24, 25, 30, 31, 33, 35, 44, 48, 54, 58, 62, 64, 65, 68, 70, 72, 74, 100 | 173: 4, 6;"Тематическая навигация. Конкретные выводы — в обзоре источников и пояснениях; наличие маркера не доказывает коллизию, отсутствие не доказывает ее отсутствие."
145.txt;174.txt;"ACT. 002; ACT. 003; ACT. 004; ACT. 005; ACT. 006; ACT. 007; ACT. 010; ACT. 014";145: 4, 8, 9, 16, 17, 18, 19, 20, 22, 25, 26, 27, 29, 30, 32, 33, 34, 35, 36, 37, 38, 39, 40, 43, 47, 48, 49, 61, 65, 67, 70, 72, 74, 90, 91, 97, 100 | 174: 1, 2, 3, 5, 7, 8, 9, 9.2, 9.3, 15, 19, 20, 35;145: 8, 9, 13.1, 15, 16, 19, 20, 21, 24, 25, 26, 37, 39, 57, 61, 66, 67, 68, 75, 80, 85, 88, 100 | 174: 4, 5, 8, 9, 19, 23, 28, 31, 34, 36, 37, 38, 40;145: 2, 3, 5, 6, 8, 15, 17, 17.2, 18, 19, 20, 21, 22, 23, 25, 26, 27, 29, 30, 32, 33, 35, 36, 37, 38, 39, 43, 45, 48, 49, 57, 60, 61, 68, 69, 70, 72, 73, 74, 77, 78.2, 80, 83, 84, 90, 91, 92, 93, 94, 96, 98, 99, 100 | 174: 1, 3, 4, 5, 8, 9.2, 19, 26, 28, 30, 35, 36, 37, 38, 39, 40;145: 2, 6, 10, 11, 12, 16, 17, 18, 20, 23, 24, 25, 30, 31, 33, 35, 44, 48, 54, 58, 62, 64, 65, 68, 70, 72, 74, 100 | 174: 2, 3, 7, 8, 9, 19;"Тематическая навигация. Конкретные выводы — в обзоре источников и пояснениях; наличие маркера не доказывает коллизию, отсутствие не доказывает ее отсутствие."
146.txt;147.txt;"ACT. 006; ACT. 007; ACT. 011";146: 1.6, 2.5, 3.6, 4.2, 5.10, 9.1, 9.2, 9.4, 9.5 | 147: 16, 59, 61, 65;146: 1.3, 1.4, 1.5, 1.6, 1.7, 1.8, 2.1, 2.2, 2.5, 3.1, 3.2, 3.3, 3.4, 3.5, 3.6, 3.7, 4.1, 4.2, 4.3, 4.4, 5.1, 5.2, 5.3, 5.4, 5.5, 5.6, 5.7, 5.8, 5.9, 5.10, 6.1, 6.1.1, 6.1.2, 6.2, 6.3, 6.4, 6.5, 6.6, 6.7, 7.1, 7.2, 8.1, 8.2, 9.1, 9.2, 9.3, 9.4, 9.5, 10.1, 10.2, 11.1, 11.2, 12.1, 12.2, 12.3, 12.4, 12.5, 12.6, 13.1, 14.1, 14.2, 14.3, 14.4, 14.5, 14.6, 14.7, 14.8, 14.9, 14.10, 14.11, 14.12, 14.13, 14.14, 14.15, 14.16, 14.17, 14.18, 14.19, 14.20, 14.21 | 147: 1, 2, 3, 4, 5, 6, 7, 8, 9, 10, 11, 12, 13, 14, 15, 16, 17, 18, 19, 20, 21, 22, 23, 24, 25, 26, 27, 28, 29, 30, 31, 32, 33, 34, 37, 38, 39, 40, 41, 42, 43, 44, 45, 46, 47, 48, 49, 50, 51, 52, 53, 56, 57, 60, 64, 65, 66, 72;146: 1.5, 1.6, 3.3, 3.7, 4.1, 4.2, 5.7, 5.10, 6.2, 9.3, 9.4, 14.1, 14.19, 14.20, 14.21 | 147: 2, 4, 5, 6, 7, 8, 9, 10, 13, 16, 17, 20, 24, 26, 28, 31, 33, 37, 38, 39, 43, 44, 51, 52, 53, 54, 56, 58, 64, 65, 66, 67, 68, 69, 70, 71;146: 1.1, 1.3, 1.4, 1.5, 1.8, 2.1, 2.2, 3.2, 3.5, 4.1, 4.2, 6.1.2, 10.2, 11.1 | 147: 29, 37, 58, 65;"Тематическая навигация. Конкретные выводы — в обзоре источников и пояснениях; наличие маркера не доказывает коллизию, отсутствие не доказывает ее отсутствие."
146.txt;148.txt;ACT. 012;146: 1.6, 2.5, 3.6, 4.2, 5.10, 9.1, 9.2, 9.4, 9.5 | 148: 4, 6, 7, 11, 12, 13, 14, 20, 21.1, 26, 27, 32;146: 1.3, 1.4, 1.5, 1.6, 1.7, 1.8, 2.1, 2.2, 2.5, 3.1, 3.2, 3.3, 3.4, 3.5, 3.6, 3.7, 4.1, 4.2, 4.3, 4.4, 5.1, 5.2, 5.3, 5.4, 5.5, 5.6, 5.7, 5.8, 5.9, 5.10, 6.1, 6.1.1, 6.1.2, 6.2, 6.3, 6.4, 6.5, 6.6, 6.7, 7.1, 7.2, 8.1, 8.2, 9.1, 9.2, 9.3, 9.4, 9.5, 10.1, 10.2, 11.1, 11.2, 12.1, 12.2, 12.3, 12.4, 12.5, 12.6, 13.1, 14.1, 14.2, 14.3, 14.4, 14.5, 14.6, 14.7, 14.8, 14.9, 14.10, 14.11, 14.12, 14.13, 14.14, 14.15, 14.16, 14.17, 14.18, 14.19, 14.20, 14.21 | 148: 1, 4, 13, 14, 32;146: 1.5, 1.6, 3.3, 3.7, 4.1, 4.2, 5.7, 5.10, 6.2, 9.3, 9.4, 14.1, 14.19, 14.20, 14.21 | 148: 2, 3, 4, 6, 8, 9, 11, 12, 13, 14, 15, 17, 20, 22, 24, 25, 26, 27, 29, 31, 32;146: 1.1, 1.3, 1.4, 1.5, 1.8, 2.1, 2.2, 3.2, 3.5, 4.1, 4.2, 6.1.2, 10.2, 11.1 | 148: 1, 2, 3, 4, 5, 6, 7, 8, 9, 10, 11, 12, 13, 14, 15, 19, 27, 32;"Тематическая навигация. Конкретные выводы — в обзоре источников и пояснениях; наличие маркера не доказывает коллизию, отсутствие не доказывает ее отсутствие."
146.txt;149.txt;ACT. 012;146: 1.6, 2.5, 3.6, 4.2, 5.10, 9.1, 9.2, 9.4, 9.5 | 149: 8, 20, 28.1, 29, 35;146: 1.3, 1.4, 1.5, 1.6, 1.7, 1.8, 2.1, 2.2, 2.5, 3.1, 3.2, 3.3, 3.4, 3.5, 3.6, 3.7, 4.1, 4.2, 4.3, 4.4, 5.1, 5.2, 5.3, 5.4, 5.5, 5.6, 5.7, 5.8, 5.9, 5.10, 6.1, 6.1.1, 6.1.2, 6.2, 6.3, 6.4, 6.5, 6.6, 6.7, 7.1, 7.2, 8.1, 8.2, 9.1, 9.2, 9.3, 9.4, 9.5, 10.1, 10.2, 11.1, 11.2, 12.1, 12.2, 12.3, 12.4, 12.5, 12.6, 13.1, 14.1, 14.2, 14.3, 14.4, 14.5, 14.6, 14.7, 14.8, 14.9, 14.10, 14.11, 14.12, 14.13, 14.14, 14.15, 14.16, 14.17, 14.18, 14.19, 14.20, 14.21 | 149: 16, 29;146: 1.5, 1.6, 3.3, 3.7, 4.1, 4.2, 5.7, 5.10, 6.2, 9.3, 9.4, 14.1, 14.19, 14.20, 14.21 | 149: 1, 3, 5, 6, 7, 9, 13, 14, 15, 18, 20, 25, 27, 28, 28.1, 29, 30, 32;146: 1.1, 1.3, 1.4, 1.5, 1.8, 2.1, 2.2, 3.2, 3.5, 4.1, 4.2, 6.1.2, 10.2, 11.1 | 149: 1, 2, 5, 6, 9, 10, 14, 25, 27, 34;"Тематическая навигация. Конкретные выводы — в обзоре источников и пояснениях; наличие маркера не доказывает коллизию, отсутствие не доказывает ее отсутствие."
146.txt;150.txt;ACT. 007;146: 1.6, 2.5, 3.6, 4.2, 5.10, 9.1, 9.2, 9.4, 9.5 | 150: 11, 13, 30;146: 1.3, 1.4, 1.5, 1.6, 1.7, 1.8, 2.1, 2.2, 2.5, 3.1, 3.2, 3.3, 3.4, 3.5, 3.6, 3.7, 4.1, 4.2, 4.3, 4.4, 5.1, 5.2, 5.3, 5.4, 5.5, 5.6, 5.7, 5.8, 5.9, 5.10, 6.1, 6.1.1, 6.1.2, 6.2, 6.3, 6.4, 6.5, 6.6, 6.7, 7.1, 7.2, 8.1, 8.2, 9.1, 9.2, 9.3, 9.4, 9.5, 10.1, 10.2, 11.1, 11.2, 12.1, 12.2, 12.3, 12.4, 12.5, 12.6, 13.1, 14.1, 14.2, 14.3, 14.4, 14.5, 14.6, 14.7, 14.8, 14.9, 14.10, 14.11, 14.12, 14.13, 14.14, 14.15, 14.16, 14.17, 14.18, 14.19, 14.20, 14.21 | 150: 4, 7, 14, 28;146: 1.5, 1.6, 3.3, 3.7, 4.1, 4.2, 5.7, 5.10, 6.2, 9.3, 9.4, 14.1, 14.19, 14.20, 14.21 | 150: 1, 2, 4, 5, 9, 10, 11, 12, 14, 16, 18, 19, 20, 22, 23, 24, 25, 26, 27, 27.1, 29, 30;146: 1.1, 1.3, 1.4, 1.5, 1.8, 2.1, 2.2, 3.2, 3.5, 4.1, 4.2, 6.1.2, 10.2, 11.1 | 150: 1, 2, 3, 9, 11, 28;"Тематическая навигация. Конкретные выводы — в обзоре источников и пояснениях; наличие маркера не доказывает коллизию, отсутствие не доказывает ее отсутствие."
146.txt;152.txt;"ACT. 006; ACT. 013";146: 1.6, 2.5, 3.6, 4.2, 5.10, 9.1, 9.2, 9.4, 9.5 | 152: 4, 5, 6, 7, 8, 13, 14, 20, 21, 23, 24, 26, 27, 28, 29, 30, 33, 34;146: 1.3, 1.4, 1.5, 1.6, 1.7, 1.8, 2.1, 2.2, 2.5, 3.1, 3.2, 3.3, 3.4, 3.5, 3.6, 3.7, 4.1, 4.2, 4.3, 4.4, 5.1, 5.2, 5.3, 5.4, 5.5, 5.6, 5.7, 5.8, 5.9, 5.10, 6.1, 6.1.1, 6.1.2, 6.2, 6.3, 6.4, 6.5, 6.6, 6.7, 7.1, 7.2, 8.1, 8.2, 9.1, 9.2, 9.3, 9.4, 9.5, 10.1, 10.2, 11.1, 11.2, 12.1, 12.2, 12.3, 12.4, 12.5, 12.6, 13.1, 14.1, 14.2, 14.3, 14.4, 14.5, 14.6, 14.7, 14.8, 14.9, 14.10, 14.11, 14.12, 14.13, 14.14, 14.15, 14.16, 14.17, 14.18, 14.19, 14.20, 14.21 | 152: 3, 10, 22;146: 1.5, 1.6, 3.3, 3.7, 4.1, 4.2, 5.7, 5.10, 6.2, 9.3, 9.4, 14.1, 14.19, 14.20, 14.21 | 152: 4, 9, 10, 12, 14, 19, 20, 29, 34;146: 1.1, 1.3, 1.4, 1.5, 1.8, 2.1, 2.2, 3.2, 3.5, 4.1, 4.2, 6.1.2, 10.2, 11.1 | 152: 1, 2, 3, 5, 6, 10, 12, 13, 15, 18, 19, 21, 22, 23, 24, 25, 27, 28, 30, 31, 33, 34;"Тематическая навигация. Конкретные выводы — в обзоре источников и пояснениях; наличие маркера не доказывает коллизию, отсутствие не доказывает ее отсутствие."
146.txt;153.txt;ACT. 007;146: 1.6, 2.5, 3.6, 4.2, 5.10, 9.1, 9.2, 9.4, 9.5 | 153: 1, 7, 8.2, 10, 11, 12, 13, 14, 15, 16, 26, 29, 29.1, 29.2, 34, 35, 39, 40, 41, 43, 44;146: 1.3, 1.4, 1.5, 1.6, 1.7, 1.8, 2.1, 2.2, 2.5, 3.1, 3.2, 3.3, 3.4, 3.5, 3.6, 3.7, 4.1, 4.2, 4.3, 4.4, 5.1, 5.2, 5.3, 5.4, 5.5, 5.6, 5.7, 5.8, 5.9, 5.10, 6.1, 6.1.1, 6.1.2, 6.2, 6.3, 6.4, 6.5, 6.6, 6.7, 7.1, 7.2, 8.1, 8.2, 9.1, 9.2, 9.3, 9.4, 9.5, 10.1, 10.2, 11.1, 11.2, 12.1, 12.2, 12.3, 12.4, 12.5, 12.6, 13.1, 14.1, 14.2, 14.3, 14.4, 14.5, 14.6, 14.7, 14.8, 14.9, 14.10, 14.11, 14.12, 14.13, 14.14, 14.15, 14.16, 14.17, 14.18, 14.19, 14.20, 14.21 | 153: 9, 33, 34, 35, 36, 38;146: 1.5, 1.6, 3.3, 3.7, 4.1, 4.2, 5.7, 5.10, 6.2, 9.3, 9.4, 14.1, 14.19, 14.20, 14.21 | 153: 8.2, 16, 19, 20, 21, 22, 23, 31, 39, 43, 44;146: 1.1, 1.3, 1.4, 1.5, 1.8, 2.1, 2.2, 3.2, 3.5, 4.1, 4.2, 6.1.2, 10.2, 11.1 | 153: 1, 13, 27, 29, 29.1, 29.2;"Тематическая навигация. Конкретные выводы — в обзоре источников и пояснениях; наличие маркера не доказывает коллизию, отсутствие не доказывает ее отсутствие."
146.txt;154.txt;ACT. 001 — общие правила соотношения актов;146: 1.6, 2.5, 3.6, 4.2, 5.10, 9.1, 9.2, 9.4, 9.5 | 154: 4, 6;146: 1.3, 1.4, 1.5, 1.6, 1.7, 1.8, 2.1, 2.2, 2.5, 3.1, 3.2, 3.3, 3.4, 3.5, 3.6, 3.7, 4.1, 4.2, 4.3, 4.4, 5.1, 5.2, 5.3, 5.4, 5.5, 5.6, 5.7, 5.8, 5.9, 5.10, 6.1, 6.1.1, 6.1.2, 6.2, 6.3, 6.4, 6.5, 6.6, 6.7, 7.1, 7.2, 8.1, 8.2, 9.1, 9.2, 9.3, 9.4, 9.5, 10.1, 10.2, 11.1, 11.2, 12.1, 12.2, 12.3, 12.4, 12.5, 12.6, 13.1, 14.1, 14.2, 14.3, 14.4, 14.5, 14.6, 14.7, 14.8, 14.9, 14.10, 14.11, 14.12, 14.13, 14.14, 14.15, 14.16, 14.17, 14.18, 14.19, 14.20, 14.21 | 154: прямые маркеры не найдены;146: 1.5, 1.6, 3.3, 3.7, 4.1, 4.2, 5.7, 5.10, 6.2, 9.3, 9.4, 14.1, 14.19, 14.20, 14.21 | 154: 4, 5;146: 1.1, 1.3, 1.4, 1.5, 1.8, 2.1, 2.2, 3.2, 3.5, 4.1, 4.2, 6.1.2, 10.2, 11.1 | 154: 2;"Тематическая навигация. Конкретные выводы — в обзоре источников и пояснениях; наличие маркера не доказывает коллизию, отсутствие не доказывает ее отсутствие."
146.txt;155.txt;"ACT. 006; ACT. 011";146: 1.6, 2.5, 3.6, 4.2, 5.10, 9.1, 9.2, 9.4, 9.5 | 155: 4, 5, 6, 13, 14.2, 15, 19, 20, 22.2, 23, 24, 27, 28;146: 1.3, 1.4, 1.5, 1.6, 1.7, 1.8, 2.1, 2.2, 2.5, 3.1, 3.2, 3.3, 3.4, 3.5, 3.6, 3.7, 4.1, 4.2, 4.3, 4.4, 5.1, 5.2, 5.3, 5.4, 5.5, 5.6, 5.7, 5.8, 5.9, 5.10, 6.1, 6.1.1, 6.1.2, 6.2, 6.3, 6.4, 6.5, 6.6, 6.7, 7.1, 7.2, 8.1, 8.2, 9.1, 9.2, 9.3, 9.4, 9.5, 10.1, 10.2, 11.1, 11.2, 12.1, 12.2, 12.3, 12.4, 12.5, 12.6, 13.1, 14.1, 14.2, 14.3, 14.4, 14.5, 14.6, 14.7, 14.8, 14.9, 14.10, 14.11, 14.12, 14.13, 14.14, 14.15, 14.16, 14.17, 14.18, 14.19, 14.20, 14.21 | 155: 6, 18, 26, 29;146: 1.5, 1.6, 3.3, 3.7, 4.1, 4.2, 5.7, 5.10, 6.2, 9.3, 9.4, 14.1, 14.19, 14.20, 14.21 | 155: 3, 8, 9, 10, 13, 15, 16, 18, 19, 20, 23, 25, 26, 28, 29, 30;146: 1.1, 1.3, 1.4, 1.5, 1.8, 2.1, 2.2, 3.2, 3.5, 4.1, 4.2, 6.1.2, 10.2, 11.1 | 155: 2, 27, 28, 29;"Тематическая навигация. Конкретные выводы — в обзоре источников и пояснениях; наличие маркера не доказывает коллизию, отсутствие не доказывает ее отсутствие."
146.txt;156.txt;"ACT. 006; ACT. 007; ACT. 011";146: 1.6, 2.5, 3.6, 4.2, 5.10, 9.1, 9.2, 9.4, 9.5 | 156: 1, 4, 7, 8, 9, 10, 13, 14, 16, 17, 18, 19, 20, 21, 21.1, 21.2, 21.3, 23, 27;146: 1.3, 1.4, 1.5, 1.6, 1.7, 1.8, 2.1, 2.2, 2.5, 3.1, 3.2, 3.3, 3.4, 3.5, 3.6, 3.7, 4.1, 4.2, 4.3, 4.4, 5.1, 5.2, 5.3, 5.4, 5.5, 5.6, 5.7, 5.8, 5.9, 5.10, 6.1, 6.1.1, 6.1.2, 6.2, 6.3, 6.4, 6.5, 6.6, 6.7, 7.1, 7.2, 8.1, 8.2, 9.1, 9.2, 9.3, 9.4, 9.5, 10.1, 10.2, 11.1, 11.2, 12.1, 12.2, 12.3, 12.4, 12.5, 12.6, 13.1, 14.1, 14.2, 14.3, 14.4, 14.5, 14.6, 14.7, 14.8, 14.9, 14.10, 14.11, 14.12, 14.13, 14.14, 14.15, 14.16, 14.17, 14.18, 14.19, 14.20, 14.21 | 156: 10, 13, 20, 21.2, 21.4, 24, 28;146: 1.5, 1.6, 3.3, 3.7, 4.1, 4.2, 5.7, 5.10, 6.2, 9.3, 9.4, 14.1, 14.19, 14.20, 14.21 | 156: 4, 6, 7, 8, 9, 13, 14, 17, 18, 19, 21.1, 21.2, 21.4, 21.5, 23, 24, 28;146: 1.1, 1.3, 1.4, 1.5, 1.8, 2.1, 2.2, 3.2, 3.5, 4.1, 4.2, 6.1.2, 10.2, 11.1 | 156: 2, 7, 9, 10, 21.1;"Тематическая навигация. Конкретные выводы — в обзоре источников и пояснениях; наличие маркера не доказывает коллизию, отсутствие не доказывает ее отсутствие."
146.txt;157.txt;ACT. 006;146: 1.6, 2.5, 3.6, 4.2, 5.10, 9.1, 9.2, 9.4, 9.5 | 157: 1, 3, 6, 7, 8, 11, 12, 13;146: 1.3, 1.4, 1.5, 1.6, 1.7, 1.8, 2.1, 2.2, 2.5, 3.1, 3.2, 3.3, 3.4, 3.5, 3.6, 3.7, 4.1, 4.2, 4.3, 4.4, 5.1, 5.2, 5.3, 5.4, 5.5, 5.6, 5.7, 5.8, 5.9, 5.10, 6.1, 6.1.1, 6.1.2, 6.2, 6.3, 6.4, 6.5, 6.6, 6.7, 7.1, 7.2, 8.1, 8.2, 9.1, 9.2, 9.3, 9.4, 9.5, 10.1, 10.2, 11.1, 11.2, 12.1, 12.2, 12.3, 12.4, 12.5, 12.6, 13.1, 14.1, 14.2, 14.3, 14.4, 14.5, 14.6, 14.7, 14.8, 14.9, 14.10, 14.11, 14.12, 14.13, 14.14, 14.15, 14.16, 14.17, 14.18, 14.19, 14.20, 14.21 | 157: 10, 15;146: 1.5, 1.6, 3.3, 3.7, 4.1, 4.2, 5.7, 5.10, 6.2, 9.3, 9.4, 14.1, 14.19, 14.20, 14.21 | 157: 1, 4, 5, 6, 7, 7.1, 8, 10, 12, 14, 15;146: 1.1, 1.3, 1.4, 1.5, 1.8, 2.1, 2.2, 3.2, 3.5, 4.1, 4.2, 6.1.2, 10.2, 11.1 | 157: 1, 3, 4;"Тематическая навигация. Конкретные выводы — в обзоре источников и пояснениях; наличие маркера не доказывает коллизию, отсутствие не доказывает ее отсутствие."
146.txt;158.txt;ACT. 006;146: 1.6, 2.5, 3.6, 4.2, 5.10, 9.1, 9.2, 9.4, 9.5 | 158: 1, 2, 5, 7, 9, 10, 11, 12, 13, 19, 19.1, 20, 20.1, 21, 21.1;146: 1.3, 1.4, 1.5, 1.6, 1.7, 1.8, 2.1, 2.2, 2.5, 3.1, 3.2, 3.3, 3.4, 3.5, 3.6, 3.7, 4.1, 4.2, 4.3, 4.4, 5.1, 5.2, 5.3, 5.4, 5.5, 5.6, 5.7, 5.8, 5.9, 5.10, 6.1, 6.1.1, 6.1.2, 6.2, 6.3, 6.4, 6.5, 6.6, 6.7, 7.1, 7.2, 8.1, 8.2, 9.1, 9.2, 9.3, 9.4, 9.5, 10.1, 10.2, 11.1, 11.2, 12.1, 12.2, 12.3, 12.4, 12.5, 12.6, 13.1, 14.1, 14.2, 14.3, 14.4, 14.5, 14.6, 14.7, 14.8, 14.9, 14.10, 14.11, 14.12, 14.13, 14.14, 14.15, 14.16, 14.17, 14.18, 14.19, 14.20, 14.21 | 158: 3, 5, 10, 18, 23, 26, 27;146: 1.5, 1.6, 3.3, 3.7, 4.1, 4.2, 5.7, 5.10, 6.2, 9.3, 9.4, 14.1, 14.19, 14.20, 14.21 | 158: 2, 4, 7, 10, 12, 14, 15, 21, 25, 27;146: 1.1, 1.3, 1.4, 1.5, 1.8, 2.1, 2.2, 3.2, 3.5, 4.1, 4.2, 6.1.2, 10.2, 11.1 | 158: 3, 23, 27;"Тематическая навигация. Конкретные выводы — в обзоре источников и пояснениях; наличие маркера не доказывает коллизию, отсутствие не доказывает ее отсутствие."
146.txt;159.txt;ACT. 001 — общие правила соотношения актов;146: 1.6, 2.5, 3.6, 4.2, 5.10, 9.1, 9.2, 9.4, 9.5 | 159: 1, 3, 4, 5, 8, 9, 11, 12, 13, 14, 15, 17, 18, 19, 20, 21, 22, 23, 24, 25, 26, 27, 28, 29, 30, 31, 32, 33, 34, 35, 36, 37;146: 1.3, 1.4, 1.5, 1.6, 1.7, 1.8, 2.1, 2.2, 2.5, 3.1, 3.2, 3.3, 3.4, 3.5, 3.6, 3.7, 4.1, 4.2, 4.3, 4.4, 5.1, 5.2, 5.3, 5.4, 5.5, 5.6, 5.7, 5.8, 5.9, 5.10, 6.1, 6.1.1, 6.1.2, 6.2, 6.3, 6.4, 6.5, 6.6, 6.7, 7.1, 7.2, 8.1, 8.2, 9.1, 9.2, 9.3, 9.4, 9.5, 10.1, 10.2, 11.1, 11.2, 12.1, 12.2, 12.3, 12.4, 12.5, 12.6, 13.1, 14.1, 14.2, 14.3, 14.4, 14.5, 14.6, 14.7, 14.8, 14.9, 14.10, 14.11, 14.12, 14.13, 14.14, 14.15, 14.16, 14.17, 14.18, 14.19, 14.20, 14.21 | 159: 5, 8, 14, 28, 30, 33;146: 1.5, 1.6, 3.3, 3.7, 4.1, 4.2, 5.7, 5.10, 6.2, 9.3, 9.4, 14.1, 14.19, 14.20, 14.21 | 159: 3, 5, 6, 7, 8, 9, 11, 12, 13, 14, 15, 16, 17, 20, 21, 22, 23, 25, 26, 27, 28, 29, 30, 31, 32, 33, 34, 35, 36, 37;146: 1.1, 1.3, 1.4, 1.5, 1.8, 2.1, 2.2, 3.2, 3.5, 4.1, 4.2, 6.1.2, 10.2, 11.1 | 159: 5, 6, 8, 9, 23, 29, 31, 35, 36;"Тематическая навигация. Конкретные выводы — в обзоре источников и пояснениях; наличие маркера не доказывает коллизию, отсутствие не доказывает ее отсутствие."
146.txt;160.txt;ACT. 012;146: 1.6, 2.5, 3.6, 4.2, 5.10, 9.1, 9.2, 9.4, 9.5 | 160: 25, 26;146: 1.3, 1.4, 1.5, 1.6, 1.7, 1.8, 2.1, 2.2, 2.5, 3.1, 3.2, 3.3, 3.4, 3.5, 3.6, 3.7, 4.1, 4.2, 4.3, 4.4, 5.1, 5.2, 5.3, 5.4, 5.5, 5.6, 5.7, 5.8, 5.9, 5.10, 6.1, 6.1.1, 6.1.2, 6.2, 6.3, 6.4, 6.5, 6.6, 6.7, 7.1, 7.2, 8.1, 8.2, 9.1, 9.2, 9.3, 9.4, 9.5, 10.1, 10.2, 11.1, 11.2, 12.1, 12.2, 12.3, 12.4, 12.5, 12.6, 13.1, 14.1, 14.2, 14.3, 14.4, 14.5, 14.6, 14.7, 14.8, 14.9, 14.10, 14.11, 14.12, 14.13, 14.14, 14.15, 14.16, 14.17, 14.18, 14.19, 14.20, 14.21 | 160: 29, 30, 31, 32;146: 1.5, 1.6, 3.3, 3.7, 4.1, 4.2, 5.7, 5.10, 6.2, 9.3, 9.4, 14.1, 14.19, 14.20, 14.21 | 160: 7, 9, 16, 18, 19;146: 1.1, 1.3, 1.4, 1.5, 1.8, 2.1, 2.2, 3.2, 3.5, 4.1, 4.2, 6.1.2, 10.2, 11.1 | 160: прямые маркеры не найдены;"Тематическая навигация. Конкретные выводы — в обзоре источников и пояснениях; наличие маркера не доказывает коллизию, отсутствие не доказывает ее отсутствие."
146.txt;161.txt;"ACT. 006; ACT. 012";146: 1.6, 2.5, 3.6, 4.2, 5.10, 9.1, 9.2, 9.4, 9.5 | 161: 7, 13, 21, 29, 29.1, 37, 38, 40;146: 1.3, 1.4, 1.5, 1.6, 1.7, 1.8, 2.1, 2.2, 2.5, 3.1, 3.2, 3.3, 3.4, 3.5, 3.6, 3.7, 4.1, 4.2, 4.3, 4.4, 5.1, 5.2, 5.3, 5.4, 5.5, 5.6, 5.7, 5.8, 5.9, 5.10, 6.1, 6.1.1, 6.1.2, 6.2, 6.3, 6.4, 6.5, 6.6, 6.7, 7.1, 7.2, 8.1, 8.2, 9.1, 9.2, 9.3, 9.4, 9.5, 10.1, 10.2, 11.1, 11.2, 12.1, 12.2, 12.3, 12.4, 12.5, 12.6, 13.1, 14.1, 14.2, 14.3, 14.4, 14.5, 14.6, 14.7, 14.8, 14.9, 14.10, 14.11, 14.12, 14.13, 14.14, 14.15, 14.16, 14.17, 14.18, 14.19, 14.20, 14.21 | 161: 23, 41;146: 1.5, 1.6, 3.3, 3.7, 4.1, 4.2, 5.7, 5.10, 6.2, 9.3, 9.4, 14.1, 14.19, 14.20, 14.21 | 161: 10, 11, 13, 15, 16, 16.1, 16.2, 18, 18.1, 21, 24, 25, 28, 32.1, 33.1, 35, 37, 42;146: 1.1, 1.3, 1.4, 1.5, 1.8, 2.1, 2.2, 3.2, 3.5, 4.1, 4.2, 6.1.2, 10.2, 11.1 | 161: 1, 3, 37;"Тематическая навигация. Конкретные выводы — в обзоре источников и пояснениях; наличие маркера не доказывает коллизию, отсутствие не доказывает ее отсутствие."
146.txt;162.txt;"ACT. 005; ACT. 007";146: 1.6, 2.5, 3.6, 4.2, 5.10, 9.1, 9.2, 9.4, 9.5 | 162: 4, 7;146: 1.3, 1.4, 1.5, 1.6, 1.7, 1.8, 2.1, 2.2, 2.5, 3.1, 3.2, 3.3, 3.4, 3.5, 3.6, 3.7, 4.1, 4.2, 4.3, 4.4, 5.1, 5.2, 5.3, 5.4, 5.5, 5.6, 5.7, 5.8, 5.9, 5.10, 6.1, 6.1.1, 6.1.2, 6.2, 6.3, 6.4, 6.5, 6.6, 6.7, 7.1, 7.2, 8.1, 8.2, 9.1, 9.2, 9.3, 9.4, 9.5, 10.1, 10.2, 11.1, 11.2, 12.1, 12.2, 12.3, 12.4, 12.5, 12.6, 13.1, 14.1, 14.2, 14.3, 14.4, 14.5, 14.6, 14.7, 14.8, 14.9, 14.10, 14.11, 14.12, 14.13, 14.14, 14.15, 14.16, 14.17, 14.18, 14.19, 14.20, 14.21 | 162: 3, 4, 9;146: 1.5, 1.6, 3.3, 3.7, 4.1, 4.2, 5.7, 5.10, 6.2, 9.3, 9.4, 14.1, 14.19, 14.20, 14.21 | 162: 1, 3, 6, 7;146: 1.1, 1.3, 1.4, 1.5, 1.8, 2.1, 2.2, 3.2, 3.5, 4.1, 4.2, 6.1.2, 10.2, 11.1 | 162: 4, 5, 6, 9;"Тематическая навигация. Конкретные выводы — в обзоре источников и пояснениях; наличие маркера не доказывает коллизию, отсутствие не доказывает ее отсутствие."
146.txt;163.txt;ACT. 001 — общие правила соотношения актов;146: 1.6, 2.5, 3.6, 4.2, 5.10, 9.1, 9.2, 9.4, 9.5 | 163: Главы I–III;146: 1.3, 1.4, 1.5, 1.6, 1.7, 1.8, 2.1, 2.2, 2.5, 3.1, 3.2, 3.3, 3.4, 3.5, 3.6, 3.7, 4.1, 4.2, 4.3, 4.4, 5.1, 5.2, 5.3, 5.4, 5.5, 5.6, 5.7, 5.8, 5.9, 5.10, 6.1, 6.1.1, 6.1.2, 6.2, 6.3, 6.4, 6.5, 6.6, 6.7, 7.1, 7.2, 8.1, 8.2, 9.1, 9.2, 9.3, 9.4, 9.5, 10.1, 10.2, 11.1, 11.2, 12.1, 12.2, 12.3, 12.4, 12.5, 12.6, 13.1, 14.1, 14.2, 14.3, 14.4, 14.5, 14.6, 14.7, 14.8, 14.9, 14.10, 14.11, 14.12, 14.13, 14.14, 14.15, 14.16, 14.17, 14.18, 14.19, 14.20, 14.21 | 163: Главы I–III;146: 1.5, 1.6, 3.3, 3.7, 4.1, 4.2, 5.7, 5.10, 6.2, 9.3, 9.4, 14.1, 14.19, 14.20, 14.21 | 163: Главы I–III;146: 1.1, 1.3, 1.4, 1.5, 1.8, 2.1, 2.2, 3.2, 3.5, 4.1, 4.2, 6.1.2, 10.2, 11.1 | 163: Главы I–III;"Тематическая навигация. Конкретные выводы — в обзоре источников и пояснениях; наличие маркера не доказывает коллизию, отсутствие не доказывает ее отсутствие."
146.txt;164.txt;ACT. 001 — общие правила соотношения актов;146: 1.6, 2.5, 3.6, 4.2, 5.10, 9.1, 9.2, 9.4, 9.5 | 164: прямые маркеры не найдены;146: 1.3, 1.4, 1.5, 1.6, 1.7, 1.8, 2.1, 2.2, 2.5, 3.1, 3.2, 3.3, 3.4, 3.5, 3.6, 3.7, 4.1, 4.2, 4.3, 4.4, 5.1, 5.2, 5.3, 5.4, 5.5, 5.6, 5.7, 5.8, 5.9, 5.10, 6.1, 6.1.1, 6.1.2, 6.2, 6.3, 6.4, 6.5, 6.6, 6.7, 7.1, 7.2, 8.1, 8.2, 9.1, 9.2, 9.3, 9.4, 9.5, 10.1, 10.2, 11.1, 11.2, 12.1, 12.2, 12.3, 12.4, 12.5, 12.6, 13.1, 14.1, 14.2, 14.3, 14.4, 14.5, 14.6, 14.7, 14.8, 14.9, 14.10, 14.11, 14.12, 14.13, 14.14, 14.15, 14.16, 14.17, 14.18, 14.19, 14.20, 14.21 | 164: прямые маркеры не найдены;146: 1.5, 1.6, 3.3, 3.7, 4.1, 4.2, 5.7, 5.10, 6.2, 9.3, 9.4, 14.1, 14.19, 14.20, 14.21 | 164: 1, 4;146: 1.1, 1.3, 1.4, 1.5, 1.8, 2.1, 2.2, 3.2, 3.5, 4.1, 4.2, 6.1.2, 10.2, 11.1 | 164: прямые маркеры не найдены;"Тематическая навигация. Конкретные выводы — в обзоре источников и пояснениях; наличие маркера не доказывает коллизию, отсутствие не доказывает ее отсутствие."
146.txt;165.txt;ACT. 013;146: 1.6, 2.5, 3.6, 4.2, 5.10, 9.1, 9.2, 9.4, 9.5 | 165: 12, 14, 21, 22, 23, 24, 26, 27;146: 1.3, 1.4, 1.5, 1.6, 1.7, 1.8, 2.1, 2.2, 2.5, 3.1, 3.2, 3.3, 3.4, 3.5, 3.6, 3.7, 4.1, 4.2, 4.3, 4.4, 5.1, 5.2, 5.3, 5.4, 5.5, 5.6, 5.7, 5.8, 5.9, 5.10, 6.1, 6.1.1, 6.1.2, 6.2, 6.3, 6.4, 6.5, 6.6, 6.7, 7.1, 7.2, 8.1, 8.2, 9.1, 9.2, 9.3, 9.4, 9.5, 10.1, 10.2, 11.1, 11.2, 12.1, 12.2, 12.3, 12.4, 12.5, 12.6, 13.1, 14.1, 14.2, 14.3, 14.4, 14.5, 14.6, 14.7, 14.8, 14.9, 14.10, 14.11, 14.12, 14.13, 14.14, 14.15, 14.16, 14.17, 14.18, 14.19, 14.20, 14.21 | 165: 22, 27;146: 1.5, 1.6, 3.3, 3.7, 4.1, 4.2, 5.7, 5.10, 6.2, 9.3, 9.4, 14.1, 14.19, 14.20, 14.21 | 165: 2.1, 5, 6, 9, 10, 22, 24, 26, 28, 31, 33;146: 1.1, 1.3, 1.4, 1.5, 1.8, 2.1, 2.2, 3.2, 3.5, 4.1, 4.2, 6.1.2, 10.2, 11.1 | 165: 4, 8, 11, 14, 21, 22, 24, 25, 26, 30;"Тематическая навигация. Конкретные выводы — в обзоре источников и пояснениях; наличие маркера не доказывает коллизию, отсутствие не доказывает ее отсутствие."
146.txt;166.txt;"ACT. 007; ACT. 012";146: 1.6, 2.5, 3.6, 4.2, 5.10, 9.1, 9.2, 9.4, 9.5 | 166: 12, 13, 14, 25, 27, 28;146: 1.3, 1.4, 1.5, 1.6, 1.7, 1.8, 2.1, 2.2, 2.5, 3.1, 3.2, 3.3, 3.4, 3.5, 3.6, 3.7, 4.1, 4.2, 4.3, 4.4, 5.1, 5.2, 5.3, 5.4, 5.5, 5.6, 5.7, 5.8, 5.9, 5.10, 6.1, 6.1.1, 6.1.2, 6.2, 6.3, 6.4, 6.5, 6.6, 6.7, 7.1, 7.2, 8.1, 8.2, 9.1, 9.2, 9.3, 9.4, 9.5, 10.1, 10.2, 11.1, 11.2, 12.1, 12.2, 12.3, 12.4, 12.5, 12.6, 13.1, 14.1, 14.2, 14.3, 14.4, 14.5, 14.6, 14.7, 14.8, 14.9, 14.10, 14.11, 14.12, 14.13, 14.14, 14.15, 14.16, 14.17, 14.18, 14.19, 14.20, 14.21 | 166: 3, 9, 11, 11.1, 17, 27, 28;146: 1.5, 1.6, 3.3, 3.7, 4.1, 4.2, 5.7, 5.10, 6.2, 9.3, 9.4, 14.1, 14.19, 14.20, 14.21 | 166: 9, 10, 19, 22;146: 1.1, 1.3, 1.4, 1.5, 1.8, 2.1, 2.2, 3.2, 3.5, 4.1, 4.2, 6.1.2, 10.2, 11.1 | 166: 2, 10, 19;"Тематическая навигация. Конкретные выводы — в обзоре источников и пояснениях; наличие маркера не доказывает коллизию, отсутствие не доказывает ее отсутствие."
146.txt;167.txt;ACT. 006;146: 1.6, 2.5, 3.6, 4.2, 5.10, 9.1, 9.2, 9.4, 9.5 | 167: 4, 5, 10, 11, 13;146: 1.3, 1.4, 1.5, 1.6, 1.7, 1.8, 2.1, 2.2, 2.5, 3.1, 3.2, 3.3, 3.4, 3.5, 3.6, 3.7, 4.1, 4.2, 4.3, 4.4, 5.1, 5.2, 5.3, 5.4, 5.5, 5.6, 5.7, 5.8, 5.9, 5.10, 6.1, 6.1.1, 6.1.2, 6.2, 6.3, 6.4, 6.5, 6.6, 6.7, 7.1, 7.2, 8.1, 8.2, 9.1, 9.2, 9.3, 9.4, 9.5, 10.1, 10.2, 11.1, 11.2, 12.1, 12.2, 12.3, 12.4, 12.5, 12.6, 13.1, 14.1, 14.2, 14.3, 14.4, 14.5, 14.6, 14.7, 14.8, 14.9, 14.10, 14.11, 14.12, 14.13, 14.14, 14.15, 14.16, 14.17, 14.18, 14.19, 14.20, 14.21 | 167: 2, 16;146: 1.5, 1.6, 3.3, 3.7, 4.1, 4.2, 5.7, 5.10, 6.2, 9.3, 9.4, 14.1, 14.19, 14.20, 14.21 | 167: 8, 12;146: 1.1, 1.3, 1.4, 1.5, 1.8, 2.1, 2.2, 3.2, 3.5, 4.1, 4.2, 6.1.2, 10.2, 11.1 | 167: 1, 7;"Тематическая навигация. Конкретные выводы — в обзоре источников и пояснениях; наличие маркера не доказывает коллизию, отсутствие не доказывает ее отсутствие."
146.txt;168.txt;ACT. 006;146: 1.6, 2.5, 3.6, 4.2, 5.10, 9.1, 9.2, 9.4, 9.5 | 168: 1, 4, 6, 7, 10, 11, 14;146: 1.3, 1.4, 1.5, 1.6, 1.7, 1.8, 2.1, 2.2, 2.5, 3.1, 3.2, 3.3, 3.4, 3.5, 3.6, 3.7, 4.1, 4.2, 4.3, 4.4, 5.1, 5.2, 5.3, 5.4, 5.5, 5.6, 5.7, 5.8, 5.9, 5.10, 6.1, 6.1.1, 6.1.2, 6.2, 6.3, 6.4, 6.5, 6.6, 6.7, 7.1, 7.2, 8.1, 8.2, 9.1, 9.2, 9.3, 9.4, 9.5, 10.1, 10.2, 11.1, 11.2, 12.1, 12.2, 12.3, 12.4, 12.5, 12.6, 13.1, 14.1, 14.2, 14.3, 14.4, 14.5, 14.6, 14.7, 14.8, 14.9, 14.10, 14.11, 14.12, 14.13, 14.14, 14.15, 14.16, 14.17, 14.18, 14.19, 14.20, 14.21 | 168: 2, 5, 7, 9, 14, 15;146: 1.5, 1.6, 3.3, 3.7, 4.1, 4.2, 5.7, 5.10, 6.2, 9.3, 9.4, 14.1, 14.19, 14.20, 14.21 | 168: 5, 6, 7, 8, 10, 11, 11.1, 12;146: 1.1, 1.3, 1.4, 1.5, 1.8, 2.1, 2.2, 3.2, 3.5, 4.1, 4.2, 6.1.2, 10.2, 11.1 | 168: 3, 4, 8, 11, 14;"Тематическая навигация. Конкретные выводы — в обзоре источников и пояснениях; наличие маркера не доказывает коллизию, отсутствие не доказывает ее отсутствие."
146.txt;169.txt;ACT. 013;146: 1.6, 2.5, 3.6, 4.2, 5.10, 9.1, 9.2, 9.4, 9.5 | 169: 5, 6, 7, 10, 11;146: 1.3, 1.4, 1.5, 1.6, 1.7, 1.8, 2.1, 2.2, 2.5, 3.1, 3.2, 3.3, 3.4, 3.5, 3.6, 3.7, 4.1, 4.2, 4.3, 4.4, 5.1, 5.2, 5.3, 5.4, 5.5, 5.6, 5.7, 5.8, 5.9, 5.10, 6.1, 6.1.1, 6.1.2, 6.2, 6.3, 6.4, 6.5, 6.6, 6.7, 7.1, 7.2, 8.1, 8.2, 9.1, 9.2, 9.3, 9.4, 9.5, 10.1, 10.2, 11.1, 11.2, 12.1, 12.2, 12.3, 12.4, 12.5, 12.6, 13.1, 14.1, 14.2, 14.3, 14.4, 14.5, 14.6, 14.7, 14.8, 14.9, 14.10, 14.11, 14.12, 14.13, 14.14, 14.15, 14.16, 14.17, 14.18, 14.19, 14.20, 14.21 | 169: 5, 8;146: 1.5, 1.6, 3.3, 3.7, 4.1, 4.2, 5.7, 5.10, 6.2, 9.3, 9.4, 14.1, 14.19, 14.20, 14.21 | 169: 5, 6, 7, 8, 11;146: 1.1, 1.3, 1.4, 1.5, 1.8, 2.1, 2.2, 3.2, 3.5, 4.1, 4.2, 6.1.2, 10.2, 11.1 | 169: 1, 3, 4, 5;"Тематическая навигация. Конкретные выводы — в обзоре источников и пояснениях; наличие маркера не доказывает коллизию, отсутствие не доказывает ее отсутствие."
146.txt;170.txt;ACT. 001 — общие правила соотношения актов;146: 1.6, 2.5, 3.6, 4.2, 5.10, 9.1, 9.2, 9.4, 9.5 | 170: 5, 6;146: 1.3, 1.4, 1.5, 1.6, 1.7, 1.8, 2.1, 2.2, 2.5, 3.1, 3.2, 3.3, 3.4, 3.5, 3.6, 3.7, 4.1, 4.2, 4.3, 4.4, 5.1, 5.2, 5.3, 5.4, 5.5, 5.6, 5.7, 5.8, 5.9, 5.10, 6.1, 6.1.1, 6.1.2, 6.2, 6.3, 6.4, 6.5, 6.6, 6.7, 7.1, 7.2, 8.1, 8.2, 9.1, 9.2, 9.3, 9.4, 9.5, 10.1, 10.2, 11.1, 11.2, 12.1, 12.2, 12.3, 12.4, 12.5, 12.6, 13.1, 14.1, 14.2, 14.3, 14.4, 14.5, 14.6, 14.7, 14.8, 14.9, 14.10, 14.11, 14.12, 14.13, 14.14, 14.15, 14.16, 14.17, 14.18, 14.19, 14.20, 14.21 | 170: 5;146: 1.5, 1.6, 3.3, 3.7, 4.1, 4.2, 5.7, 5.10, 6.2, 9.3, 9.4, 14.1, 14.19, 14.20, 14.21 | 170: 3, 5;146: 1.1, 1.3, 1.4, 1.5, 1.8, 2.1, 2.2, 3.2, 3.5, 4.1, 4.2, 6.1.2, 10.2, 11.1 | 170: прямые маркеры не найдены;"Тематическая навигация. Конкретные выводы — в обзоре источников и пояснениях; наличие маркера не доказывает коллизию, отсутствие не доказывает ее отсутствие."
146.txt;171.txt;ACT. 013;146: 1.6, 2.5, 3.6, 4.2, 5.10, 9.1, 9.2, 9.4, 9.5 | 171: 2, 8, 9, 12, 14;146: 1.3, 1.4, 1.5, 1.6, 1.7, 1.8, 2.1, 2.2, 2.5, 3.1, 3.2, 3.3, 3.4, 3.5, 3.6, 3.7, 4.1, 4.2, 4.3, 4.4, 5.1, 5.2, 5.3, 5.4, 5.5, 5.6, 5.7, 5.8, 5.9, 5.10, 6.1, 6.1.1, 6.1.2, 6.2, 6.3, 6.4, 6.5, 6.6, 6.7, 7.1, 7.2, 8.1, 8.2, 9.1, 9.2, 9.3, 9.4, 9.5, 10.1, 10.2, 11.1, 11.2, 12.1, 12.2, 12.3, 12.4, 12.5, 12.6, 13.1, 14.1, 14.2, 14.3, 14.4, 14.5, 14.6, 14.7, 14.8, 14.9, 14.10, 14.11, 14.12, 14.13, 14.14, 14.15, 14.16, 14.17, 14.18, 14.19, 14.20, 14.21 | 171: 6;146: 1.5, 1.6, 3.3, 3.7, 4.1, 4.2, 5.7, 5.10, 6.2, 9.3, 9.4, 14.1, 14.19, 14.20, 14.21 | 171: 2, 3, 4, 6, 7, 8, 9, 11, 12, 13, 14;146: 1.1, 1.3, 1.4, 1.5, 1.8, 2.1, 2.2, 3.2, 3.5, 4.1, 4.2, 6.1.2, 10.2, 11.1 | 171: 5, 8, 10;"Тематическая навигация. Конкретные выводы — в обзоре источников и пояснениях; наличие маркера не доказывает коллизию, отсутствие не доказывает ее отсутствие."
146.txt;172.txt;"ACT. 006; ACT. 007";146: 1.6, 2.5, 3.6, 4.2, 5.10, 9.1, 9.2, 9.4, 9.5 | 172: 1, 2, 3, 4, 5, 6, 7;146: 1.3, 1.4, 1.5, 1.6, 1.7, 1.8, 2.1, 2.2, 2.5, 3.1, 3.2, 3.3, 3.4, 3.5, 3.6, 3.7, 4.1, 4.2, 4.3, 4.4, 5.1, 5.2, 5.3, 5.4, 5.5, 5.6, 5.7, 5.8, 5.9, 5.10, 6.1, 6.1.1, 6.1.2, 6.2, 6.3, 6.4, 6.5, 6.6, 6.7, 7.1, 7.2, 8.1, 8.2, 9.1, 9.2, 9.3, 9.4, 9.5, 10.1, 10.2, 11.1, 11.2, 12.1, 12.2, 12.3, 12.4, 12.5, 12.6, 13.1, 14.1, 14.2, 14.3, 14.4, 14.5, 14.6, 14.7, 14.8, 14.9, 14.10, 14.11, 14.12, 14.13, 14.14, 14.15, 14.16, 14.17, 14.18, 14.19, 14.20, 14.21 | 172: 7, 8;146: 1.5, 1.6, 3.3, 3.7, 4.1, 4.2, 5.7, 5.10, 6.2, 9.3, 9.4, 14.1, 14.19, 14.20, 14.21 | 172: 4, 5, 6;146: 1.1, 1.3, 1.4, 1.5, 1.8, 2.1, 2.2, 3.2, 3.5, 4.1, 4.2, 6.1.2, 10.2, 11.1 | 172: 1, 8;"Тематическая навигация. Конкретные выводы — в обзоре источников и пояснениях; наличие маркера не доказывает коллизию, отсутствие не доказывает ее отсутствие."
146.txt;173.txt;ACT. 005;146: 1.6, 2.5, 3.6, 4.2, 5.10, 9.1, 9.2, 9.4, 9.5 | 173: 1, 4, 6, 9, 11, 12;146: 1.3, 1.4, 1.5, 1.6, 1.7, 1.8, 2.1, 2.2, 2.5, 3.1, 3.2, 3.3, 3.4, 3.5, 3.6, 3.7, 4.1, 4.2, 4.3, 4.4, 5.1, 5.2, 5.3, 5.4, 5.5, 5.6, 5.7, 5.8, 5.9, 5.10, 6.1, 6.1.1, 6.1.2, 6.2, 6.3, 6.4, 6.5, 6.6, 6.7, 7.1, 7.2, 8.1, 8.2, 9.1, 9.2, 9.3, 9.4, 9.5, 10.1, 10.2, 11.1, 11.2, 12.1, 12.2, 12.3, 12.4, 12.5, 12.6, 13.1, 14.1, 14.2, 14.3, 14.4, 14.5, 14.6, 14.7, 14.8, 14.9, 14.10, 14.11, 14.12, 14.13, 14.14, 14.15, 14.16, 14.17, 14.18, 14.19, 14.20, 14.21 | 173: 1, 9, 11;146: 1.5, 1.6, 3.3, 3.7, 4.1, 4.2, 5.7, 5.10, 6.2, 9.3, 9.4, 14.1, 14.19, 14.20, 14.21 | 173: 1, 2, 3, 4, 5.1, 6, 7, 7.1, 8, 9, 10, 11, 12, 13;146: 1.1, 1.3, 1.4, 1.5, 1.8, 2.1, 2.2, 3.2, 3.5, 4.1, 4.2, 6.1.2, 10.2, 11.1 | 173: 4, 6;"Тематическая навигация. Конкретные выводы — в обзоре источников и пояснениях; наличие маркера не доказывает коллизию, отсутствие не доказывает ее отсутствие."
146.txt;174.txt;"ACT. 005; ACT. 006; ACT. 007";146: 1.6, 2.5, 3.6, 4.2, 5.10, 9.1, 9.2, 9.4, 9.5 | 174: 1, 2, 3, 5, 7, 8, 9, 9.2, 9.3, 15, 19, 20, 35;146: 1.3, 1.4, 1.5, 1.6, 1.7, 1.8, 2.1, 2.2, 2.5, 3.1, 3.2, 3.3, 3.4, 3.5, 3.6, 3.7, 4.1, 4.2, 4.3, 4.4, 5.1, 5.2, 5.3, 5.4, 5.5, 5.6, 5.7, 5.8, 5.9, 5.10, 6.1, 6.1.1, 6.1.2, 6.2, 6.3, 6.4, 6.5, 6.6, 6.7, 7.1, 7.2, 8.1, 8.2, 9.1, 9.2, 9.3, 9.4, 9.5, 10.1, 10.2, 11.1, 11.2, 12.1, 12.2, 12.3, 12.4, 12.5, 12.6, 13.1, 14.1, 14.2, 14.3, 14.4, 14.5, 14.6, 14.7, 14.8, 14.9, 14.10, 14.11, 14.12, 14.13, 14.14, 14.15, 14.16, 14.17, 14.18, 14.19, 14.20, 14.21 | 174: 4, 5, 8, 9, 19, 23, 28, 31, 34, 36, 37, 38, 40;146: 1.5, 1.6, 3.3, 3.7, 4.1, 4.2, 5.7, 5.10, 6.2, 9.3, 9.4, 14.1, 14.19, 14.20, 14.21 | 174: 1, 3, 4, 5, 8, 9.2, 19, 26, 28, 30, 35, 36, 37, 38, 39, 40;146: 1.1, 1.3, 1.4, 1.5, 1.8, 2.1, 2.2, 3.2, 3.5, 4.1, 4.2, 6.1.2, 10.2, 11.1 | 174: 2, 3, 7, 8, 9, 19;"Тематическая навигация. Конкретные выводы — в обзоре источников и пояснениях; наличие маркера не доказывает коллизию, отсутствие не доказывает ее отсутствие."
147.txt;148.txt;ACT. 008;147: 16, 59, 61, 65 | 148: 4, 6, 7, 11, 12, 13, 14, 20, 21.1, 26, 27, 32;147: 1, 2, 3, 4, 5, 6, 7, 8, 9, 10, 11, 12, 13, 14, 15, 16, 17, 18, 19, 20, 21, 22, 23, 24, 25, 26, 27, 28, 29, 30, 31, 32, 33, 34, 37, 38, 39, 40, 41, 42, 43, 44, 45, 46, 47, 48, 49, 50, 51, 52, 53, 56, 57, 60, 64, 65, 66, 72 | 148: 1, 4, 13, 14, 32;147: 2, 4, 5, 6, 7, 8, 9, 10, 13, 16, 17, 20, 24, 26, 28, 31, 33, 37, 38, 39, 43, 44, 51, 52, 53, 54, 56, 58, 64, 65, 66, 67, 68, 69, 70, 71 | 148: 2, 3, 4, 6, 8, 9, 11, 12, 13, 14, 15, 17, 20, 22, 24, 25, 26, 27, 29, 31, 32;147: 29, 37, 58, 65 | 148: 1, 2, 3, 4, 5, 6, 7, 8, 9, 10, 11, 12, 13, 14, 15, 19, 27, 32;"Тематическая навигация. Конкретные выводы — в обзоре источников и пояснениях; наличие маркера не доказывает коллизию, отсутствие не доказывает ее отсутствие."
147.txt;149.txt;ACT. 008;147: 16, 59, 61, 65 | 149: 8, 20, 28.1, 29, 35;147: 1, 2, 3, 4, 5, 6, 7, 8, 9, 10, 11, 12, 13, 14, 15, 16, 17, 18, 19, 20, 21, 22, 23, 24, 25, 26, 27, 28, 29, 30, 31, 32, 33, 34, 37, 38, 39, 40, 41, 42, 43, 44, 45, 46, 47, 48, 49, 50, 51, 52, 53, 56, 57, 60, 64, 65, 66, 72 | 149: 16, 29;147: 2, 4, 5, 6, 7, 8, 9, 10, 13, 16, 17, 20, 24, 26, 28, 31, 33, 37, 38, 39, 43, 44, 51, 52, 53, 54, 56, 58, 64, 65, 66, 67, 68, 69, 70, 71 | 149: 1, 3, 5, 6, 7, 9, 13, 14, 15, 18, 20, 25, 27, 28, 28.1, 29, 30, 32;147: 29, 37, 58, 65 | 149: 1, 2, 5, 6, 9, 10, 14, 25, 27, 34;"Тематическая навигация. Конкретные выводы — в обзоре источников и пояснениях; наличие маркера не доказывает коллизию, отсутствие не доказывает ее отсутствие."
147.txt;150.txt;ACT. 007;147: 16, 59, 61, 65 | 150: 11, 13, 30;147: 1, 2, 3, 4, 5, 6, 7, 8, 9, 10, 11, 12, 13, 14, 15, 16, 17, 18, 19, 20, 21, 22, 23, 24, 25, 26, 27, 28, 29, 30, 31, 32, 33, 34, 37, 38, 39, 40, 41, 42, 43, 44, 45, 46, 47, 48, 49, 50, 51, 52, 53, 56, 57, 60, 64, 65, 66, 72 | 150: 4, 7, 14, 28;147: 2, 4, 5, 6, 7, 8, 9, 10, 13, 16, 17, 20, 24, 26, 28, 31, 33, 37, 38, 39, 43, 44, 51, 52, 53, 54, 56, 58, 64, 65, 66, 67, 68, 69, 70, 71 | 150: 1, 2, 4, 5, 9, 10, 11, 12, 14, 16, 18, 19, 20, 22, 23, 24, 25, 26, 27, 27.1, 29, 30;147: 29, 37, 58, 65 | 150: 1, 2, 3, 9, 11, 28;"Тематическая навигация. Конкретные выводы — в обзоре источников и пояснениях; наличие маркера не доказывает коллизию, отсутствие не доказывает ее отсутствие."
147.txt;152.txt;ACT. 006;147: 16, 59, 61, 65 | 152: 4, 5, 6, 7, 8, 13, 14, 20, 21, 23, 24, 26, 27, 28, 29, 30, 33, 34;147: 1, 2, 3, 4, 5, 6, 7, 8, 9, 10, 11, 12, 13, 14, 15, 16, 17, 18, 19, 20, 21, 22, 23, 24, 25, 26, 27, 28, 29, 30, 31, 32, 33, 34, 37, 38, 39, 40, 41, 42, 43, 44, 45, 46, 47, 48, 49, 50, 51, 52, 53, 56, 57, 60, 64, 65, 66, 72 | 152: 3, 10, 22;147: 2, 4, 5, 6, 7, 8, 9, 10, 13, 16, 17, 20, 24, 26, 28, 31, 33, 37, 38, 39, 43, 44, 51, 52, 53, 54, 56, 58, 64, 65, 66, 67, 68, 69, 70, 71 | 152: 4, 9, 10, 12, 14, 19, 20, 29, 34;147: 29, 37, 58, 65 | 152: 1, 2, 3, 5, 6, 10, 12, 13, 15, 18, 19, 21, 22, 23, 24, 25, 27, 28, 30, 31, 33, 34;"Тематическая навигация. Конкретные выводы — в обзоре источников и пояснениях; наличие маркера не доказывает коллизию, отсутствие не доказывает ее отсутствие."
147.txt;153.txt;ACT. 007;147: 16, 59, 61, 65 | 153: 1, 7, 8.2, 10, 11, 12, 13, 14, 15, 16, 26, 29, 29.1, 29.2, 34, 35, 39, 40, 41, 43, 44;147: 1, 2, 3, 4, 5, 6, 7, 8, 9, 10, 11, 12, 13, 14, 15, 16, 17, 18, 19, 20, 21, 22, 23, 24, 25, 26, 27, 28, 29, 30, 31, 32, 33, 34, 37, 38, 39, 40, 41, 42, 43, 44, 45, 46, 47, 48, 49, 50, 51, 52, 53, 56, 57, 60, 64, 65, 66, 72 | 153: 9, 33, 34, 35, 36, 38;147: 2, 4, 5, 6, 7, 8, 9, 10, 13, 16, 17, 20, 24, 26, 28, 31, 33, 37, 38, 39, 43, 44, 51, 52, 53, 54, 56, 58, 64, 65, 66, 67, 68, 69, 70, 71 | 153: 8.2, 16, 19, 20, 21, 22, 23, 31, 39, 43, 44;147: 29, 37, 58, 65 | 153: 1, 13, 27, 29, 29.1, 29.2;"Тематическая навигация. Конкретные выводы — в обзоре источников и пояснениях; наличие маркера не доказывает коллизию, отсутствие не доказывает ее отсутствие."
147.txt;154.txt;ACT. 001 — общие правила соотношения актов;147: 16, 59, 61, 65 | 154: 4, 6;147: 1, 2, 3, 4, 5, 6, 7, 8, 9, 10, 11, 12, 13, 14, 15, 16, 17, 18, 19, 20, 21, 22, 23, 24, 25, 26, 27, 28, 29, 30, 31, 32, 33, 34, 37, 38, 39, 40, 41, 42, 43, 44, 45, 46, 47, 48, 49, 50, 51, 52, 53, 56, 57, 60, 64, 65, 66, 72 | 154: прямые маркеры не найдены;147: 2, 4, 5, 6, 7, 8, 9, 10, 13, 16, 17, 20, 24, 26, 28, 31, 33, 37, 38, 39, 43, 44, 51, 52, 53, 54, 56, 58, 64, 65, 66, 67, 68, 69, 70, 71 | 154: 4, 5;147: 29, 37, 58, 65 | 154: 2;"Тематическая навигация. Конкретные выводы — в обзоре источников и пояснениях; наличие маркера не доказывает коллизию, отсутствие не доказывает ее отсутствие."
147.txt;155.txt;"ACT. 006; ACT. 011";147: 16, 59, 61, 65 | 155: 4, 5, 6, 13, 14.2, 15, 19, 20, 22.2, 23, 24, 27, 28;147: 1, 2, 3, 4, 5, 6, 7, 8, 9, 10, 11, 12, 13, 14, 15, 16, 17, 18, 19, 20, 21, 22, 23, 24, 25, 26, 27, 28, 29, 30, 31, 32, 33, 34, 37, 38, 39, 40, 41, 42, 43, 44, 45, 46, 47, 48, 49, 50, 51, 52, 53, 56, 57, 60, 64, 65, 66, 72 | 155: 6, 18, 26, 29;147: 2, 4, 5, 6, 7, 8, 9, 10, 13, 16, 17, 20, 24, 26, 28, 31, 33, 37, 38, 39, 43, 44, 51, 52, 53, 54, 56, 58, 64, 65, 66, 67, 68, 69, 70, 71 | 155: 3, 8, 9, 10, 13, 15, 16, 18, 19, 20, 23, 25, 26, 28, 29, 30;147: 29, 37, 58, 65 | 155: 2, 27, 28, 29;"Тематическая навигация. Конкретные выводы — в обзоре источников и пояснениях; наличие маркера не доказывает коллизию, отсутствие не доказывает ее отсутствие."
147.txt;156.txt;"ACT. 006; ACT. 007; ACT. 011";147: 16, 59, 61, 65 | 156: 1, 4, 7, 8, 9, 10, 13, 14, 16, 17, 18, 19, 20, 21, 21.1, 21.2, 21.3, 23, 27;147: 1, 2, 3, 4, 5, 6, 7, 8, 9, 10, 11, 12, 13, 14, 15, 16, 17, 18, 19, 20, 21, 22, 23, 24, 25, 26, 27, 28, 29, 30, 31, 32, 33, 34, 37, 38, 39, 40, 41, 42, 43, 44, 45, 46, 47, 48, 49, 50, 51, 52, 53, 56, 57, 60, 64, 65, 66, 72 | 156: 10, 13, 20, 21.2, 21.4, 24, 28;147: 2, 4, 5, 6, 7, 8, 9, 10, 13, 16, 17, 20, 24, 26, 28, 31, 33, 37, 38, 39, 43, 44, 51, 52, 53, 54, 56, 58, 64, 65, 66, 67, 68, 69, 70, 71 | 156: 4, 6, 7, 8, 9, 13, 14, 17, 18, 19, 21.1, 21.2, 21.4, 21.5, 23, 24, 28;147: 29, 37, 58, 65 | 156: 2, 7, 9, 10, 21.1;"Тематическая навигация. Конкретные выводы — в обзоре источников и пояснениях; наличие маркера не доказывает коллизию, отсутствие не доказывает ее отсутствие."
147.txt;157.txt;ACT. 006;147: 16, 59, 61, 65 | 157: 1, 3, 6, 7, 8, 11, 12, 13;147: 1, 2, 3, 4, 5, 6, 7, 8, 9, 10, 11, 12, 13, 14, 15, 16, 17, 18, 19, 20, 21, 22, 23, 24, 25, 26, 27, 28, 29, 30, 31, 32, 33, 34, 37, 38, 39, 40, 41, 42, 43, 44, 45, 46, 47, 48, 49, 50, 51, 52, 53, 56, 57, 60, 64, 65, 66, 72 | 157: 10, 15;147: 2, 4, 5, 6, 7, 8, 9, 10, 13, 16, 17, 20, 24, 26, 28, 31, 33, 37, 38, 39, 43, 44, 51, 52, 53, 54, 56, 58, 64, 65, 66, 67, 68, 69, 70, 71 | 157: 1, 4, 5, 6, 7, 7.1, 8, 10, 12, 14, 15;147: 29, 37, 58, 65 | 157: 1, 3, 4;"Тематическая навигация. Конкретные выводы — в обзоре источников и пояснениях; наличие маркера не доказывает коллизию, отсутствие не доказывает ее отсутствие."
147.txt;158.txt;"ACT. 006; ACT. 008";147: 16, 59, 61, 65 | 158: 1, 2, 5, 7, 9, 10, 11, 12, 13, 19, 19.1, 20, 20.1, 21, 21.1;147: 1, 2, 3, 4, 5, 6, 7, 8, 9, 10, 11, 12, 13, 14, 15, 16, 17, 18, 19, 20, 21, 22, 23, 24, 25, 26, 27, 28, 29, 30, 31, 32, 33, 34, 37, 38, 39, 40, 41, 42, 43, 44, 45, 46, 47, 48, 49, 50, 51, 52, 53, 56, 57, 60, 64, 65, 66, 72 | 158: 3, 5, 10, 18, 23, 26, 27;147: 2, 4, 5, 6, 7, 8, 9, 10, 13, 16, 17, 20, 24, 26, 28, 31, 33, 37, 38, 39, 43, 44, 51, 52, 53, 54, 56, 58, 64, 65, 66, 67, 68, 69, 70, 71 | 158: 2, 4, 7, 10, 12, 14, 15, 21, 25, 27;147: 29, 37, 58, 65 | 158: 3, 23, 27;"Тематическая навигация. Конкретные выводы — в обзоре источников и пояснениях; наличие маркера не доказывает коллизию, отсутствие не доказывает ее отсутствие."
147.txt;159.txt;ACT. 001 — общие правила соотношения актов;147: 16, 59, 61, 65 | 159: 1, 3, 4, 5, 8, 9, 11, 12, 13, 14, 15, 17, 18, 19, 20, 21, 22, 23, 24, 25, 26, 27, 28, 29, 30, 31, 32, 33, 34, 35, 36, 37;147: 1, 2, 3, 4, 5, 6, 7, 8, 9, 10, 11, 12, 13, 14, 15, 16, 17, 18, 19, 20, 21, 22, 23, 24, 25, 26, 27, 28, 29, 30, 31, 32, 33, 34, 37, 38, 39, 40, 41, 42, 43, 44, 45, 46, 47, 48, 49, 50, 51, 52, 53, 56, 57, 60, 64, 65, 66, 72 | 159: 5, 8, 14, 28, 30, 33;147: 2, 4, 5, 6, 7, 8, 9, 10, 13, 16, 17, 20, 24, 26, 28, 31, 33, 37, 38, 39, 43, 44, 51, 52, 53, 54, 56, 58, 64, 65, 66, 67, 68, 69, 70, 71 | 159: 3, 5, 6, 7, 8, 9, 11, 12, 13, 14, 15, 16, 17, 20, 21, 22, 23, 25, 26, 27, 28, 29, 30, 31, 32, 33, 34, 35, 36, 37;147: 29, 37, 58, 65 | 159: 5, 6, 8, 9, 23, 29, 31, 35, 36;"Тематическая навигация. Конкретные выводы — в обзоре источников и пояснениях; наличие маркера не доказывает коллизию, отсутствие не доказывает ее отсутствие."
147.txt;160.txt;ACT. 001 — общие правила соотношения актов;147: 16, 59, 61, 65 | 160: 25, 26;147: 1, 2, 3, 4, 5, 6, 7, 8, 9, 10, 11, 12, 13, 14, 15, 16, 17, 18, 19, 20, 21, 22, 23, 24, 25, 26, 27, 28, 29, 30, 31, 32, 33, 34, 37, 38, 39, 40, 41, 42, 43, 44, 45, 46, 47, 48, 49, 50, 51, 52, 53, 56, 57, 60, 64, 65, 66, 72 | 160: 29, 30, 31, 32;147: 2, 4, 5, 6, 7, 8, 9, 10, 13, 16, 17, 20, 24, 26, 28, 31, 33, 37, 38, 39, 43, 44, 51, 52, 53, 54, 56, 58, 64, 65, 66, 67, 68, 69, 70, 71 | 160: 7, 9, 16, 18, 19;147: 29, 37, 58, 65 | 160: прямые маркеры не найдены;"Тематическая навигация. Конкретные выводы — в обзоре источников и пояснениях; наличие маркера не доказывает коллизию, отсутствие не доказывает ее отсутствие."
147.txt;161.txt;ACT. 006;147: 16, 59, 61, 65 | 161: 7, 13, 21, 29, 29.1, 37, 38, 40;147: 1, 2, 3, 4, 5, 6, 7, 8, 9, 10, 11, 12, 13, 14, 15, 16, 17, 18, 19, 20, 21, 22, 23, 24, 25, 26, 27, 28, 29, 30, 31, 32, 33, 34, 37, 38, 39, 40, 41, 42, 43, 44, 45, 46, 47, 48, 49, 50, 51, 52, 53, 56, 57, 60, 64, 65, 66, 72 | 161: 23, 41;147: 2, 4, 5, 6, 7, 8, 9, 10, 13, 16, 17, 20, 24, 26, 28, 31, 33, 37, 38, 39, 43, 44, 51, 52, 53, 54, 56, 58, 64, 65, 66, 67, 68, 69, 70, 71 | 161: 10, 11, 13, 15, 16, 16.1, 16.2, 18, 18.1, 21, 24, 25, 28, 32.1, 33.1, 35, 37, 42;147: 29, 37, 58, 65 | 161: 1, 3, 37;"Тематическая навигация. Конкретные выводы — в обзоре источников и пояснениях; наличие маркера не доказывает коллизию, отсутствие не доказывает ее отсутствие."
147.txt;162.txt;ACT. 007;147: 16, 59, 61, 65 | 162: 4, 7;147: 1, 2, 3, 4, 5, 6, 7, 8, 9, 10, 11, 12, 13, 14, 15, 16, 17, 18, 19, 20, 21, 22, 23, 24, 25, 26, 27, 28, 29, 30, 31, 32, 33, 34, 37, 38, 39, 40, 41, 42, 43, 44, 45, 46, 47, 48, 49, 50, 51, 52, 53, 56, 57, 60, 64, 65, 66, 72 | 162: 3, 4, 9;147: 2, 4, 5, 6, 7, 8, 9, 10, 13, 16, 17, 20, 24, 26, 28, 31, 33, 37, 38, 39, 43, 44, 51, 52, 53, 54, 56, 58, 64, 65, 66, 67, 68, 69, 70, 71 | 162: 1, 3, 6, 7;147: 29, 37, 58, 65 | 162: 4, 5, 6, 9;"Тематическая навигация. Конкретные выводы — в обзоре источников и пояснениях; наличие маркера не доказывает коллизию, отсутствие не доказывает ее отсутствие."
147.txt;163.txt;ACT. 001 — общие правила соотношения актов;147: 16, 59, 61, 65 | 163: Главы I–III;147: 1, 2, 3, 4, 5, 6, 7, 8, 9, 10, 11, 12, 13, 14, 15, 16, 17, 18, 19, 20, 21, 22, 23, 24, 25, 26, 27, 28, 29, 30, 31, 32, 33, 34, 37, 38, 39, 40, 41, 42, 43, 44, 45, 46, 47, 48, 49, 50, 51, 52, 53, 56, 57, 60, 64, 65, 66, 72 | 163: Главы I–III;147: 2, 4, 5, 6, 7, 8, 9, 10, 13, 16, 17, 20, 24, 26, 28, 31, 33, 37, 38, 39, 43, 44, 51, 52, 53, 54, 56, 58, 64, 65, 66, 67, 68, 69, 70, 71 | 163: Главы I–III;147: 29, 37, 58, 65 | 163: Главы I–III;"Тематическая навигация. Конкретные выводы — в обзоре источников и пояснениях; наличие маркера не доказывает коллизию, отсутствие не доказывает ее отсутствие."
147.txt;164.txt;ACT. 001 — общие правила соотношения актов;147: 16, 59, 61, 65 | 164: прямые маркеры не найдены;147: 1, 2, 3, 4, 5, 6, 7, 8, 9, 10, 11, 12, 13, 14, 15, 16, 17, 18, 19, 20, 21, 22, 23, 24, 25, 26, 27, 28, 29, 30, 31, 32, 33, 34, 37, 38, 39, 40, 41, 42, 43, 44, 45, 46, 47, 48, 49, 50, 51, 52, 53, 56, 57, 60, 64, 65, 66, 72 | 164: прямые маркеры не найдены;147: 2, 4, 5, 6, 7, 8, 9, 10, 13, 16, 17, 20, 24, 26, 28, 31, 33, 37, 38, 39, 43, 44, 51, 52, 53, 54, 56, 58, 64, 65, 66, 67, 68, 69, 70, 71 | 164: 1, 4;147: 29, 37, 58, 65 | 164: прямые маркеры не найдены;"Тематическая навигация. Конкретные выводы — в обзоре источников и пояснениях; наличие маркера не доказывает коллизию, отсутствие не доказывает ее отсутствие."
147.txt;165.txt;ACT. 001 — общие правила соотношения актов;147: 16, 59, 61, 65 | 165: 12, 14, 21, 22, 23, 24, 26, 27;147: 1, 2, 3, 4, 5, 6, 7, 8, 9, 10, 11, 12, 13, 14, 15, 16, 17, 18, 19, 20, 21, 22, 23, 24, 25, 26, 27, 28, 29, 30, 31, 32, 33, 34, 37, 38, 39, 40, 41, 42, 43, 44, 45, 46, 47, 48, 49, 50, 51, 52, 53, 56, 57, 60, 64, 65, 66, 72 | 165: 22, 27;147: 2, 4, 5, 6, 7, 8, 9, 10, 13, 16, 17, 20, 24, 26, 28, 31, 33, 37, 38, 39, 43, 44, 51, 52, 53, 54, 56, 58, 64, 65, 66, 67, 68, 69, 70, 71 | 165: 2.1, 5, 6, 9, 10, 22, 24, 26, 28, 31, 33;147: 29, 37, 58, 65 | 165: 4, 8, 11, 14, 21, 22, 24, 25, 26, 30;"Тематическая навигация. Конкретные выводы — в обзоре источников и пояснениях; наличие маркера не доказывает коллизию, отсутствие не доказывает ее отсутствие."
147.txt;166.txt;"ACT. 007; ACT. 008";147: 16, 59, 61, 65 | 166: 12, 13, 14, 25, 27, 28;147: 1, 2, 3, 4, 5, 6, 7, 8, 9, 10, 11, 12, 13, 14, 15, 16, 17, 18, 19, 20, 21, 22, 23, 24, 25, 26, 27, 28, 29, 30, 31, 32, 33, 34, 37, 38, 39, 40, 41, 42, 43, 44, 45, 46, 47, 48, 49, 50, 51, 52, 53, 56, 57, 60, 64, 65, 66, 72 | 166: 3, 9, 11, 11.1, 17, 27, 28;147: 2, 4, 5, 6, 7, 8, 9, 10, 13, 16, 17, 20, 24, 26, 28, 31, 33, 37, 38, 39, 43, 44, 51, 52, 53, 54, 56, 58, 64, 65, 66, 67, 68, 69, 70, 71 | 166: 9, 10, 19, 22;147: 29, 37, 58, 65 | 166: 2, 10, 19;"Тематическая навигация. Конкретные выводы — в обзоре источников и пояснениях; наличие маркера не доказывает коллизию, отсутствие не доказывает ее отсутствие."
147.txt;167.txt;ACT. 006;147: 16, 59, 61, 65 | 167: 4, 5, 10, 11, 13;147: 1, 2, 3, 4, 5, 6, 7, 8, 9, 10, 11, 12, 13, 14, 15, 16, 17, 18, 19, 20, 21, 22, 23, 24, 25, 26, 27, 28, 29, 30, 31, 32, 33, 34, 37, 38, 39, 40, 41, 42, 43, 44, 45, 46, 47, 48, 49, 50, 51, 52, 53, 56, 57, 60, 64, 65, 66, 72 | 167: 2, 16;147: 2, 4, 5, 6, 7, 8, 9, 10, 13, 16, 17, 20, 24, 26, 28, 31, 33, 37, 38, 39, 43, 44, 51, 52, 53, 54, 56, 58, 64, 65, 66, 67, 68, 69, 70, 71 | 167: 8, 12;147: 29, 37, 58, 65 | 167: 1, 7;"Тематическая навигация. Конкретные выводы — в обзоре источников и пояснениях; наличие маркера не доказывает коллизию, отсутствие не доказывает ее отсутствие."
147.txt;168.txt;ACT. 006;147: 16, 59, 61, 65 | 168: 1, 4, 6, 7, 10, 11, 14;147: 1, 2, 3, 4, 5, 6, 7, 8, 9, 10, 11, 12, 13, 14, 15, 16, 17, 18, 19, 20, 21, 22, 23, 24, 25, 26, 27, 28, 29, 30, 31, 32, 33, 34, 37, 38, 39, 40, 41, 42, 43, 44, 45, 46, 47, 48, 49, 50, 51, 52, 53, 56, 57, 60, 64, 65, 66, 72 | 168: 2, 5, 7, 9, 14, 15;147: 2, 4, 5, 6, 7, 8, 9, 10, 13, 16, 17, 20, 24, 26, 28, 31, 33, 37, 38, 39, 43, 44, 51, 52, 53, 54, 56, 58, 64, 65, 66, 67, 68, 69, 70, 71 | 168: 5, 6, 7, 8, 10, 11, 11.1, 12;147: 29, 37, 58, 65 | 168: 3, 4, 8, 11, 14;"Тематическая навигация. Конкретные выводы — в обзоре источников и пояснениях; наличие маркера не доказывает коллизию, отсутствие не доказывает ее отсутствие."
147.txt;169.txt;ACT. 001 — общие правила соотношения актов;147: 16, 59, 61, 65 | 169: 5, 6, 7, 10, 11;147: 1, 2, 3, 4, 5, 6, 7, 8, 9, 10, 11, 12, 13, 14, 15, 16, 17, 18, 19, 20, 21, 22, 23, 24, 25, 26, 27, 28, 29, 30, 31, 32, 33, 34, 37, 38, 39, 40, 41, 42, 43, 44, 45, 46, 47, 48, 49, 50, 51, 52, 53, 56, 57, 60, 64, 65, 66, 72 | 169: 5, 8;147: 2, 4, 5, 6, 7, 8, 9, 10, 13, 16, 17, 20, 24, 26, 28, 31, 33, 37, 38, 39, 43, 44, 51, 52, 53, 54, 56, 58, 64, 65, 66, 67, 68, 69, 70, 71 | 169: 5, 6, 7, 8, 11;147: 29, 37, 58, 65 | 169: 1, 3, 4, 5;"Тематическая навигация. Конкретные выводы — в обзоре источников и пояснениях; наличие маркера не доказывает коллизию, отсутствие не доказывает ее отсутствие."
147.txt;170.txt;ACT. 008;147: 16, 59, 61, 65 | 170: 5, 6;147: 1, 2, 3, 4, 5, 6, 7, 8, 9, 10, 11, 12, 13, 14, 15, 16, 17, 18, 19, 20, 21, 22, 23, 24, 25, 26, 27, 28, 29, 30, 31, 32, 33, 34, 37, 38, 39, 40, 41, 42, 43, 44, 45, 46, 47, 48, 49, 50, 51, 52, 53, 56, 57, 60, 64, 65, 66, 72 | 170: 5;147: 2, 4, 5, 6, 7, 8, 9, 10, 13, 16, 17, 20, 24, 26, 28, 31, 33, 37, 38, 39, 43, 44, 51, 52, 53, 54, 56, 58, 64, 65, 66, 67, 68, 69, 70, 71 | 170: 3, 5;147: 29, 37, 58, 65 | 170: прямые маркеры не найдены;"Тематическая навигация. Конкретные выводы — в обзоре источников и пояснениях; наличие маркера не доказывает коллизию, отсутствие не доказывает ее отсутствие."
147.txt;171.txt;ACT. 001 — общие правила соотношения актов;147: 16, 59, 61, 65 | 171: 2, 8, 9, 12, 14;147: 1, 2, 3, 4, 5, 6, 7, 8, 9, 10, 11, 12, 13, 14, 15, 16, 17, 18, 19, 20, 21, 22, 23, 24, 25, 26, 27, 28, 29, 30, 31, 32, 33, 34, 37, 38, 39, 40, 41, 42, 43, 44, 45, 46, 47, 48, 49, 50, 51, 52, 53, 56, 57, 60, 64, 65, 66, 72 | 171: 6;147: 2, 4, 5, 6, 7, 8, 9, 10, 13, 16, 17, 20, 24, 26, 28, 31, 33, 37, 38, 39, 43, 44, 51, 52, 53, 54, 56, 58, 64, 65, 66, 67, 68, 69, 70, 71 | 171: 2, 3, 4, 6, 7, 8, 9, 11, 12, 13, 14;147: 29, 37, 58, 65 | 171: 5, 8, 10;"Тематическая навигация. Конкретные выводы — в обзоре источников и пояснениях; наличие маркера не доказывает коллизию, отсутствие не доказывает ее отсутствие."
147.txt;172.txt;"ACT. 006; ACT. 007";147: 16, 59, 61, 65 | 172: 1, 2, 3, 4, 5, 6, 7;147: 1, 2, 3, 4, 5, 6, 7, 8, 9, 10, 11, 12, 13, 14, 15, 16, 17, 18, 19, 20, 21, 22, 23, 24, 25, 26, 27, 28, 29, 30, 31, 32, 33, 34, 37, 38, 39, 40, 41, 42, 43, 44, 45, 46, 47, 48, 49, 50, 51, 52, 53, 56, 57, 60, 64, 65, 66, 72 | 172: 7, 8;147: 2, 4, 5, 6, 7, 8, 9, 10, 13, 16, 17, 20, 24, 26, 28, 31, 33, 37, 38, 39, 43, 44, 51, 52, 53, 54, 56, 58, 64, 65, 66, 67, 68, 69, 70, 71 | 172: 4, 5, 6;147: 29, 37, 58, 65 | 172: 1, 8;"Тематическая навигация. Конкретные выводы — в обзоре источников и пояснениях; наличие маркера не доказывает коллизию, отсутствие не доказывает ее отсутствие."
147.txt;173.txt;ACT. 001 — общие правила соотношения актов;147: 16, 59, 61, 65 | 173: 1, 4, 6, 9, 11, 12;147: 1, 2, 3, 4, 5, 6, 7, 8, 9, 10, 11, 12, 13, 14, 15, 16, 17, 18, 19, 20, 21, 22, 23, 24, 25, 26, 27, 28, 29, 30, 31, 32, 33, 34, 37, 38, 39, 40, 41, 42, 43, 44, 45, 46, 47, 48, 49, 50, 51, 52, 53, 56, 57, 60, 64, 65, 66, 72 | 173: 1, 9, 11;147: 2, 4, 5, 6, 7, 8, 9, 10, 13, 16, 17, 20, 24, 26, 28, 31, 33, 37, 38, 39, 43, 44, 51, 52, 53, 54, 56, 58, 64, 65, 66, 67, 68, 69, 70, 71 | 173: 1, 2, 3, 4, 5.1, 6, 7, 7.1, 8, 9, 10, 11, 12, 13;147: 29, 37, 58, 65 | 173: 4, 6;"Тематическая навигация. Конкретные выводы — в обзоре источников и пояснениях; наличие маркера не доказывает коллизию, отсутствие не доказывает ее отсутствие."
147.txt;174.txt;"ACT. 006; ACT. 007";147: 16, 59, 61, 65 | 174: 1, 2, 3, 5, 7, 8, 9, 9.2, 9.3, 15, 19, 20, 35;147: 1, 2, 3, 4, 5, 6, 7, 8, 9, 10, 11, 12, 13, 14, 15, 16, 17, 18, 19, 20, 21, 22, 23, 24, 25, 26, 27, 28, 29, 30, 31, 32, 33, 34, 37, 38, 39, 40, 41, 42, 43, 44, 45, 46, 47, 48, 49, 50, 51, 52, 53, 56, 57, 60, 64, 65, 66, 72 | 174: 4, 5, 8, 9, 19, 23, 28, 31, 34, 36, 37, 38, 40;147: 2, 4, 5, 6, 7, 8, 9, 10, 13, 16, 17, 20, 24, 26, 28, 31, 33, 37, 38, 39, 43, 44, 51, 52, 53, 54, 56, 58, 64, 65, 66, 67, 68, 69, 70, 71 | 174: 1, 3, 4, 5, 8, 9.2, 19, 26, 28, 30, 35, 36, 37, 38, 39, 40;147: 29, 37, 58, 65 | 174: 2, 3, 7, 8, 9, 19;"Тематическая навигация. Конкретные выводы — в обзоре источников и пояснениях; наличие маркера не доказывает коллизию, отсутствие не доказывает ее отсутствие."
148.txt;149.txt;"ACT. 008; ACT. 012";148: 4, 6, 7, 11, 12, 13, 14, 20, 21.1, 26, 27, 32 | 149: 8, 20, 28.1, 29, 35;148: 1, 4, 13, 14, 32 | 149: 16, 29;148: 2, 3, 4, 6, 8, 9, 11, 12, 13, 14, 15, 17, 20, 22, 24, 25, 26, 27, 29, 31, 32 | 149: 1, 3, 5, 6, 7, 9, 13, 14, 15, 18, 20, 25, 27, 28, 28.1, 29, 30, 32;148: 1, 2, 3, 4, 5, 6, 7, 8, 9, 10, 11, 12, 13, 14, 15, 19, 27, 32 | 149: 1, 2, 5, 6, 9, 10, 14, 25, 27, 34;"Тематическая навигация. Конкретные выводы — в обзоре источников и пояснениях; наличие маркера не доказывает коллизию, отсутствие не доказывает ее отсутствие."
148.txt;150.txt;ACT. 001 — общие правила соотношения актов;148: 4, 6, 7, 11, 12, 13, 14, 20, 21.1, 26, 27, 32 | 150: 11, 13, 30;148: 1, 4, 13, 14, 32 | 150: 4, 7, 14, 28;148: 2, 3, 4, 6, 8, 9, 11, 12, 13, 14, 15, 17, 20, 22, 24, 25, 26, 27, 29, 31, 32 | 150: 1, 2, 4, 5, 9, 10, 11, 12, 14, 16, 18, 19, 20, 22, 23, 24, 25, 26, 27, 27.1, 29, 30;148: 1, 2, 3, 4, 5, 6, 7, 8, 9, 10, 11, 12, 13, 14, 15, 19, 27, 32 | 150: 1, 2, 3, 9, 11, 28;"Тематическая навигация. Конкретные выводы — в обзоре источников и пояснениях; наличие маркера не доказывает коллизию, отсутствие не доказывает ее отсутствие."
148.txt;152.txt;ACT. 002;148: 4, 6, 7, 11, 12, 13, 14, 20, 21.1, 26, 27, 32 | 152: 4, 5, 6, 7, 8, 13, 14, 20, 21, 23, 24, 26, 27, 28, 29, 30, 33, 34;148: 1, 4, 13, 14, 32 | 152: 3, 10, 22;148: 2, 3, 4, 6, 8, 9, 11, 12, 13, 14, 15, 17, 20, 22, 24, 25, 26, 27, 29, 31, 32 | 152: 4, 9, 10, 12, 14, 19, 20, 29, 34;148: 1, 2, 3, 4, 5, 6, 7, 8, 9, 10, 11, 12, 13, 14, 15, 19, 27, 32 | 152: 1, 2, 3, 5, 6, 10, 12, 13, 15, 18, 19, 21, 22, 23, 24, 25, 27, 28, 30, 31, 33, 34;"Тематическая навигация. Конкретные выводы — в обзоре источников и пояснениях; наличие маркера не доказывает коллизию, отсутствие не доказывает ее отсутствие."
148.txt;153.txt;ACT. 002;148: 4, 6, 7, 11, 12, 13, 14, 20, 21.1, 26, 27, 32 | 153: 1, 7, 8.2, 10, 11, 12, 13, 14, 15, 16, 26, 29, 29.1, 29.2, 34, 35, 39, 40, 41, 43, 44;148: 1, 4, 13, 14, 32 | 153: 9, 33, 34, 35, 36, 38;148: 2, 3, 4, 6, 8, 9, 11, 12, 13, 14, 15, 17, 20, 22, 24, 25, 26, 27, 29, 31, 32 | 153: 8.2, 16, 19, 20, 21, 22, 23, 31, 39, 43, 44;148: 1, 2, 3, 4, 5, 6, 7, 8, 9, 10, 11, 12, 13, 14, 15, 19, 27, 32 | 153: 1, 13, 27, 29, 29.1, 29.2;"Тематическая навигация. Конкретные выводы — в обзоре источников и пояснениях; наличие маркера не доказывает коллизию, отсутствие не доказывает ее отсутствие."
148.txt;154.txt;ACT. 001 — общие правила соотношения актов;148: 4, 6, 7, 11, 12, 13, 14, 20, 21.1, 26, 27, 32 | 154: 4, 6;148: 1, 4, 13, 14, 32 | 154: прямые маркеры не найдены;148: 2, 3, 4, 6, 8, 9, 11, 12, 13, 14, 15, 17, 20, 22, 24, 25, 26, 27, 29, 31, 32 | 154: 4, 5;148: 1, 2, 3, 4, 5, 6, 7, 8, 9, 10, 11, 12, 13, 14, 15, 19, 27, 32 | 154: 2;"Тематическая навигация. Конкретные выводы — в обзоре источников и пояснениях; наличие маркера не доказывает коллизию, отсутствие не доказывает ее отсутствие."
148.txt;155.txt;ACT. 001 — общие правила соотношения актов;148: 4, 6, 7, 11, 12, 13, 14, 20, 21.1, 26, 27, 32 | 155: 4, 5, 6, 13, 14.2, 15, 19, 20, 22.2, 23, 24, 27, 28;148: 1, 4, 13, 14, 32 | 155: 6, 18, 26, 29;148: 2, 3, 4, 6, 8, 9, 11, 12, 13, 14, 15, 17, 20, 22, 24, 25, 26, 27, 29, 31, 32 | 155: 3, 8, 9, 10, 13, 15, 16, 18, 19, 20, 23, 25, 26, 28, 29, 30;148: 1, 2, 3, 4, 5, 6, 7, 8, 9, 10, 11, 12, 13, 14, 15, 19, 27, 32 | 155: 2, 27, 28, 29;"Тематическая навигация. Конкретные выводы — в обзоре источников и пояснениях; наличие маркера не доказывает коллизию, отсутствие не доказывает ее отсутствие."
148.txt;156.txt;ACT. 001 — общие правила соотношения актов;148: 4, 6, 7, 11, 12, 13, 14, 20, 21.1, 26, 27, 32 | 156: 1, 4, 7, 8, 9, 10, 13, 14, 16, 17, 18, 19, 20, 21, 21.1, 21.2, 21.3, 23, 27;148: 1, 4, 13, 14, 32 | 156: 10, 13, 20, 21.2, 21.4, 24, 28;148: 2, 3, 4, 6, 8, 9, 11, 12, 13, 14, 15, 17, 20, 22, 24, 25, 26, 27, 29, 31, 32 | 156: 4, 6, 7, 8, 9, 13, 14, 17, 18, 19, 21.1, 21.2, 21.4, 21.5, 23, 24, 28;148: 1, 2, 3, 4, 5, 6, 7, 8, 9, 10, 11, 12, 13, 14, 15, 19, 27, 32 | 156: 2, 7, 9, 10, 21.1;"Тематическая навигация. Конкретные выводы — в обзоре источников и пояснениях; наличие маркера не доказывает коллизию, отсутствие не доказывает ее отсутствие."
148.txt;157.txt;ACT. 001 — общие правила соотношения актов;148: 4, 6, 7, 11, 12, 13, 14, 20, 21.1, 26, 27, 32 | 157: 1, 3, 6, 7, 8, 11, 12, 13;148: 1, 4, 13, 14, 32 | 157: 10, 15;148: 2, 3, 4, 6, 8, 9, 11, 12, 13, 14, 15, 17, 20, 22, 24, 25, 26, 27, 29, 31, 32 | 157: 1, 4, 5, 6, 7, 7.1, 8, 10, 12, 14, 15;148: 1, 2, 3, 4, 5, 6, 7, 8, 9, 10, 11, 12, 13, 14, 15, 19, 27, 32 | 157: 1, 3, 4;"Тематическая навигация. Конкретные выводы — в обзоре источников и пояснениях; наличие маркера не доказывает коллизию, отсутствие не доказывает ее отсутствие."
148.txt;158.txt;ACT. 008;148: 4, 6, 7, 11, 12, 13, 14, 20, 21.1, 26, 27, 32 | 158: 1, 2, 5, 7, 9, 10, 11, 12, 13, 19, 19.1, 20, 20.1, 21, 21.1;148: 1, 4, 13, 14, 32 | 158: 3, 5, 10, 18, 23, 26, 27;148: 2, 3, 4, 6, 8, 9, 11, 12, 13, 14, 15, 17, 20, 22, 24, 25, 26, 27, 29, 31, 32 | 158: 2, 4, 7, 10, 12, 14, 15, 21, 25, 27;148: 1, 2, 3, 4, 5, 6, 7, 8, 9, 10, 11, 12, 13, 14, 15, 19, 27, 32 | 158: 3, 23, 27;"Тематическая навигация. Конкретные выводы — в обзоре источников и пояснениях; наличие маркера не доказывает коллизию, отсутствие не доказывает ее отсутствие."
148.txt;159.txt;ACT. 001 — общие правила соотношения актов;148: 4, 6, 7, 11, 12, 13, 14, 20, 21.1, 26, 27, 32 | 159: 1, 3, 4, 5, 8, 9, 11, 12, 13, 14, 15, 17, 18, 19, 20, 21, 22, 23, 24, 25, 26, 27, 28, 29, 30, 31, 32, 33, 34, 35, 36, 37;148: 1, 4, 13, 14, 32 | 159: 5, 8, 14, 28, 30, 33;148: 2, 3, 4, 6, 8, 9, 11, 12, 13, 14, 15, 17, 20, 22, 24, 25, 26, 27, 29, 31, 32 | 159: 3, 5, 6, 7, 8, 9, 11, 12, 13, 14, 15, 16, 17, 20, 21, 22, 23, 25, 26, 27, 28, 29, 30, 31, 32, 33, 34, 35, 36, 37;148: 1, 2, 3, 4, 5, 6, 7, 8, 9, 10, 11, 12, 13, 14, 15, 19, 27, 32 | 159: 5, 6, 8, 9, 23, 29, 31, 35, 36;"Тематическая навигация. Конкретные выводы — в обзоре источников и пояснениях; наличие маркера не доказывает коллизию, отсутствие не доказывает ее отсутствие."
148.txt;160.txt;ACT. 012;148: 4, 6, 7, 11, 12, 13, 14, 20, 21.1, 26, 27, 32 | 160: 25, 26;148: 1, 4, 13, 14, 32 | 160: 29, 30, 31, 32;148: 2, 3, 4, 6, 8, 9, 11, 12, 13, 14, 15, 17, 20, 22, 24, 25, 26, 27, 29, 31, 32 | 160: 7, 9, 16, 18, 19;148: 1, 2, 3, 4, 5, 6, 7, 8, 9, 10, 11, 12, 13, 14, 15, 19, 27, 32 | 160: прямые маркеры не найдены;"Тематическая навигация. Конкретные выводы — в обзоре источников и пояснениях; наличие маркера не доказывает коллизию, отсутствие не доказывает ее отсутствие."
148.txt;161.txt;ACT. 012;148: 4, 6, 7, 11, 12, 13, 14, 20, 21.1, 26, 27, 32 | 161: 7, 13, 21, 29, 29.1, 37, 38, 40;148: 1, 4, 13, 14, 32 | 161: 23, 41;148: 2, 3, 4, 6, 8, 9, 11, 12, 13, 14, 15, 17, 20, 22, 24, 25, 26, 27, 29, 31, 32 | 161: 10, 11, 13, 15, 16, 16.1, 16.2, 18, 18.1, 21, 24, 25, 28, 32.1, 33.1, 35, 37, 42;148: 1, 2, 3, 4, 5, 6, 7, 8, 9, 10, 11, 12, 13, 14, 15, 19, 27, 32 | 161: 1, 3, 37;"Тематическая навигация. Конкретные выводы — в обзоре источников и пояснениях; наличие маркера не доказывает коллизию, отсутствие не доказывает ее отсутствие."
148.txt;162.txt;ACT. 001 — общие правила соотношения актов;148: 4, 6, 7, 11, 12, 13, 14, 20, 21.1, 26, 27, 32 | 162: 4, 7;148: 1, 4, 13, 14, 32 | 162: 3, 4, 9;148: 2, 3, 4, 6, 8, 9, 11, 12, 13, 14, 15, 17, 20, 22, 24, 25, 26, 27, 29, 31, 32 | 162: 1, 3, 6, 7;148: 1, 2, 3, 4, 5, 6, 7, 8, 9, 10, 11, 12, 13, 14, 15, 19, 27, 32 | 162: 4, 5, 6, 9;"Тематическая навигация. Конкретные выводы — в обзоре источников и пояснениях; наличие маркера не доказывает коллизию, отсутствие не доказывает ее отсутствие."
148.txt;163.txt;ACT. 001 — общие правила соотношения актов;148: 4, 6, 7, 11, 12, 13, 14, 20, 21.1, 26, 27, 32 | 163: Главы I–III;148: 1, 4, 13, 14, 32 | 163: Главы I–III;148: 2, 3, 4, 6, 8, 9, 11, 12, 13, 14, 15, 17, 20, 22, 24, 25, 26, 27, 29, 31, 32 | 163: Главы I–III;148: 1, 2, 3, 4, 5, 6, 7, 8, 9, 10, 11, 12, 13, 14, 15, 19, 27, 32 | 163: Главы I–III;"Тематическая навигация. Конкретные выводы — в обзоре источников и пояснениях; наличие маркера не доказывает коллизию, отсутствие не доказывает ее отсутствие."
148.txt;164.txt;ACT. 001 — общие правила соотношения актов;148: 4, 6, 7, 11, 12, 13, 14, 20, 21.1, 26, 27, 32 | 164: прямые маркеры не найдены;148: 1, 4, 13, 14, 32 | 164: прямые маркеры не найдены;148: 2, 3, 4, 6, 8, 9, 11, 12, 13, 14, 15, 17, 20, 22, 24, 25, 26, 27, 29, 31, 32 | 164: 1, 4;148: 1, 2, 3, 4, 5, 6, 7, 8, 9, 10, 11, 12, 13, 14, 15, 19, 27, 32 | 164: прямые маркеры не найдены;"Тематическая навигация. Конкретные выводы — в обзоре источников и пояснениях; наличие маркера не доказывает коллизию, отсутствие не доказывает ее отсутствие."
148.txt;165.txt;ACT. 001 — общие правила соотношения актов;148: 4, 6, 7, 11, 12, 13, 14, 20, 21.1, 26, 27, 32 | 165: 12, 14, 21, 22, 23, 24, 26, 27;148: 1, 4, 13, 14, 32 | 165: 22, 27;148: 2, 3, 4, 6, 8, 9, 11, 12, 13, 14, 15, 17, 20, 22, 24, 25, 26, 27, 29, 31, 32 | 165: 2.1, 5, 6, 9, 10, 22, 24, 26, 28, 31, 33;148: 1, 2, 3, 4, 5, 6, 7, 8, 9, 10, 11, 12, 13, 14, 15, 19, 27, 32 | 165: 4, 8, 11, 14, 21, 22, 24, 25, 26, 30;"Тематическая навигация. Конкретные выводы — в обзоре источников и пояснениях; наличие маркера не доказывает коллизию, отсутствие не доказывает ее отсутствие."
148.txt;166.txt;"ACT. 008; ACT. 012";148: 4, 6, 7, 11, 12, 13, 14, 20, 21.1, 26, 27, 32 | 166: 12, 13, 14, 25, 27, 28;148: 1, 4, 13, 14, 32 | 166: 3, 9, 11, 11.1, 17, 27, 28;148: 2, 3, 4, 6, 8, 9, 11, 12, 13, 14, 15, 17, 20, 22, 24, 25, 26, 27, 29, 31, 32 | 166: 9, 10, 19, 22;148: 1, 2, 3, 4, 5, 6, 7, 8, 9, 10, 11, 12, 13, 14, 15, 19, 27, 32 | 166: 2, 10, 19;"Тематическая навигация. Конкретные выводы — в обзоре источников и пояснениях; наличие маркера не доказывает коллизию, отсутствие не доказывает ее отсутствие."
148.txt;167.txt;ACT. 001 — общие правила соотношения актов;148: 4, 6, 7, 11, 12, 13, 14, 20, 21.1, 26, 27, 32 | 167: 4, 5, 10, 11, 13;148: 1, 4, 13, 14, 32 | 167: 2, 16;148: 2, 3, 4, 6, 8, 9, 11, 12, 13, 14, 15, 17, 20, 22, 24, 25, 26, 27, 29, 31, 32 | 167: 8, 12;148: 1, 2, 3, 4, 5, 6, 7, 8, 9, 10, 11, 12, 13, 14, 15, 19, 27, 32 | 167: 1, 7;"Тематическая навигация. Конкретные выводы — в обзоре источников и пояснениях; наличие маркера не доказывает коллизию, отсутствие не доказывает ее отсутствие."
148.txt;168.txt;ACT. 001 — общие правила соотношения актов;148: 4, 6, 7, 11, 12, 13, 14, 20, 21.1, 26, 27, 32 | 168: 1, 4, 6, 7, 10, 11, 14;148: 1, 4, 13, 14, 32 | 168: 2, 5, 7, 9, 14, 15;148: 2, 3, 4, 6, 8, 9, 11, 12, 13, 14, 15, 17, 20, 22, 24, 25, 26, 27, 29, 31, 32 | 168: 5, 6, 7, 8, 10, 11, 11.1, 12;148: 1, 2, 3, 4, 5, 6, 7, 8, 9, 10, 11, 12, 13, 14, 15, 19, 27, 32 | 168: 3, 4, 8, 11, 14;"Тематическая навигация. Конкретные выводы — в обзоре источников и пояснениях; наличие маркера не доказывает коллизию, отсутствие не доказывает ее отсутствие."
148.txt;169.txt;ACT. 001 — общие правила соотношения актов;148: 4, 6, 7, 11, 12, 13, 14, 20, 21.1, 26, 27, 32 | 169: 5, 6, 7, 10, 11;148: 1, 4, 13, 14, 32 | 169: 5, 8;148: 2, 3, 4, 6, 8, 9, 11, 12, 13, 14, 15, 17, 20, 22, 24, 25, 26, 27, 29, 31, 32 | 169: 5, 6, 7, 8, 11;148: 1, 2, 3, 4, 5, 6, 7, 8, 9, 10, 11, 12, 13, 14, 15, 19, 27, 32 | 169: 1, 3, 4, 5;"Тематическая навигация. Конкретные выводы — в обзоре источников и пояснениях; наличие маркера не доказывает коллизию, отсутствие не доказывает ее отсутствие."
148.txt;170.txt;ACT. 008;148: 4, 6, 7, 11, 12, 13, 14, 20, 21.1, 26, 27, 32 | 170: 5, 6;148: 1, 4, 13, 14, 32 | 170: 5;148: 2, 3, 4, 6, 8, 9, 11, 12, 13, 14, 15, 17, 20, 22, 24, 25, 26, 27, 29, 31, 32 | 170: 3, 5;148: 1, 2, 3, 4, 5, 6, 7, 8, 9, 10, 11, 12, 13, 14, 15, 19, 27, 32 | 170: прямые маркеры не найдены;"Тематическая навигация. Конкретные выводы — в обзоре источников и пояснениях; наличие маркера не доказывает коллизию, отсутствие не доказывает ее отсутствие."
148.txt;171.txt;ACT. 001 — общие правила соотношения актов;148: 4, 6, 7, 11, 12, 13, 14, 20, 21.1, 26, 27, 32 | 171: 2, 8, 9, 12, 14;148: 1, 4, 13, 14, 32 | 171: 6;148: 2, 3, 4, 6, 8, 9, 11, 12, 13, 14, 15, 17, 20, 22, 24, 25, 26, 27, 29, 31, 32 | 171: 2, 3, 4, 6, 7, 8, 9, 11, 12, 13, 14;148: 1, 2, 3, 4, 5, 6, 7, 8, 9, 10, 11, 12, 13, 14, 15, 19, 27, 32 | 171: 5, 8, 10;"Тематическая навигация. Конкретные выводы — в обзоре источников и пояснениях; наличие маркера не доказывает коллизию, отсутствие не доказывает ее отсутствие."
148.txt;172.txt;ACT. 001 — общие правила соотношения актов;148: 4, 6, 7, 11, 12, 13, 14, 20, 21.1, 26, 27, 32 | 172: 1, 2, 3, 4, 5, 6, 7;148: 1, 4, 13, 14, 32 | 172: 7, 8;148: 2, 3, 4, 6, 8, 9, 11, 12, 13, 14, 15, 17, 20, 22, 24, 25, 26, 27, 29, 31, 32 | 172: 4, 5, 6;148: 1, 2, 3, 4, 5, 6, 7, 8, 9, 10, 11, 12, 13, 14, 15, 19, 27, 32 | 172: 1, 8;"Тематическая навигация. Конкретные выводы — в обзоре источников и пояснениях; наличие маркера не доказывает коллизию, отсутствие не доказывает ее отсутствие."
148.txt;173.txt;ACT. 001 — общие правила соотношения актов;148: 4, 6, 7, 11, 12, 13, 14, 20, 21.1, 26, 27, 32 | 173: 1, 4, 6, 9, 11, 12;148: 1, 4, 13, 14, 32 | 173: 1, 9, 11;148: 2, 3, 4, 6, 8, 9, 11, 12, 13, 14, 15, 17, 20, 22, 24, 25, 26, 27, 29, 31, 32 | 173: 1, 2, 3, 4, 5.1, 6, 7, 7.1, 8, 9, 10, 11, 12, 13;148: 1, 2, 3, 4, 5, 6, 7, 8, 9, 10, 11, 12, 13, 14, 15, 19, 27, 32 | 173: 4, 6;"Тематическая навигация. Конкретные выводы — в обзоре источников и пояснениях; наличие маркера не доказывает коллизию, отсутствие не доказывает ее отсутствие."
148.txt;174.txt;ACT. 002;148: 4, 6, 7, 11, 12, 13, 14, 20, 21.1, 26, 27, 32 | 174: 1, 2, 3, 5, 7, 8, 9, 9.2, 9.3, 15, 19, 20, 35;148: 1, 4, 13, 14, 32 | 174: 4, 5, 8, 9, 19, 23, 28, 31, 34, 36, 37, 38, 40;148: 2, 3, 4, 6, 8, 9, 11, 12, 13, 14, 15, 17, 20, 22, 24, 25, 26, 27, 29, 31, 32 | 174: 1, 3, 4, 5, 8, 9.2, 19, 26, 28, 30, 35, 36, 37, 38, 39, 40;148: 1, 2, 3, 4, 5, 6, 7, 8, 9, 10, 11, 12, 13, 14, 15, 19, 27, 32 | 174: 2, 3, 7, 8, 9, 19;"Тематическая навигация. Конкретные выводы — в обзоре источников и пояснениях; наличие маркера не доказывает коллизию, отсутствие не доказывает ее отсутствие."
149.txt;150.txt;ACT. 003;149: 8, 20, 28.1, 29, 35 | 150: 11, 13, 30;149: 16, 29 | 150: 4, 7, 14, 28;149: 1, 3, 5, 6, 7, 9, 13, 14, 15, 18, 20, 25, 27, 28, 28.1, 29, 30, 32 | 150: 1, 2, 4, 5, 9, 10, 11, 12, 14, 16, 18, 19, 20, 22, 23, 24, 25, 26, 27, 27.1, 29, 30;149: 1, 2, 5, 6, 9, 10, 14, 25, 27, 34 | 150: 1, 2, 3, 9, 11, 28;"Тематическая навигация. Конкретные выводы — в обзоре источников и пояснениях; наличие маркера не доказывает коллизию, отсутствие не доказывает ее отсутствие."
149.txt;152.txt;ACT. 001 — общие правила соотношения актов;149: 8, 20, 28.1, 29, 35 | 152: 4, 5, 6, 7, 8, 13, 14, 20, 21, 23, 24, 26, 27, 28, 29, 30, 33, 34;149: 16, 29 | 152: 3, 10, 22;149: 1, 3, 5, 6, 7, 9, 13, 14, 15, 18, 20, 25, 27, 28, 28.1, 29, 30, 32 | 152: 4, 9, 10, 12, 14, 19, 20, 29, 34;149: 1, 2, 5, 6, 9, 10, 14, 25, 27, 34 | 152: 1, 2, 3, 5, 6, 10, 12, 13, 15, 18, 19, 21, 22, 23, 24, 25, 27, 28, 30, 31, 33, 34;"Тематическая навигация. Конкретные выводы — в обзоре источников и пояснениях; наличие маркера не доказывает коллизию, отсутствие не доказывает ее отсутствие."
149.txt;153.txt;ACT. 001 — общие правила соотношения актов;149: 8, 20, 28.1, 29, 35 | 153: 1, 7, 8.2, 10, 11, 12, 13, 14, 15, 16, 26, 29, 29.1, 29.2, 34, 35, 39, 40, 41, 43, 44;149: 16, 29 | 153: 9, 33, 34, 35, 36, 38;149: 1, 3, 5, 6, 7, 9, 13, 14, 15, 18, 20, 25, 27, 28, 28.1, 29, 30, 32 | 153: 8.2, 16, 19, 20, 21, 22, 23, 31, 39, 43, 44;149: 1, 2, 5, 6, 9, 10, 14, 25, 27, 34 | 153: 1, 13, 27, 29, 29.1, 29.2;"Тематическая навигация. Конкретные выводы — в обзоре источников и пояснениях; наличие маркера не доказывает коллизию, отсутствие не доказывает ее отсутствие."
149.txt;154.txt;ACT. 003;149: 8, 20, 28.1, 29, 35 | 154: 4, 6;149: 16, 29 | 154: прямые маркеры не найдены;149: 1, 3, 5, 6, 7, 9, 13, 14, 15, 18, 20, 25, 27, 28, 28.1, 29, 30, 32 | 154: 4, 5;149: 1, 2, 5, 6, 9, 10, 14, 25, 27, 34 | 154: 2;"Тематическая навигация. Конкретные выводы — в обзоре источников и пояснениях; наличие маркера не доказывает коллизию, отсутствие не доказывает ее отсутствие."
149.txt;155.txt;ACT. 003;149: 8, 20, 28.1, 29, 35 | 155: 4, 5, 6, 13, 14.2, 15, 19, 20, 22.2, 23, 24, 27, 28;149: 16, 29 | 155: 6, 18, 26, 29;149: 1, 3, 5, 6, 7, 9, 13, 14, 15, 18, 20, 25, 27, 28, 28.1, 29, 30, 32 | 155: 3, 8, 9, 10, 13, 15, 16, 18, 19, 20, 23, 25, 26, 28, 29, 30;149: 1, 2, 5, 6, 9, 10, 14, 25, 27, 34 | 155: 2, 27, 28, 29;"Тематическая навигация. Конкретные выводы — в обзоре источников и пояснениях; наличие маркера не доказывает коллизию, отсутствие не доказывает ее отсутствие."
149.txt;156.txt;ACT. 003;149: 8, 20, 28.1, 29, 35 | 156: 1, 4, 7, 8, 9, 10, 13, 14, 16, 17, 18, 19, 20, 21, 21.1, 21.2, 21.3, 23, 27;149: 16, 29 | 156: 10, 13, 20, 21.2, 21.4, 24, 28;149: 1, 3, 5, 6, 7, 9, 13, 14, 15, 18, 20, 25, 27, 28, 28.1, 29, 30, 32 | 156: 4, 6, 7, 8, 9, 13, 14, 17, 18, 19, 21.1, 21.2, 21.4, 21.5, 23, 24, 28;149: 1, 2, 5, 6, 9, 10, 14, 25, 27, 34 | 156: 2, 7, 9, 10, 21.1;"Тематическая навигация. Конкретные выводы — в обзоре источников и пояснениях; наличие маркера не доказывает коллизию, отсутствие не доказывает ее отсутствие."
149.txt;157.txt;ACT. 003;149: 8, 20, 28.1, 29, 35 | 157: 1, 3, 6, 7, 8, 11, 12, 13;149: 16, 29 | 157: 10, 15;149: 1, 3, 5, 6, 7, 9, 13, 14, 15, 18, 20, 25, 27, 28, 28.1, 29, 30, 32 | 157: 1, 4, 5, 6, 7, 7.1, 8, 10, 12, 14, 15;149: 1, 2, 5, 6, 9, 10, 14, 25, 27, 34 | 157: 1, 3, 4;"Тематическая навигация. Конкретные выводы — в обзоре источников и пояснениях; наличие маркера не доказывает коллизию, отсутствие не доказывает ее отсутствие."
149.txt;158.txt;"ACT. 003; ACT. 008";149: 8, 20, 28.1, 29, 35 | 158: 1, 2, 5, 7, 9, 10, 11, 12, 13, 19, 19.1, 20, 20.1, 21, 21.1;149: 16, 29 | 158: 3, 5, 10, 18, 23, 26, 27;149: 1, 3, 5, 6, 7, 9, 13, 14, 15, 18, 20, 25, 27, 28, 28.1, 29, 30, 32 | 158: 2, 4, 7, 10, 12, 14, 15, 21, 25, 27;149: 1, 2, 5, 6, 9, 10, 14, 25, 27, 34 | 158: 3, 23, 27;"Тематическая навигация. Конкретные выводы — в обзоре источников и пояснениях; наличие маркера не доказывает коллизию, отсутствие не доказывает ее отсутствие."
149.txt;159.txt;ACT. 003;149: 8, 20, 28.1, 29, 35 | 159: 1, 3, 4, 5, 8, 9, 11, 12, 13, 14, 15, 17, 18, 19, 20, 21, 22, 23, 24, 25, 26, 27, 28, 29, 30, 31, 32, 33, 34, 35, 36, 37;149: 16, 29 | 159: 5, 8, 14, 28, 30, 33;149: 1, 3, 5, 6, 7, 9, 13, 14, 15, 18, 20, 25, 27, 28, 28.1, 29, 30, 32 | 159: 3, 5, 6, 7, 8, 9, 11, 12, 13, 14, 15, 16, 17, 20, 21, 22, 23, 25, 26, 27, 28, 29, 30, 31, 32, 33, 34, 35, 36, 37;149: 1, 2, 5, 6, 9, 10, 14, 25, 27, 34 | 159: 5, 6, 8, 9, 23, 29, 31, 35, 36;"Тематическая навигация. Конкретные выводы — в обзоре источников и пояснениях; наличие маркера не доказывает коллизию, отсутствие не доказывает ее отсутствие."
149.txt;160.txt;ACT. 012;149: 8, 20, 28.1, 29, 35 | 160: 25, 26;149: 16, 29 | 160: 29, 30, 31, 32;149: 1, 3, 5, 6, 7, 9, 13, 14, 15, 18, 20, 25, 27, 28, 28.1, 29, 30, 32 | 160: 7, 9, 16, 18, 19;149: 1, 2, 5, 6, 9, 10, 14, 25, 27, 34 | 160: прямые маркеры не найдены;"Тематическая навигация. Конкретные выводы — в обзоре источников и пояснениях; наличие маркера не доказывает коллизию, отсутствие не доказывает ее отсутствие."
149.txt;161.txt;ACT. 012;149: 8, 20, 28.1, 29, 35 | 161: 7, 13, 21, 29, 29.1, 37, 38, 40;149: 16, 29 | 161: 23, 41;149: 1, 3, 5, 6, 7, 9, 13, 14, 15, 18, 20, 25, 27, 28, 28.1, 29, 30, 32 | 161: 10, 11, 13, 15, 16, 16.1, 16.2, 18, 18.1, 21, 24, 25, 28, 32.1, 33.1, 35, 37, 42;149: 1, 2, 5, 6, 9, 10, 14, 25, 27, 34 | 161: 1, 3, 37;"Тематическая навигация. Конкретные выводы — в обзоре источников и пояснениях; наличие маркера не доказывает коллизию, отсутствие не доказывает ее отсутствие."
149.txt;162.txt;ACT. 001 — общие правила соотношения актов;149: 8, 20, 28.1, 29, 35 | 162: 4, 7;149: 16, 29 | 162: 3, 4, 9;149: 1, 3, 5, 6, 7, 9, 13, 14, 15, 18, 20, 25, 27, 28, 28.1, 29, 30, 32 | 162: 1, 3, 6, 7;149: 1, 2, 5, 6, 9, 10, 14, 25, 27, 34 | 162: 4, 5, 6, 9;"Тематическая навигация. Конкретные выводы — в обзоре источников и пояснениях; наличие маркера не доказывает коллизию, отсутствие не доказывает ее отсутствие."
149.txt;163.txt;ACT. 001 — общие правила соотношения актов;149: 8, 20, 28.1, 29, 35 | 163: Главы I–III;149: 16, 29 | 163: Главы I–III;149: 1, 3, 5, 6, 7, 9, 13, 14, 15, 18, 20, 25, 27, 28, 28.1, 29, 30, 32 | 163: Главы I–III;149: 1, 2, 5, 6, 9, 10, 14, 25, 27, 34 | 163: Главы I–III;"Тематическая навигация. Конкретные выводы — в обзоре источников и пояснениях; наличие маркера не доказывает коллизию, отсутствие не доказывает ее отсутствие."
149.txt;164.txt;ACT. 003;149: 8, 20, 28.1, 29, 35 | 164: прямые маркеры не найдены;149: 16, 29 | 164: прямые маркеры не найдены;149: 1, 3, 5, 6, 7, 9, 13, 14, 15, 18, 20, 25, 27, 28, 28.1, 29, 30, 32 | 164: 1, 4;149: 1, 2, 5, 6, 9, 10, 14, 25, 27, 34 | 164: прямые маркеры не найдены;"Тематическая навигация. Конкретные выводы — в обзоре источников и пояснениях; наличие маркера не доказывает коллизию, отсутствие не доказывает ее отсутствие."
149.txt;165.txt;ACT. 001 — общие правила соотношения актов;149: 8, 20, 28.1, 29, 35 | 165: 12, 14, 21, 22, 23, 24, 26, 27;149: 16, 29 | 165: 22, 27;149: 1, 3, 5, 6, 7, 9, 13, 14, 15, 18, 20, 25, 27, 28, 28.1, 29, 30, 32 | 165: 2.1, 5, 6, 9, 10, 22, 24, 26, 28, 31, 33;149: 1, 2, 5, 6, 9, 10, 14, 25, 27, 34 | 165: 4, 8, 11, 14, 21, 22, 24, 25, 26, 30;"Тематическая навигация. Конкретные выводы — в обзоре источников и пояснениях; наличие маркера не доказывает коллизию, отсутствие не доказывает ее отсутствие."
149.txt;166.txt;"ACT. 003; ACT. 008; ACT. 012";149: 8, 20, 28.1, 29, 35 | 166: 12, 13, 14, 25, 27, 28;149: 16, 29 | 166: 3, 9, 11, 11.1, 17, 27, 28;149: 1, 3, 5, 6, 7, 9, 13, 14, 15, 18, 20, 25, 27, 28, 28.1, 29, 30, 32 | 166: 9, 10, 19, 22;149: 1, 2, 5, 6, 9, 10, 14, 25, 27, 34 | 166: 2, 10, 19;"Тематическая навигация. Конкретные выводы — в обзоре источников и пояснениях; наличие маркера не доказывает коллизию, отсутствие не доказывает ее отсутствие."
149.txt;167.txt;ACT. 003;149: 8, 20, 28.1, 29, 35 | 167: 4, 5, 10, 11, 13;149: 16, 29 | 167: 2, 16;149: 1, 3, 5, 6, 7, 9, 13, 14, 15, 18, 20, 25, 27, 28, 28.1, 29, 30, 32 | 167: 8, 12;149: 1, 2, 5, 6, 9, 10, 14, 25, 27, 34 | 167: 1, 7;"Тематическая навигация. Конкретные выводы — в обзоре источников и пояснениях; наличие маркера не доказывает коллизию, отсутствие не доказывает ее отсутствие."
149.txt;168.txt;ACT. 003;149: 8, 20, 28.1, 29, 35 | 168: 1, 4, 6, 7, 10, 11, 14;149: 16, 29 | 168: 2, 5, 7, 9, 14, 15;149: 1, 3, 5, 6, 7, 9, 13, 14, 15, 18, 20, 25, 27, 28, 28.1, 29, 30, 32 | 168: 5, 6, 7, 8, 10, 11, 11.1, 12;149: 1, 2, 5, 6, 9, 10, 14, 25, 27, 34 | 168: 3, 4, 8, 11, 14;"Тематическая навигация. Конкретные выводы — в обзоре источников и пояснениях; наличие маркера не доказывает коллизию, отсутствие не доказывает ее отсутствие."
149.txt;169.txt;ACT. 001 — общие правила соотношения актов;149: 8, 20, 28.1, 29, 35 | 169: 5, 6, 7, 10, 11;149: 16, 29 | 169: 5, 8;149: 1, 3, 5, 6, 7, 9, 13, 14, 15, 18, 20, 25, 27, 28, 28.1, 29, 30, 32 | 169: 5, 6, 7, 8, 11;149: 1, 2, 5, 6, 9, 10, 14, 25, 27, 34 | 169: 1, 3, 4, 5;"Тематическая навигация. Конкретные выводы — в обзоре источников и пояснениях; наличие маркера не доказывает коллизию, отсутствие не доказывает ее отсутствие."
149.txt;170.txt;ACT. 008;149: 8, 20, 28.1, 29, 35 | 170: 5, 6;149: 16, 29 | 170: 5;149: 1, 3, 5, 6, 7, 9, 13, 14, 15, 18, 20, 25, 27, 28, 28.1, 29, 30, 32 | 170: 3, 5;149: 1, 2, 5, 6, 9, 10, 14, 25, 27, 34 | 170: прямые маркеры не найдены;"Тематическая навигация. Конкретные выводы — в обзоре источников и пояснениях; наличие маркера не доказывает коллизию, отсутствие не доказывает ее отсутствие."
149.txt;171.txt;ACT. 003;149: 8, 20, 28.1, 29, 35 | 171: 2, 8, 9, 12, 14;149: 16, 29 | 171: 6;149: 1, 3, 5, 6, 7, 9, 13, 14, 15, 18, 20, 25, 27, 28, 28.1, 29, 30, 32 | 171: 2, 3, 4, 6, 7, 8, 9, 11, 12, 13, 14;149: 1, 2, 5, 6, 9, 10, 14, 25, 27, 34 | 171: 5, 8, 10;"Тематическая навигация. Конкретные выводы — в обзоре источников и пояснениях; наличие маркера не доказывает коллизию, отсутствие не доказывает ее отсутствие."
149.txt;172.txt;ACT. 001 — общие правила соотношения актов;149: 8, 20, 28.1, 29, 35 | 172: 1, 2, 3, 4, 5, 6, 7;149: 16, 29 | 172: 7, 8;149: 1, 3, 5, 6, 7, 9, 13, 14, 15, 18, 20, 25, 27, 28, 28.1, 29, 30, 32 | 172: 4, 5, 6;149: 1, 2, 5, 6, 9, 10, 14, 25, 27, 34 | 172: 1, 8;"Тематическая навигация. Конкретные выводы — в обзоре источников и пояснениях; наличие маркера не доказывает коллизию, отсутствие не доказывает ее отсутствие."
149.txt;173.txt;ACT. 003;149: 8, 20, 28.1, 29, 35 | 173: 1, 4, 6, 9, 11, 12;149: 16, 29 | 173: 1, 9, 11;149: 1, 3, 5, 6, 7, 9, 13, 14, 15, 18, 20, 25, 27, 28, 28.1, 29, 30, 32 | 173: 1, 2, 3, 4, 5.1, 6, 7, 7.1, 8, 9, 10, 11, 12, 13;149: 1, 2, 5, 6, 9, 10, 14, 25, 27, 34 | 173: 4, 6;"Тематическая навигация. Конкретные выводы — в обзоре источников и пояснениях; наличие маркера не доказывает коллизию, отсутствие не доказывает ее отсутствие."
149.txt;174.txt;ACT. 003;149: 8, 20, 28.1, 29, 35 | 174: 1, 2, 3, 5, 7, 8, 9, 9.2, 9.3, 15, 19, 20, 35;149: 16, 29 | 174: 4, 5, 8, 9, 19, 23, 28, 31, 34, 36, 37, 38, 40;149: 1, 3, 5, 6, 7, 9, 13, 14, 15, 18, 20, 25, 27, 28, 28.1, 29, 30, 32 | 174: 1, 3, 4, 5, 8, 9.2, 19, 26, 28, 30, 35, 36, 37, 38, 39, 40;149: 1, 2, 5, 6, 9, 10, 14, 25, 27, 34 | 174: 2, 3, 7, 8, 9, 19;"Тематическая навигация. Конкретные выводы — в обзоре источников и пояснениях; наличие маркера не доказывает коллизию, отсутствие не доказывает ее отсутствие."
150.txt;152.txt;ACT. 001 — общие правила соотношения актов;150: 11, 13, 30 | 152: 4, 5, 6, 7, 8, 13, 14, 20, 21, 23, 24, 26, 27, 28, 29, 30, 33, 34;150: 4, 7, 14, 28 | 152: 3, 10, 22;150: 1, 2, 4, 5, 9, 10, 11, 12, 14, 16, 18, 19, 20, 22, 23, 24, 25, 26, 27, 27.1, 29, 30 | 152: 4, 9, 10, 12, 14, 19, 20, 29, 34;150: 1, 2, 3, 9, 11, 28 | 152: 1, 2, 3, 5, 6, 10, 12, 13, 15, 18, 19, 21, 22, 23, 24, 25, 27, 28, 30, 31, 33, 34;"Тематическая навигация. Конкретные выводы — в обзоре источников и пояснениях; наличие маркера не доказывает коллизию, отсутствие не доказывает ее отсутствие."
150.txt;153.txt;ACT. 007;150: 11, 13, 30 | 153: 1, 7, 8.2, 10, 11, 12, 13, 14, 15, 16, 26, 29, 29.1, 29.2, 34, 35, 39, 40, 41, 43, 44;150: 4, 7, 14, 28 | 153: 9, 33, 34, 35, 36, 38;150: 1, 2, 4, 5, 9, 10, 11, 12, 14, 16, 18, 19, 20, 22, 23, 24, 25, 26, 27, 27.1, 29, 30 | 153: 8.2, 16, 19, 20, 21, 22, 23, 31, 39, 43, 44;150: 1, 2, 3, 9, 11, 28 | 153: 1, 13, 27, 29, 29.1, 29.2;"Тематическая навигация. Конкретные выводы — в обзоре источников и пояснениях; наличие маркера не доказывает коллизию, отсутствие не доказывает ее отсутствие."
150.txt;154.txt;ACT. 003;150: 11, 13, 30 | 154: 4, 6;150: 4, 7, 14, 28 | 154: прямые маркеры не найдены;150: 1, 2, 4, 5, 9, 10, 11, 12, 14, 16, 18, 19, 20, 22, 23, 24, 25, 26, 27, 27.1, 29, 30 | 154: 4, 5;150: 1, 2, 3, 9, 11, 28 | 154: 2;"Тематическая навигация. Конкретные выводы — в обзоре источников и пояснениях; наличие маркера не доказывает коллизию, отсутствие не доказывает ее отсутствие."
150.txt;155.txt;ACT. 003;150: 11, 13, 30 | 155: 4, 5, 6, 13, 14.2, 15, 19, 20, 22.2, 23, 24, 27, 28;150: 4, 7, 14, 28 | 155: 6, 18, 26, 29;150: 1, 2, 4, 5, 9, 10, 11, 12, 14, 16, 18, 19, 20, 22, 23, 24, 25, 26, 27, 27.1, 29, 30 | 155: 3, 8, 9, 10, 13, 15, 16, 18, 19, 20, 23, 25, 26, 28, 29, 30;150: 1, 2, 3, 9, 11, 28 | 155: 2, 27, 28, 29;"Тематическая навигация. Конкретные выводы — в обзоре источников и пояснениях; наличие маркера не доказывает коллизию, отсутствие не доказывает ее отсутствие."
150.txt;156.txt;"ACT. 003; ACT. 007";150: 11, 13, 30 | 156: 1, 4, 7, 8, 9, 10, 13, 14, 16, 17, 18, 19, 20, 21, 21.1, 21.2, 21.3, 23, 27;150: 4, 7, 14, 28 | 156: 10, 13, 20, 21.2, 21.4, 24, 28;150: 1, 2, 4, 5, 9, 10, 11, 12, 14, 16, 18, 19, 20, 22, 23, 24, 25, 26, 27, 27.1, 29, 30 | 156: 4, 6, 7, 8, 9, 13, 14, 17, 18, 19, 21.1, 21.2, 21.4, 21.5, 23, 24, 28;150: 1, 2, 3, 9, 11, 28 | 156: 2, 7, 9, 10, 21.1;"Тематическая навигация. Конкретные выводы — в обзоре источников и пояснениях; наличие маркера не доказывает коллизию, отсутствие не доказывает ее отсутствие."
150.txt;157.txt;ACT. 003;150: 11, 13, 30 | 157: 1, 3, 6, 7, 8, 11, 12, 13;150: 4, 7, 14, 28 | 157: 10, 15;150: 1, 2, 4, 5, 9, 10, 11, 12, 14, 16, 18, 19, 20, 22, 23, 24, 25, 26, 27, 27.1, 29, 30 | 157: 1, 4, 5, 6, 7, 7.1, 8, 10, 12, 14, 15;150: 1, 2, 3, 9, 11, 28 | 157: 1, 3, 4;"Тематическая навигация. Конкретные выводы — в обзоре источников и пояснениях; наличие маркера не доказывает коллизию, отсутствие не доказывает ее отсутствие."
150.txt;158.txt;ACT. 003;150: 11, 13, 30 | 158: 1, 2, 5, 7, 9, 10, 11, 12, 13, 19, 19.1, 20, 20.1, 21, 21.1;150: 4, 7, 14, 28 | 158: 3, 5, 10, 18, 23, 26, 27;150: 1, 2, 4, 5, 9, 10, 11, 12, 14, 16, 18, 19, 20, 22, 23, 24, 25, 26, 27, 27.1, 29, 30 | 158: 2, 4, 7, 10, 12, 14, 15, 21, 25, 27;150: 1, 2, 3, 9, 11, 28 | 158: 3, 23, 27;"Тематическая навигация. Конкретные выводы — в обзоре источников и пояснениях; наличие маркера не доказывает коллизию, отсутствие не доказывает ее отсутствие."
150.txt;159.txt;ACT. 003;150: 11, 13, 30 | 159: 1, 3, 4, 5, 8, 9, 11, 12, 13, 14, 15, 17, 18, 19, 20, 21, 22, 23, 24, 25, 26, 27, 28, 29, 30, 31, 32, 33, 34, 35, 36, 37;150: 4, 7, 14, 28 | 159: 5, 8, 14, 28, 30, 33;150: 1, 2, 4, 5, 9, 10, 11, 12, 14, 16, 18, 19, 20, 22, 23, 24, 25, 26, 27, 27.1, 29, 30 | 159: 3, 5, 6, 7, 8, 9, 11, 12, 13, 14, 15, 16, 17, 20, 21, 22, 23, 25, 26, 27, 28, 29, 30, 31, 32, 33, 34, 35, 36, 37;150: 1, 2, 3, 9, 11, 28 | 159: 5, 6, 8, 9, 23, 29, 31, 35, 36;"Тематическая навигация. Конкретные выводы — в обзоре источников и пояснениях; наличие маркера не доказывает коллизию, отсутствие не доказывает ее отсутствие."
150.txt;160.txt;ACT. 001 — общие правила соотношения актов;150: 11, 13, 30 | 160: 25, 26;150: 4, 7, 14, 28 | 160: 29, 30, 31, 32;150: 1, 2, 4, 5, 9, 10, 11, 12, 14, 16, 18, 19, 20, 22, 23, 24, 25, 26, 27, 27.1, 29, 30 | 160: 7, 9, 16, 18, 19;150: 1, 2, 3, 9, 11, 28 | 160: прямые маркеры не найдены;"Тематическая навигация. Конкретные выводы — в обзоре источников и пояснениях; наличие маркера не доказывает коллизию, отсутствие не доказывает ее отсутствие."
150.txt;161.txt;ACT. 001 — общие правила соотношения актов;150: 11, 13, 30 | 161: 7, 13, 21, 29, 29.1, 37, 38, 40;150: 4, 7, 14, 28 | 161: 23, 41;150: 1, 2, 4, 5, 9, 10, 11, 12, 14, 16, 18, 19, 20, 22, 23, 24, 25, 26, 27, 27.1, 29, 30 | 161: 10, 11, 13, 15, 16, 16.1, 16.2, 18, 18.1, 21, 24, 25, 28, 32.1, 33.1, 35, 37, 42;150: 1, 2, 3, 9, 11, 28 | 161: 1, 3, 37;"Тематическая навигация. Конкретные выводы — в обзоре источников и пояснениях; наличие маркера не доказывает коллизию, отсутствие не доказывает ее отсутствие."
150.txt;162.txt;ACT. 007;150: 11, 13, 30 | 162: 4, 7;150: 4, 7, 14, 28 | 162: 3, 4, 9;150: 1, 2, 4, 5, 9, 10, 11, 12, 14, 16, 18, 19, 20, 22, 23, 24, 25, 26, 27, 27.1, 29, 30 | 162: 1, 3, 6, 7;150: 1, 2, 3, 9, 11, 28 | 162: 4, 5, 6, 9;"Тематическая навигация. Конкретные выводы — в обзоре источников и пояснениях; наличие маркера не доказывает коллизию, отсутствие не доказывает ее отсутствие."
150.txt;163.txt;ACT. 001 — общие правила соотношения актов;150: 11, 13, 30 | 163: Главы I–III;150: 4, 7, 14, 28 | 163: Главы I–III;150: 1, 2, 4, 5, 9, 10, 11, 12, 14, 16, 18, 19, 20, 22, 23, 24, 25, 26, 27, 27.1, 29, 30 | 163: Главы I–III;150: 1, 2, 3, 9, 11, 28 | 163: Главы I–III;"Тематическая навигация. Конкретные выводы — в обзоре источников и пояснениях; наличие маркера не доказывает коллизию, отсутствие не доказывает ее отсутствие."
150.txt;164.txt;ACT. 003;150: 11, 13, 30 | 164: прямые маркеры не найдены;150: 4, 7, 14, 28 | 164: прямые маркеры не найдены;150: 1, 2, 4, 5, 9, 10, 11, 12, 14, 16, 18, 19, 20, 22, 23, 24, 25, 26, 27, 27.1, 29, 30 | 164: 1, 4;150: 1, 2, 3, 9, 11, 28 | 164: прямые маркеры не найдены;"Тематическая навигация. Конкретные выводы — в обзоре источников и пояснениях; наличие маркера не доказывает коллизию, отсутствие не доказывает ее отсутствие."
150.txt;165.txt;ACT. 001 — общие правила соотношения актов;150: 11, 13, 30 | 165: 12, 14, 21, 22, 23, 24, 26, 27;150: 4, 7, 14, 28 | 165: 22, 27;150: 1, 2, 4, 5, 9, 10, 11, 12, 14, 16, 18, 19, 20, 22, 23, 24, 25, 26, 27, 27.1, 29, 30 | 165: 2.1, 5, 6, 9, 10, 22, 24, 26, 28, 31, 33;150: 1, 2, 3, 9, 11, 28 | 165: 4, 8, 11, 14, 21, 22, 24, 25, 26, 30;"Тематическая навигация. Конкретные выводы — в обзоре источников и пояснениях; наличие маркера не доказывает коллизию, отсутствие не доказывает ее отсутствие."
150.txt;166.txt;"ACT. 003; ACT. 007";150: 11, 13, 30 | 166: 12, 13, 14, 25, 27, 28;150: 4, 7, 14, 28 | 166: 3, 9, 11, 11.1, 17, 27, 28;150: 1, 2, 4, 5, 9, 10, 11, 12, 14, 16, 18, 19, 20, 22, 23, 24, 25, 26, 27, 27.1, 29, 30 | 166: 9, 10, 19, 22;150: 1, 2, 3, 9, 11, 28 | 166: 2, 10, 19;"Тематическая навигация. Конкретные выводы — в обзоре источников и пояснениях; наличие маркера не доказывает коллизию, отсутствие не доказывает ее отсутствие."
150.txt;167.txt;ACT. 003;150: 11, 13, 30 | 167: 4, 5, 10, 11, 13;150: 4, 7, 14, 28 | 167: 2, 16;150: 1, 2, 4, 5, 9, 10, 11, 12, 14, 16, 18, 19, 20, 22, 23, 24, 25, 26, 27, 27.1, 29, 30 | 167: 8, 12;150: 1, 2, 3, 9, 11, 28 | 167: 1, 7;"Тематическая навигация. Конкретные выводы — в обзоре источников и пояснениях; наличие маркера не доказывает коллизию, отсутствие не доказывает ее отсутствие."
150.txt;168.txt;ACT. 003;150: 11, 13, 30 | 168: 1, 4, 6, 7, 10, 11, 14;150: 4, 7, 14, 28 | 168: 2, 5, 7, 9, 14, 15;150: 1, 2, 4, 5, 9, 10, 11, 12, 14, 16, 18, 19, 20, 22, 23, 24, 25, 26, 27, 27.1, 29, 30 | 168: 5, 6, 7, 8, 10, 11, 11.1, 12;150: 1, 2, 3, 9, 11, 28 | 168: 3, 4, 8, 11, 14;"Тематическая навигация. Конкретные выводы — в обзоре источников и пояснениях; наличие маркера не доказывает коллизию, отсутствие не доказывает ее отсутствие."
150.txt;169.txt;ACT. 001 — общие правила соотношения актов;150: 11, 13, 30 | 169: 5, 6, 7, 10, 11;150: 4, 7, 14, 28 | 169: 5, 8;150: 1, 2, 4, 5, 9, 10, 11, 12, 14, 16, 18, 19, 20, 22, 23, 24, 25, 26, 27, 27.1, 29, 30 | 169: 5, 6, 7, 8, 11;150: 1, 2, 3, 9, 11, 28 | 169: 1, 3, 4, 5;"Тематическая навигация. Конкретные выводы — в обзоре источников и пояснениях; наличие маркера не доказывает коллизию, отсутствие не доказывает ее отсутствие."
150.txt;170.txt;ACT. 001 — общие правила соотношения актов;150: 11, 13, 30 | 170: 5, 6;150: 4, 7, 14, 28 | 170: 5;150: 1, 2, 4, 5, 9, 10, 11, 12, 14, 16, 18, 19, 20, 22, 23, 24, 25, 26, 27, 27.1, 29, 30 | 170: 3, 5;150: 1, 2, 3, 9, 11, 28 | 170: прямые маркеры не найдены;"Тематическая навигация. Конкретные выводы — в обзоре источников и пояснениях; наличие маркера не доказывает коллизию, отсутствие не доказывает ее отсутствие."
150.txt;171.txt;ACT. 003;150: 11, 13, 30 | 171: 2, 8, 9, 12, 14;150: 4, 7, 14, 28 | 171: 6;150: 1, 2, 4, 5, 9, 10, 11, 12, 14, 16, 18, 19, 20, 22, 23, 24, 25, 26, 27, 27.1, 29, 30 | 171: 2, 3, 4, 6, 7, 8, 9, 11, 12, 13, 14;150: 1, 2, 3, 9, 11, 28 | 171: 5, 8, 10;"Тематическая навигация. Конкретные выводы — в обзоре источников и пояснениях; наличие маркера не доказывает коллизию, отсутствие не доказывает ее отсутствие."
150.txt;172.txt;ACT. 007;150: 11, 13, 30 | 172: 1, 2, 3, 4, 5, 6, 7;150: 4, 7, 14, 28 | 172: 7, 8;150: 1, 2, 4, 5, 9, 10, 11, 12, 14, 16, 18, 19, 20, 22, 23, 24, 25, 26, 27, 27.1, 29, 30 | 172: 4, 5, 6;150: 1, 2, 3, 9, 11, 28 | 172: 1, 8;"Тематическая навигация. Конкретные выводы — в обзоре источников и пояснениях; наличие маркера не доказывает коллизию, отсутствие не доказывает ее отсутствие."
150.txt;173.txt;ACT. 003;150: 11, 13, 30 | 173: 1, 4, 6, 9, 11, 12;150: 4, 7, 14, 28 | 173: 1, 9, 11;150: 1, 2, 4, 5, 9, 10, 11, 12, 14, 16, 18, 19, 20, 22, 23, 24, 25, 26, 27, 27.1, 29, 30 | 173: 1, 2, 3, 4, 5.1, 6, 7, 7.1, 8, 9, 10, 11, 12, 13;150: 1, 2, 3, 9, 11, 28 | 173: 4, 6;"Тематическая навигация. Конкретные выводы — в обзоре источников и пояснениях; наличие маркера не доказывает коллизию, отсутствие не доказывает ее отсутствие."
150.txt;174.txt;"ACT. 003; ACT. 007";150: 11, 13, 30 | 174: 1, 2, 3, 5, 7, 8, 9, 9.2, 9.3, 15, 19, 20, 35;150: 4, 7, 14, 28 | 174: 4, 5, 8, 9, 19, 23, 28, 31, 34, 36, 37, 38, 40;150: 1, 2, 4, 5, 9, 10, 11, 12, 14, 16, 18, 19, 20, 22, 23, 24, 25, 26, 27, 27.1, 29, 30 | 174: 1, 3, 4, 5, 8, 9.2, 19, 26, 28, 30, 35, 36, 37, 38, 39, 40;150: 1, 2, 3, 9, 11, 28 | 174: 2, 3, 7, 8, 9, 19;"Тематическая навигация. Конкретные выводы — в обзоре источников и пояснениях; наличие маркера не доказывает коллизию, отсутствие не доказывает ее отсутствие."
152.txt;153.txt;ACT. 002;152: 4, 5, 6, 7, 8, 13, 14, 20, 21, 23, 24, 26, 27, 28, 29, 30, 33, 34 | 153: 1, 7, 8.2, 10, 11, 12, 13, 14, 15, 16, 26, 29, 29.1, 29.2, 34, 35, 39, 40, 41, 43, 44;152: 3, 10, 22 | 153: 9, 33, 34, 35, 36, 38;152: 4, 9, 10, 12, 14, 19, 20, 29, 34 | 153: 8.2, 16, 19, 20, 21, 22, 23, 31, 39, 43, 44;152: 1, 2, 3, 5, 6, 10, 12, 13, 15, 18, 19, 21, 22, 23, 24, 25, 27, 28, 30, 31, 33, 34 | 153: 1, 13, 27, 29, 29.1, 29.2;"Тематическая навигация. Конкретные выводы — в обзоре источников и пояснениях; наличие маркера не доказывает коллизию, отсутствие не доказывает ее отсутствие."
152.txt;154.txt;ACT. 009;152: 4, 5, 6, 7, 8, 13, 14, 20, 21, 23, 24, 26, 27, 28, 29, 30, 33, 34 | 154: 4, 6;152: 3, 10, 22 | 154: прямые маркеры не найдены;152: 4, 9, 10, 12, 14, 19, 20, 29, 34 | 154: 4, 5;152: 1, 2, 3, 5, 6, 10, 12, 13, 15, 18, 19, 21, 22, 23, 24, 25, 27, 28, 30, 31, 33, 34 | 154: 2;"Тематическая навигация. Конкретные выводы — в обзоре источников и пояснениях; наличие маркера не доказывает коллизию, отсутствие не доказывает ее отсутствие."
152.txt;155.txt;"ACT. 006; ACT. 009";152: 4, 5, 6, 7, 8, 13, 14, 20, 21, 23, 24, 26, 27, 28, 29, 30, 33, 34 | 155: 4, 5, 6, 13, 14.2, 15, 19, 20, 22.2, 23, 24, 27, 28;152: 3, 10, 22 | 155: 6, 18, 26, 29;152: 4, 9, 10, 12, 14, 19, 20, 29, 34 | 155: 3, 8, 9, 10, 13, 15, 16, 18, 19, 20, 23, 25, 26, 28, 29, 30;152: 1, 2, 3, 5, 6, 10, 12, 13, 15, 18, 19, 21, 22, 23, 24, 25, 27, 28, 30, 31, 33, 34 | 155: 2, 27, 28, 29;"Тематическая навигация. Конкретные выводы — в обзоре источников и пояснениях; наличие маркера не доказывает коллизию, отсутствие не доказывает ее отсутствие."
152.txt;156.txt;"ACT. 006; ACT. 009";152: 4, 5, 6, 7, 8, 13, 14, 20, 21, 23, 24, 26, 27, 28, 29, 30, 33, 34 | 156: 1, 4, 7, 8, 9, 10, 13, 14, 16, 17, 18, 19, 20, 21, 21.1, 21.2, 21.3, 23, 27;152: 3, 10, 22 | 156: 10, 13, 20, 21.2, 21.4, 24, 28;152: 4, 9, 10, 12, 14, 19, 20, 29, 34 | 156: 4, 6, 7, 8, 9, 13, 14, 17, 18, 19, 21.1, 21.2, 21.4, 21.5, 23, 24, 28;152: 1, 2, 3, 5, 6, 10, 12, 13, 15, 18, 19, 21, 22, 23, 24, 25, 27, 28, 30, 31, 33, 34 | 156: 2, 7, 9, 10, 21.1;"Тематическая навигация. Конкретные выводы — в обзоре источников и пояснениях; наличие маркера не доказывает коллизию, отсутствие не доказывает ее отсутствие."
152.txt;157.txt;"ACT. 006; ACT. 009";152: 4, 5, 6, 7, 8, 13, 14, 20, 21, 23, 24, 26, 27, 28, 29, 30, 33, 34 | 157: 1, 3, 6, 7, 8, 11, 12, 13;152: 3, 10, 22 | 157: 10, 15;152: 4, 9, 10, 12, 14, 19, 20, 29, 34 | 157: 1, 4, 5, 6, 7, 7.1, 8, 10, 12, 14, 15;152: 1, 2, 3, 5, 6, 10, 12, 13, 15, 18, 19, 21, 22, 23, 24, 25, 27, 28, 30, 31, 33, 34 | 157: 1, 3, 4;"Тематическая навигация. Конкретные выводы — в обзоре источников и пояснениях; наличие маркера не доказывает коллизию, отсутствие не доказывает ее отсутствие."
152.txt;158.txt;"ACT. 006; ACT. 009";152: 4, 5, 6, 7, 8, 13, 14, 20, 21, 23, 24, 26, 27, 28, 29, 30, 33, 34 | 158: 1, 2, 5, 7, 9, 10, 11, 12, 13, 19, 19.1, 20, 20.1, 21, 21.1;152: 3, 10, 22 | 158: 3, 5, 10, 18, 23, 26, 27;152: 4, 9, 10, 12, 14, 19, 20, 29, 34 | 158: 2, 4, 7, 10, 12, 14, 15, 21, 25, 27;152: 1, 2, 3, 5, 6, 10, 12, 13, 15, 18, 19, 21, 22, 23, 24, 25, 27, 28, 30, 31, 33, 34 | 158: 3, 23, 27;"Тематическая навигация. Конкретные выводы — в обзоре источников и пояснениях; наличие маркера не доказывает коллизию, отсутствие не доказывает ее отсутствие."
152.txt;159.txt;ACT. 009;152: 4, 5, 6, 7, 8, 13, 14, 20, 21, 23, 24, 26, 27, 28, 29, 30, 33, 34 | 159: 1, 3, 4, 5, 8, 9, 11, 12, 13, 14, 15, 17, 18, 19, 20, 21, 22, 23, 24, 25, 26, 27, 28, 29, 30, 31, 32, 33, 34, 35, 36, 37;152: 3, 10, 22 | 159: 5, 8, 14, 28, 30, 33;152: 4, 9, 10, 12, 14, 19, 20, 29, 34 | 159: 3, 5, 6, 7, 8, 9, 11, 12, 13, 14, 15, 16, 17, 20, 21, 22, 23, 25, 26, 27, 28, 29, 30, 31, 32, 33, 34, 35, 36, 37;152: 1, 2, 3, 5, 6, 10, 12, 13, 15, 18, 19, 21, 22, 23, 24, 25, 27, 28, 30, 31, 33, 34 | 159: 5, 6, 8, 9, 23, 29, 31, 35, 36;"Тематическая навигация. Конкретные выводы — в обзоре источников и пояснениях; наличие маркера не доказывает коллизию, отсутствие не доказывает ее отсутствие."
152.txt;160.txt;ACT. 001 — общие правила соотношения актов;152: 4, 5, 6, 7, 8, 13, 14, 20, 21, 23, 24, 26, 27, 28, 29, 30, 33, 34 | 160: 25, 26;152: 3, 10, 22 | 160: 29, 30, 31, 32;152: 4, 9, 10, 12, 14, 19, 20, 29, 34 | 160: 7, 9, 16, 18, 19;152: 1, 2, 3, 5, 6, 10, 12, 13, 15, 18, 19, 21, 22, 23, 24, 25, 27, 28, 30, 31, 33, 34 | 160: прямые маркеры не найдены;"Тематическая навигация. Конкретные выводы — в обзоре источников и пояснениях; наличие маркера не доказывает коллизию, отсутствие не доказывает ее отсутствие."
152.txt;161.txt;ACT. 006;152: 4, 5, 6, 7, 8, 13, 14, 20, 21, 23, 24, 26, 27, 28, 29, 30, 33, 34 | 161: 7, 13, 21, 29, 29.1, 37, 38, 40;152: 3, 10, 22 | 161: 23, 41;152: 4, 9, 10, 12, 14, 19, 20, 29, 34 | 161: 10, 11, 13, 15, 16, 16.1, 16.2, 18, 18.1, 21, 24, 25, 28, 32.1, 33.1, 35, 37, 42;152: 1, 2, 3, 5, 6, 10, 12, 13, 15, 18, 19, 21, 22, 23, 24, 25, 27, 28, 30, 31, 33, 34 | 161: 1, 3, 37;"Тематическая навигация. Конкретные выводы — в обзоре источников и пояснениях; наличие маркера не доказывает коллизию, отсутствие не доказывает ее отсутствие."
152.txt;162.txt;ACT. 009;152: 4, 5, 6, 7, 8, 13, 14, 20, 21, 23, 24, 26, 27, 28, 29, 30, 33, 34 | 162: 4, 7;152: 3, 10, 22 | 162: 3, 4, 9;152: 4, 9, 10, 12, 14, 19, 20, 29, 34 | 162: 1, 3, 6, 7;152: 1, 2, 3, 5, 6, 10, 12, 13, 15, 18, 19, 21, 22, 23, 24, 25, 27, 28, 30, 31, 33, 34 | 162: 4, 5, 6, 9;"Тематическая навигация. Конкретные выводы — в обзоре источников и пояснениях; наличие маркера не доказывает коллизию, отсутствие не доказывает ее отсутствие."
152.txt;163.txt;ACT. 009;152: 4, 5, 6, 7, 8, 13, 14, 20, 21, 23, 24, 26, 27, 28, 29, 30, 33, 34 | 163: Главы I–III;152: 3, 10, 22 | 163: Главы I–III;152: 4, 9, 10, 12, 14, 19, 20, 29, 34 | 163: Главы I–III;152: 1, 2, 3, 5, 6, 10, 12, 13, 15, 18, 19, 21, 22, 23, 24, 25, 27, 28, 30, 31, 33, 34 | 163: Главы I–III;"Тематическая навигация. Конкретные выводы — в обзоре источников и пояснениях; наличие маркера не доказывает коллизию, отсутствие не доказывает ее отсутствие."
152.txt;164.txt;ACT. 001 — общие правила соотношения актов;152: 4, 5, 6, 7, 8, 13, 14, 20, 21, 23, 24, 26, 27, 28, 29, 30, 33, 34 | 164: прямые маркеры не найдены;152: 3, 10, 22 | 164: прямые маркеры не найдены;152: 4, 9, 10, 12, 14, 19, 20, 29, 34 | 164: 1, 4;152: 1, 2, 3, 5, 6, 10, 12, 13, 15, 18, 19, 21, 22, 23, 24, 25, 27, 28, 30, 31, 33, 34 | 164: прямые маркеры не найдены;"Тематическая навигация. Конкретные выводы — в обзоре источников и пояснениях; наличие маркера не доказывает коллизию, отсутствие не доказывает ее отсутствие."
152.txt;165.txt;"ACT. 009; ACT. 013";152: 4, 5, 6, 7, 8, 13, 14, 20, 21, 23, 24, 26, 27, 28, 29, 30, 33, 34 | 165: 12, 14, 21, 22, 23, 24, 26, 27;152: 3, 10, 22 | 165: 22, 27;152: 4, 9, 10, 12, 14, 19, 20, 29, 34 | 165: 2.1, 5, 6, 9, 10, 22, 24, 26, 28, 31, 33;152: 1, 2, 3, 5, 6, 10, 12, 13, 15, 18, 19, 21, 22, 23, 24, 25, 27, 28, 30, 31, 33, 34 | 165: 4, 8, 11, 14, 21, 22, 24, 25, 26, 30;"Тематическая навигация. Конкретные выводы — в обзоре источников и пояснениях; наличие маркера не доказывает коллизию, отсутствие не доказывает ее отсутствие."
152.txt;166.txt;ACT. 001 — общие правила соотношения актов;152: 4, 5, 6, 7, 8, 13, 14, 20, 21, 23, 24, 26, 27, 28, 29, 30, 33, 34 | 166: 12, 13, 14, 25, 27, 28;152: 3, 10, 22 | 166: 3, 9, 11, 11.1, 17, 27, 28;152: 4, 9, 10, 12, 14, 19, 20, 29, 34 | 166: 9, 10, 19, 22;152: 1, 2, 3, 5, 6, 10, 12, 13, 15, 18, 19, 21, 22, 23, 24, 25, 27, 28, 30, 31, 33, 34 | 166: 2, 10, 19;"Тематическая навигация. Конкретные выводы — в обзоре источников и пояснениях; наличие маркера не доказывает коллизию, отсутствие не доказывает ее отсутствие."
152.txt;167.txt;"ACT. 006; ACT. 009";152: 4, 5, 6, 7, 8, 13, 14, 20, 21, 23, 24, 26, 27, 28, 29, 30, 33, 34 | 167: 4, 5, 10, 11, 13;152: 3, 10, 22 | 167: 2, 16;152: 4, 9, 10, 12, 14, 19, 20, 29, 34 | 167: 8, 12;152: 1, 2, 3, 5, 6, 10, 12, 13, 15, 18, 19, 21, 22, 23, 24, 25, 27, 28, 30, 31, 33, 34 | 167: 1, 7;"Тематическая навигация. Конкретные выводы — в обзоре источников и пояснениях; наличие маркера не доказывает коллизию, отсутствие не доказывает ее отсутствие."
152.txt;168.txt;ACT. 006;152: 4, 5, 6, 7, 8, 13, 14, 20, 21, 23, 24, 26, 27, 28, 29, 30, 33, 34 | 168: 1, 4, 6, 7, 10, 11, 14;152: 3, 10, 22 | 168: 2, 5, 7, 9, 14, 15;152: 4, 9, 10, 12, 14, 19, 20, 29, 34 | 168: 5, 6, 7, 8, 10, 11, 11.1, 12;152: 1, 2, 3, 5, 6, 10, 12, 13, 15, 18, 19, 21, 22, 23, 24, 25, 27, 28, 30, 31, 33, 34 | 168: 3, 4, 8, 11, 14;"Тематическая навигация. Конкретные выводы — в обзоре источников и пояснениях; наличие маркера не доказывает коллизию, отсутствие не доказывает ее отсутствие."
152.txt;169.txt;"ACT. 009; ACT. 013";152: 4, 5, 6, 7, 8, 13, 14, 20, 21, 23, 24, 26, 27, 28, 29, 30, 33, 34 | 169: 5, 6, 7, 10, 11;152: 3, 10, 22 | 169: 5, 8;152: 4, 9, 10, 12, 14, 19, 20, 29, 34 | 169: 5, 6, 7, 8, 11;152: 1, 2, 3, 5, 6, 10, 12, 13, 15, 18, 19, 21, 22, 23, 24, 25, 27, 28, 30, 31, 33, 34 | 169: 1, 3, 4, 5;"Тематическая навигация. Конкретные выводы — в обзоре источников и пояснениях; наличие маркера не доказывает коллизию, отсутствие не доказывает ее отсутствие."
152.txt;170.txt;ACT. 001 — общие правила соотношения актов;152: 4, 5, 6, 7, 8, 13, 14, 20, 21, 23, 24, 26, 27, 28, 29, 30, 33, 34 | 170: 5, 6;152: 3, 10, 22 | 170: 5;152: 4, 9, 10, 12, 14, 19, 20, 29, 34 | 170: 3, 5;152: 1, 2, 3, 5, 6, 10, 12, 13, 15, 18, 19, 21, 22, 23, 24, 25, 27, 28, 30, 31, 33, 34 | 170: прямые маркеры не найдены;"Тематическая навигация. Конкретные выводы — в обзоре источников и пояснениях; наличие маркера не доказывает коллизию, отсутствие не доказывает ее отсутствие."
152.txt;171.txt;ACT. 013;152: 4, 5, 6, 7, 8, 13, 14, 20, 21, 23, 24, 26, 27, 28, 29, 30, 33, 34 | 171: 2, 8, 9, 12, 14;152: 3, 10, 22 | 171: 6;152: 4, 9, 10, 12, 14, 19, 20, 29, 34 | 171: 2, 3, 4, 6, 7, 8, 9, 11, 12, 13, 14;152: 1, 2, 3, 5, 6, 10, 12, 13, 15, 18, 19, 21, 22, 23, 24, 25, 27, 28, 30, 31, 33, 34 | 171: 5, 8, 10;"Тематическая навигация. Конкретные выводы — в обзоре источников и пояснениях; наличие маркера не доказывает коллизию, отсутствие не доказывает ее отсутствие."
152.txt;172.txt;"ACT. 006; ACT. 009";152: 4, 5, 6, 7, 8, 13, 14, 20, 21, 23, 24, 26, 27, 28, 29, 30, 33, 34 | 172: 1, 2, 3, 4, 5, 6, 7;152: 3, 10, 22 | 172: 7, 8;152: 4, 9, 10, 12, 14, 19, 20, 29, 34 | 172: 4, 5, 6;152: 1, 2, 3, 5, 6, 10, 12, 13, 15, 18, 19, 21, 22, 23, 24, 25, 27, 28, 30, 31, 33, 34 | 172: 1, 8;"Тематическая навигация. Конкретные выводы — в обзоре источников и пояснениях; наличие маркера не доказывает коллизию, отсутствие не доказывает ее отсутствие."
152.txt;173.txt;ACT. 001 — общие правила соотношения актов;152: 4, 5, 6, 7, 8, 13, 14, 20, 21, 23, 24, 26, 27, 28, 29, 30, 33, 34 | 173: 1, 4, 6, 9, 11, 12;152: 3, 10, 22 | 173: 1, 9, 11;152: 4, 9, 10, 12, 14, 19, 20, 29, 34 | 173: 1, 2, 3, 4, 5.1, 6, 7, 7.1, 8, 9, 10, 11, 12, 13;152: 1, 2, 3, 5, 6, 10, 12, 13, 15, 18, 19, 21, 22, 23, 24, 25, 27, 28, 30, 31, 33, 34 | 173: 4, 6;"Тематическая навигация. Конкретные выводы — в обзоре источников и пояснениях; наличие маркера не доказывает коллизию, отсутствие не доказывает ее отсутствие."
152.txt;174.txt;"ACT. 002; ACT. 006";152: 4, 5, 6, 7, 8, 13, 14, 20, 21, 23, 24, 26, 27, 28, 29, 30, 33, 34 | 174: 1, 2, 3, 5, 7, 8, 9, 9.2, 9.3, 15, 19, 20, 35;152: 3, 10, 22 | 174: 4, 5, 8, 9, 19, 23, 28, 31, 34, 36, 37, 38, 40;152: 4, 9, 10, 12, 14, 19, 20, 29, 34 | 174: 1, 3, 4, 5, 8, 9.2, 19, 26, 28, 30, 35, 36, 37, 38, 39, 40;152: 1, 2, 3, 5, 6, 10, 12, 13, 15, 18, 19, 21, 22, 23, 24, 25, 27, 28, 30, 31, 33, 34 | 174: 2, 3, 7, 8, 9, 19;"Тематическая навигация. Конкретные выводы — в обзоре источников и пояснениях; наличие маркера не доказывает коллизию, отсутствие не доказывает ее отсутствие."
153.txt;154.txt;ACT. 001 — общие правила соотношения актов;153: 1, 7, 8.2, 10, 11, 12, 13, 14, 15, 16, 26, 29, 29.1, 29.2, 34, 35, 39, 40, 41, 43, 44 | 154: 4, 6;153: 9, 33, 34, 35, 36, 38 | 154: прямые маркеры не найдены;153: 8.2, 16, 19, 20, 21, 22, 23, 31, 39, 43, 44 | 154: 4, 5;153: 1, 13, 27, 29, 29.1, 29.2 | 154: 2;"Тематическая навигация. Конкретные выводы — в обзоре источников и пояснениях; наличие маркера не доказывает коллизию, отсутствие не доказывает ее отсутствие."
153.txt;155.txt;ACT. 001 — общие правила соотношения актов;153: 1, 7, 8.2, 10, 11, 12, 13, 14, 15, 16, 26, 29, 29.1, 29.2, 34, 35, 39, 40, 41, 43, 44 | 155: 4, 5, 6, 13, 14.2, 15, 19, 20, 22.2, 23, 24, 27, 28;153: 9, 33, 34, 35, 36, 38 | 155: 6, 18, 26, 29;153: 8.2, 16, 19, 20, 21, 22, 23, 31, 39, 43, 44 | 155: 3, 8, 9, 10, 13, 15, 16, 18, 19, 20, 23, 25, 26, 28, 29, 30;153: 1, 13, 27, 29, 29.1, 29.2 | 155: 2, 27, 28, 29;"Тематическая навигация. Конкретные выводы — в обзоре источников и пояснениях; наличие маркера не доказывает коллизию, отсутствие не доказывает ее отсутствие."
153.txt;156.txt;ACT. 007;153: 1, 7, 8.2, 10, 11, 12, 13, 14, 15, 16, 26, 29, 29.1, 29.2, 34, 35, 39, 40, 41, 43, 44 | 156: 1, 4, 7, 8, 9, 10, 13, 14, 16, 17, 18, 19, 20, 21, 21.1, 21.2, 21.3, 23, 27;153: 9, 33, 34, 35, 36, 38 | 156: 10, 13, 20, 21.2, 21.4, 24, 28;153: 8.2, 16, 19, 20, 21, 22, 23, 31, 39, 43, 44 | 156: 4, 6, 7, 8, 9, 13, 14, 17, 18, 19, 21.1, 21.2, 21.4, 21.5, 23, 24, 28;153: 1, 13, 27, 29, 29.1, 29.2 | 156: 2, 7, 9, 10, 21.1;"Тематическая навигация. Конкретные выводы — в обзоре источников и пояснениях; наличие маркера не доказывает коллизию, отсутствие не доказывает ее отсутствие."
153.txt;157.txt;ACT. 001 — общие правила соотношения актов;153: 1, 7, 8.2, 10, 11, 12, 13, 14, 15, 16, 26, 29, 29.1, 29.2, 34, 35, 39, 40, 41, 43, 44 | 157: 1, 3, 6, 7, 8, 11, 12, 13;153: 9, 33, 34, 35, 36, 38 | 157: 10, 15;153: 8.2, 16, 19, 20, 21, 22, 23, 31, 39, 43, 44 | 157: 1, 4, 5, 6, 7, 7.1, 8, 10, 12, 14, 15;153: 1, 13, 27, 29, 29.1, 29.2 | 157: 1, 3, 4;"Тематическая навигация. Конкретные выводы — в обзоре источников и пояснениях; наличие маркера не доказывает коллизию, отсутствие не доказывает ее отсутствие."
153.txt;158.txt;ACT. 001 — общие правила соотношения актов;153: 1, 7, 8.2, 10, 11, 12, 13, 14, 15, 16, 26, 29, 29.1, 29.2, 34, 35, 39, 40, 41, 43, 44 | 158: 1, 2, 5, 7, 9, 10, 11, 12, 13, 19, 19.1, 20, 20.1, 21, 21.1;153: 9, 33, 34, 35, 36, 38 | 158: 3, 5, 10, 18, 23, 26, 27;153: 8.2, 16, 19, 20, 21, 22, 23, 31, 39, 43, 44 | 158: 2, 4, 7, 10, 12, 14, 15, 21, 25, 27;153: 1, 13, 27, 29, 29.1, 29.2 | 158: 3, 23, 27;"Тематическая навигация. Конкретные выводы — в обзоре источников и пояснениях; наличие маркера не доказывает коллизию, отсутствие не доказывает ее отсутствие."
153.txt;159.txt;ACT. 001 — общие правила соотношения актов;153: 1, 7, 8.2, 10, 11, 12, 13, 14, 15, 16, 26, 29, 29.1, 29.2, 34, 35, 39, 40, 41, 43, 44 | 159: 1, 3, 4, 5, 8, 9, 11, 12, 13, 14, 15, 17, 18, 19, 20, 21, 22, 23, 24, 25, 26, 27, 28, 29, 30, 31, 32, 33, 34, 35, 36, 37;153: 9, 33, 34, 35, 36, 38 | 159: 5, 8, 14, 28, 30, 33;153: 8.2, 16, 19, 20, 21, 22, 23, 31, 39, 43, 44 | 159: 3, 5, 6, 7, 8, 9, 11, 12, 13, 14, 15, 16, 17, 20, 21, 22, 23, 25, 26, 27, 28, 29, 30, 31, 32, 33, 34, 35, 36, 37;153: 1, 13, 27, 29, 29.1, 29.2 | 159: 5, 6, 8, 9, 23, 29, 31, 35, 36;"Тематическая навигация. Конкретные выводы — в обзоре источников и пояснениях; наличие маркера не доказывает коллизию, отсутствие не доказывает ее отсутствие."
153.txt;160.txt;ACT. 001 — общие правила соотношения актов;153: 1, 7, 8.2, 10, 11, 12, 13, 14, 15, 16, 26, 29, 29.1, 29.2, 34, 35, 39, 40, 41, 43, 44 | 160: 25, 26;153: 9, 33, 34, 35, 36, 38 | 160: 29, 30, 31, 32;153: 8.2, 16, 19, 20, 21, 22, 23, 31, 39, 43, 44 | 160: 7, 9, 16, 18, 19;153: 1, 13, 27, 29, 29.1, 29.2 | 160: прямые маркеры не найдены;"Тематическая навигация. Конкретные выводы — в обзоре источников и пояснениях; наличие маркера не доказывает коллизию, отсутствие не доказывает ее отсутствие."
153.txt;161.txt;ACT. 001 — общие правила соотношения актов;153: 1, 7, 8.2, 10, 11, 12, 13, 14, 15, 16, 26, 29, 29.1, 29.2, 34, 35, 39, 40, 41, 43, 44 | 161: 7, 13, 21, 29, 29.1, 37, 38, 40;153: 9, 33, 34, 35, 36, 38 | 161: 23, 41;153: 8.2, 16, 19, 20, 21, 22, 23, 31, 39, 43, 44 | 161: 10, 11, 13, 15, 16, 16.1, 16.2, 18, 18.1, 21, 24, 25, 28, 32.1, 33.1, 35, 37, 42;153: 1, 13, 27, 29, 29.1, 29.2 | 161: 1, 3, 37;"Тематическая навигация. Конкретные выводы — в обзоре источников и пояснениях; наличие маркера не доказывает коллизию, отсутствие не доказывает ее отсутствие."
153.txt;162.txt;ACT. 007;153: 1, 7, 8.2, 10, 11, 12, 13, 14, 15, 16, 26, 29, 29.1, 29.2, 34, 35, 39, 40, 41, 43, 44 | 162: 4, 7;153: 9, 33, 34, 35, 36, 38 | 162: 3, 4, 9;153: 8.2, 16, 19, 20, 21, 22, 23, 31, 39, 43, 44 | 162: 1, 3, 6, 7;153: 1, 13, 27, 29, 29.1, 29.2 | 162: 4, 5, 6, 9;"Тематическая навигация. Конкретные выводы — в обзоре источников и пояснениях; наличие маркера не доказывает коллизию, отсутствие не доказывает ее отсутствие."
153.txt;163.txt;ACT. 001 — общие правила соотношения актов;153: 1, 7, 8.2, 10, 11, 12, 13, 14, 15, 16, 26, 29, 29.1, 29.2, 34, 35, 39, 40, 41, 43, 44 | 163: Главы I–III;153: 9, 33, 34, 35, 36, 38 | 163: Главы I–III;153: 8.2, 16, 19, 20, 21, 22, 23, 31, 39, 43, 44 | 163: Главы I–III;153: 1, 13, 27, 29, 29.1, 29.2 | 163: Главы I–III;"Тематическая навигация. Конкретные выводы — в обзоре источников и пояснениях; наличие маркера не доказывает коллизию, отсутствие не доказывает ее отсутствие."
153.txt;164.txt;ACT. 001 — общие правила соотношения актов;153: 1, 7, 8.2, 10, 11, 12, 13, 14, 15, 16, 26, 29, 29.1, 29.2, 34, 35, 39, 40, 41, 43, 44 | 164: прямые маркеры не найдены;153: 9, 33, 34, 35, 36, 38 | 164: прямые маркеры не найдены;153: 8.2, 16, 19, 20, 21, 22, 23, 31, 39, 43, 44 | 164: 1, 4;153: 1, 13, 27, 29, 29.1, 29.2 | 164: прямые маркеры не найдены;"Тематическая навигация. Конкретные выводы — в обзоре источников и пояснениях; наличие маркера не доказывает коллизию, отсутствие не доказывает ее отсутствие."
153.txt;165.txt;ACT. 001 — общие правила соотношения актов;153: 1, 7, 8.2, 10, 11, 12, 13, 14, 15, 16, 26, 29, 29.1, 29.2, 34, 35, 39, 40, 41, 43, 44 | 165: 12, 14, 21, 22, 23, 24, 26, 27;153: 9, 33, 34, 35, 36, 38 | 165: 22, 27;153: 8.2, 16, 19, 20, 21, 22, 23, 31, 39, 43, 44 | 165: 2.1, 5, 6, 9, 10, 22, 24, 26, 28, 31, 33;153: 1, 13, 27, 29, 29.1, 29.2 | 165: 4, 8, 11, 14, 21, 22, 24, 25, 26, 30;"Тематическая навигация. Конкретные выводы — в обзоре источников и пояснениях; наличие маркера не доказывает коллизию, отсутствие не доказывает ее отсутствие."
153.txt;166.txt;ACT. 007;153: 1, 7, 8.2, 10, 11, 12, 13, 14, 15, 16, 26, 29, 29.1, 29.2, 34, 35, 39, 40, 41, 43, 44 | 166: 12, 13, 14, 25, 27, 28;153: 9, 33, 34, 35, 36, 38 | 166: 3, 9, 11, 11.1, 17, 27, 28;153: 8.2, 16, 19, 20, 21, 22, 23, 31, 39, 43, 44 | 166: 9, 10, 19, 22;153: 1, 13, 27, 29, 29.1, 29.2 | 166: 2, 10, 19;"Тематическая навигация. Конкретные выводы — в обзоре источников и пояснениях; наличие маркера не доказывает коллизию, отсутствие не доказывает ее отсутствие."
153.txt;167.txt;ACT. 001 — общие правила соотношения актов;153: 1, 7, 8.2, 10, 11, 12, 13, 14, 15, 16, 26, 29, 29.1, 29.2, 34, 35, 39, 40, 41, 43, 44 | 167: 4, 5, 10, 11, 13;153: 9, 33, 34, 35, 36, 38 | 167: 2, 16;153: 8.2, 16, 19, 20, 21, 22, 23, 31, 39, 43, 44 | 167: 8, 12;153: 1, 13, 27, 29, 29.1, 29.2 | 167: 1, 7;"Тематическая навигация. Конкретные выводы — в обзоре источников и пояснениях; наличие маркера не доказывает коллизию, отсутствие не доказывает ее отсутствие."
153.txt;168.txt;ACT. 001 — общие правила соотношения актов;153: 1, 7, 8.2, 10, 11, 12, 13, 14, 15, 16, 26, 29, 29.1, 29.2, 34, 35, 39, 40, 41, 43, 44 | 168: 1, 4, 6, 7, 10, 11, 14;153: 9, 33, 34, 35, 36, 38 | 168: 2, 5, 7, 9, 14, 15;153: 8.2, 16, 19, 20, 21, 22, 23, 31, 39, 43, 44 | 168: 5, 6, 7, 8, 10, 11, 11.1, 12;153: 1, 13, 27, 29, 29.1, 29.2 | 168: 3, 4, 8, 11, 14;"Тематическая навигация. Конкретные выводы — в обзоре источников и пояснениях; наличие маркера не доказывает коллизию, отсутствие не доказывает ее отсутствие."
153.txt;169.txt;ACT. 001 — общие правила соотношения актов;153: 1, 7, 8.2, 10, 11, 12, 13, 14, 15, 16, 26, 29, 29.1, 29.2, 34, 35, 39, 40, 41, 43, 44 | 169: 5, 6, 7, 10, 11;153: 9, 33, 34, 35, 36, 38 | 169: 5, 8;153: 8.2, 16, 19, 20, 21, 22, 23, 31, 39, 43, 44 | 169: 5, 6, 7, 8, 11;153: 1, 13, 27, 29, 29.1, 29.2 | 169: 1, 3, 4, 5;"Тематическая навигация. Конкретные выводы — в обзоре источников и пояснениях; наличие маркера не доказывает коллизию, отсутствие не доказывает ее отсутствие."
153.txt;170.txt;ACT. 001 — общие правила соотношения актов;153: 1, 7, 8.2, 10, 11, 12, 13, 14, 15, 16, 26, 29, 29.1, 29.2, 34, 35, 39, 40, 41, 43, 44 | 170: 5, 6;153: 9, 33, 34, 35, 36, 38 | 170: 5;153: 8.2, 16, 19, 20, 21, 22, 23, 31, 39, 43, 44 | 170: 3, 5;153: 1, 13, 27, 29, 29.1, 29.2 | 170: прямые маркеры не найдены;"Тематическая навигация. Конкретные выводы — в обзоре источников и пояснениях; наличие маркера не доказывает коллизию, отсутствие не доказывает ее отсутствие."
153.txt;171.txt;ACT. 001 — общие правила соотношения актов;153: 1, 7, 8.2, 10, 11, 12, 13, 14, 15, 16, 26, 29, 29.1, 29.2, 34, 35, 39, 40, 41, 43, 44 | 171: 2, 8, 9, 12, 14;153: 9, 33, 34, 35, 36, 38 | 171: 6;153: 8.2, 16, 19, 20, 21, 22, 23, 31, 39, 43, 44 | 171: 2, 3, 4, 6, 7, 8, 9, 11, 12, 13, 14;153: 1, 13, 27, 29, 29.1, 29.2 | 171: 5, 8, 10;"Тематическая навигация. Конкретные выводы — в обзоре источников и пояснениях; наличие маркера не доказывает коллизию, отсутствие не доказывает ее отсутствие."
153.txt;172.txt;ACT. 007;153: 1, 7, 8.2, 10, 11, 12, 13, 14, 15, 16, 26, 29, 29.1, 29.2, 34, 35, 39, 40, 41, 43, 44 | 172: 1, 2, 3, 4, 5, 6, 7;153: 9, 33, 34, 35, 36, 38 | 172: 7, 8;153: 8.2, 16, 19, 20, 21, 22, 23, 31, 39, 43, 44 | 172: 4, 5, 6;153: 1, 13, 27, 29, 29.1, 29.2 | 172: 1, 8;"Тематическая навигация. Конкретные выводы — в обзоре источников и пояснениях; наличие маркера не доказывает коллизию, отсутствие не доказывает ее отсутствие."
153.txt;173.txt;ACT. 001 — общие правила соотношения актов;153: 1, 7, 8.2, 10, 11, 12, 13, 14, 15, 16, 26, 29, 29.1, 29.2, 34, 35, 39, 40, 41, 43, 44 | 173: 1, 4, 6, 9, 11, 12;153: 9, 33, 34, 35, 36, 38 | 173: 1, 9, 11;153: 8.2, 16, 19, 20, 21, 22, 23, 31, 39, 43, 44 | 173: 1, 2, 3, 4, 5.1, 6, 7, 7.1, 8, 9, 10, 11, 12, 13;153: 1, 13, 27, 29, 29.1, 29.2 | 173: 4, 6;"Тематическая навигация. Конкретные выводы — в обзоре источников и пояснениях; наличие маркера не доказывает коллизию, отсутствие не доказывает ее отсутствие."
153.txt;174.txt;"ACT. 002; ACT. 007";153: 1, 7, 8.2, 10, 11, 12, 13, 14, 15, 16, 26, 29, 29.1, 29.2, 34, 35, 39, 40, 41, 43, 44 | 174: 1, 2, 3, 5, 7, 8, 9, 9.2, 9.3, 15, 19, 20, 35;153: 9, 33, 34, 35, 36, 38 | 174: 4, 5, 8, 9, 19, 23, 28, 31, 34, 36, 37, 38, 40;153: 8.2, 16, 19, 20, 21, 22, 23, 31, 39, 43, 44 | 174: 1, 3, 4, 5, 8, 9.2, 19, 26, 28, 30, 35, 36, 37, 38, 39, 40;153: 1, 13, 27, 29, 29.1, 29.2 | 174: 2, 3, 7, 8, 9, 19;"Тематическая навигация. Конкретные выводы — в обзоре источников и пояснениях; наличие маркера не доказывает коллизию, отсутствие не доказывает ее отсутствие."
154.txt;155.txt;"ACT. 003; ACT. 009; ACT. 010";154: 4, 6 | 155: 4, 5, 6, 13, 14.2, 15, 19, 20, 22.2, 23, 24, 27, 28;154: прямые маркеры не найдены | 155: 6, 18, 26, 29;154: 4, 5 | 155: 3, 8, 9, 10, 13, 15, 16, 18, 19, 20, 23, 25, 26, 28, 29, 30;154: 2 | 155: 2, 27, 28, 29;"Тематическая навигация. Конкретные выводы — в обзоре источников и пояснениях; наличие маркера не доказывает коллизию, отсутствие не доказывает ее отсутствие."
154.txt;156.txt;"ACT. 003; ACT. 009";154: 4, 6 | 156: 1, 4, 7, 8, 9, 10, 13, 14, 16, 17, 18, 19, 20, 21, 21.1, 21.2, 21.3, 23, 27;154: прямые маркеры не найдены | 156: 10, 13, 20, 21.2, 21.4, 24, 28;154: 4, 5 | 156: 4, 6, 7, 8, 9, 13, 14, 17, 18, 19, 21.1, 21.2, 21.4, 21.5, 23, 24, 28;154: 2 | 156: 2, 7, 9, 10, 21.1;"Тематическая навигация. Конкретные выводы — в обзоре источников и пояснениях; наличие маркера не доказывает коллизию, отсутствие не доказывает ее отсутствие."
154.txt;157.txt;"ACT. 003; ACT. 009";154: 4, 6 | 157: 1, 3, 6, 7, 8, 11, 12, 13;154: прямые маркеры не найдены | 157: 10, 15;154: 4, 5 | 157: 1, 4, 5, 6, 7, 7.1, 8, 10, 12, 14, 15;154: 2 | 157: 1, 3, 4;"Тематическая навигация. Конкретные выводы — в обзоре источников и пояснениях; наличие маркера не доказывает коллизию, отсутствие не доказывает ее отсутствие."
154.txt;158.txt;"ACT. 003; ACT. 004; ACT. 009; ACT. 010";154: 4, 6 | 158: 1, 2, 5, 7, 9, 10, 11, 12, 13, 19, 19.1, 20, 20.1, 21, 21.1;154: прямые маркеры не найдены | 158: 3, 5, 10, 18, 23, 26, 27;154: 4, 5 | 158: 2, 4, 7, 10, 12, 14, 15, 21, 25, 27;154: 2 | 158: 3, 23, 27;"Тематическая навигация. Конкретные выводы — в обзоре источников и пояснениях; наличие маркера не доказывает коллизию, отсутствие не доказывает ее отсутствие."
154.txt;159.txt;"ACT. 003; ACT. 004; ACT. 009";154: 4, 6 | 159: 1, 3, 4, 5, 8, 9, 11, 12, 13, 14, 15, 17, 18, 19, 20, 21, 22, 23, 24, 25, 26, 27, 28, 29, 30, 31, 32, 33, 34, 35, 36, 37;154: прямые маркеры не найдены | 159: 5, 8, 14, 28, 30, 33;154: 4, 5 | 159: 3, 5, 6, 7, 8, 9, 11, 12, 13, 14, 15, 16, 17, 20, 21, 22, 23, 25, 26, 27, 28, 29, 30, 31, 32, 33, 34, 35, 36, 37;154: 2 | 159: 5, 6, 8, 9, 23, 29, 31, 35, 36;"Тематическая навигация. Конкретные выводы — в обзоре источников и пояснениях; наличие маркера не доказывает коллизию, отсутствие не доказывает ее отсутствие."
154.txt;160.txt;ACT. 001 — общие правила соотношения актов;154: 4, 6 | 160: 25, 26;154: прямые маркеры не найдены | 160: 29, 30, 31, 32;154: 4, 5 | 160: 7, 9, 16, 18, 19;154: 2 | 160: прямые маркеры не найдены;"Тематическая навигация. Конкретные выводы — в обзоре источников и пояснениях; наличие маркера не доказывает коллизию, отсутствие не доказывает ее отсутствие."
154.txt;161.txt;ACT. 001 — общие правила соотношения актов;154: 4, 6 | 161: 7, 13, 21, 29, 29.1, 37, 38, 40;154: прямые маркеры не найдены | 161: 23, 41;154: 4, 5 | 161: 10, 11, 13, 15, 16, 16.1, 16.2, 18, 18.1, 21, 24, 25, 28, 32.1, 33.1, 35, 37, 42;154: 2 | 161: 1, 3, 37;"Тематическая навигация. Конкретные выводы — в обзоре источников и пояснениях; наличие маркера не доказывает коллизию, отсутствие не доказывает ее отсутствие."
154.txt;162.txt;ACT. 009;154: 4, 6 | 162: 4, 7;154: прямые маркеры не найдены | 162: 3, 4, 9;154: 4, 5 | 162: 1, 3, 6, 7;154: 2 | 162: 4, 5, 6, 9;"Тематическая навигация. Конкретные выводы — в обзоре источников и пояснениях; наличие маркера не доказывает коллизию, отсутствие не доказывает ее отсутствие."
154.txt;163.txt;ACT. 009;154: 4, 6 | 163: Главы I–III;154: прямые маркеры не найдены | 163: Главы I–III;154: 4, 5 | 163: Главы I–III;154: 2 | 163: Главы I–III;"Тематическая навигация. Конкретные выводы — в обзоре источников и пояснениях; наличие маркера не доказывает коллизию, отсутствие не доказывает ее отсутствие."
154.txt;164.txt;"ACT. 003; ACT. 004; ACT. 010";154: 4, 6 | 164: прямые маркеры не найдены;154: прямые маркеры не найдены | 164: прямые маркеры не найдены;154: 4, 5 | 164: 1, 4;154: 2 | 164: прямые маркеры не найдены;"Тематическая навигация. Конкретные выводы — в обзоре источников и пояснениях; наличие маркера не доказывает коллизию, отсутствие не доказывает ее отсутствие."
154.txt;165.txt;ACT. 009;154: 4, 6 | 165: 12, 14, 21, 22, 23, 24, 26, 27;154: прямые маркеры не найдены | 165: 22, 27;154: 4, 5 | 165: 2.1, 5, 6, 9, 10, 22, 24, 26, 28, 31, 33;154: 2 | 165: 4, 8, 11, 14, 21, 22, 24, 25, 26, 30;"Тематическая навигация. Конкретные выводы — в обзоре источников и пояснениях; наличие маркера не доказывает коллизию, отсутствие не доказывает ее отсутствие."
154.txt;166.txt;"ACT. 003; ACT. 004";154: 4, 6 | 166: 12, 13, 14, 25, 27, 28;154: прямые маркеры не найдены | 166: 3, 9, 11, 11.1, 17, 27, 28;154: 4, 5 | 166: 9, 10, 19, 22;154: 2 | 166: 2, 10, 19;"Тематическая навигация. Конкретные выводы — в обзоре источников и пояснениях; наличие маркера не доказывает коллизию, отсутствие не доказывает ее отсутствие."
154.txt;167.txt;"ACT. 003; ACT. 009";154: 4, 6 | 167: 4, 5, 10, 11, 13;154: прямые маркеры не найдены | 167: 2, 16;154: 4, 5 | 167: 8, 12;154: 2 | 167: 1, 7;"Тематическая навигация. Конкретные выводы — в обзоре источников и пояснениях; наличие маркера не доказывает коллизию, отсутствие не доказывает ее отсутствие."
154.txt;168.txt;"ACT. 003; ACT. 004";154: 4, 6 | 168: 1, 4, 6, 7, 10, 11, 14;154: прямые маркеры не найдены | 168: 2, 5, 7, 9, 14, 15;154: 4, 5 | 168: 5, 6, 7, 8, 10, 11, 11.1, 12;154: 2 | 168: 3, 4, 8, 11, 14;"Тематическая навигация. Конкретные выводы — в обзоре источников и пояснениях; наличие маркера не доказывает коллизию, отсутствие не доказывает ее отсутствие."
154.txt;169.txt;ACT. 009;154: 4, 6 | 169: 5, 6, 7, 10, 11;154: прямые маркеры не найдены | 169: 5, 8;154: 4, 5 | 169: 5, 6, 7, 8, 11;154: 2 | 169: 1, 3, 4, 5;"Тематическая навигация. Конкретные выводы — в обзоре источников и пояснениях; наличие маркера не доказывает коллизию, отсутствие не доказывает ее отсутствие."
154.txt;170.txt;ACT. 001 — общие правила соотношения актов;154: 4, 6 | 170: 5, 6;154: прямые маркеры не найдены | 170: 5;154: 4, 5 | 170: 3, 5;154: 2 | 170: прямые маркеры не найдены;"Тематическая навигация. Конкретные выводы — в обзоре источников и пояснениях; наличие маркера не доказывает коллизию, отсутствие не доказывает ее отсутствие."
154.txt;171.txt;"ACT. 003; ACT. 004; ACT. 010";154: 4, 6 | 171: 2, 8, 9, 12, 14;154: прямые маркеры не найдены | 171: 6;154: 4, 5 | 171: 2, 3, 4, 6, 7, 8, 9, 11, 12, 13, 14;154: 2 | 171: 5, 8, 10;"Тематическая навигация. Конкретные выводы — в обзоре источников и пояснениях; наличие маркера не доказывает коллизию, отсутствие не доказывает ее отсутствие."
154.txt;172.txt;ACT. 009;154: 4, 6 | 172: 1, 2, 3, 4, 5, 6, 7;154: прямые маркеры не найдены | 172: 7, 8;154: 4, 5 | 172: 4, 5, 6;154: 2 | 172: 1, 8;"Тематическая навигация. Конкретные выводы — в обзоре источников и пояснениях; наличие маркера не доказывает коллизию, отсутствие не доказывает ее отсутствие."
154.txt;173.txt;"ACT. 003; ACT. 004; ACT. 010";154: 4, 6 | 173: 1, 4, 6, 9, 11, 12;154: прямые маркеры не найдены | 173: 1, 9, 11;154: 4, 5 | 173: 1, 2, 3, 4, 5.1, 6, 7, 7.1, 8, 9, 10, 11, 12, 13;154: 2 | 173: 4, 6;"Тематическая навигация. Конкретные выводы — в обзоре источников и пояснениях; наличие маркера не доказывает коллизию, отсутствие не доказывает ее отсутствие."
154.txt;174.txt;"ACT. 003; ACT. 004; ACT. 010";154: 4, 6 | 174: 1, 2, 3, 5, 7, 8, 9, 9.2, 9.3, 15, 19, 20, 35;154: прямые маркеры не найдены | 174: 4, 5, 8, 9, 19, 23, 28, 31, 34, 36, 37, 38, 40;154: 4, 5 | 174: 1, 3, 4, 5, 8, 9.2, 19, 26, 28, 30, 35, 36, 37, 38, 39, 40;154: 2 | 174: 2, 3, 7, 8, 9, 19;"Тематическая навигация. Конкретные выводы — в обзоре источников и пояснениях; наличие маркера не доказывает коллизию, отсутствие не доказывает ее отсутствие."
155.txt;156.txt;"ACT. 003; ACT. 006; ACT. 009; ACT. 011";155: 4, 5, 6, 13, 14.2, 15, 19, 20, 22.2, 23, 24, 27, 28 | 156: 1, 4, 7, 8, 9, 10, 13, 14, 16, 17, 18, 19, 20, 21, 21.1, 21.2, 21.3, 23, 27;155: 6, 18, 26, 29 | 156: 10, 13, 20, 21.2, 21.4, 24, 28;155: 3, 8, 9, 10, 13, 15, 16, 18, 19, 20, 23, 25, 26, 28, 29, 30 | 156: 4, 6, 7, 8, 9, 13, 14, 17, 18, 19, 21.1, 21.2, 21.4, 21.5, 23, 24, 28;155: 2, 27, 28, 29 | 156: 2, 7, 9, 10, 21.1;"Тематическая навигация. Конкретные выводы — в обзоре источников и пояснениях; наличие маркера не доказывает коллизию, отсутствие не доказывает ее отсутствие."
155.txt;157.txt;"ACT. 003; ACT. 006; ACT. 009";155: 4, 5, 6, 13, 14.2, 15, 19, 20, 22.2, 23, 24, 27, 28 | 157: 1, 3, 6, 7, 8, 11, 12, 13;155: 6, 18, 26, 29 | 157: 10, 15;155: 3, 8, 9, 10, 13, 15, 16, 18, 19, 20, 23, 25, 26, 28, 29, 30 | 157: 1, 4, 5, 6, 7, 7.1, 8, 10, 12, 14, 15;155: 2, 27, 28, 29 | 157: 1, 3, 4;"Тематическая навигация. Конкретные выводы — в обзоре источников и пояснениях; наличие маркера не доказывает коллизию, отсутствие не доказывает ее отсутствие."
155.txt;158.txt;"ACT. 003; ACT. 006; ACT. 009; ACT. 010";155: 4, 5, 6, 13, 14.2, 15, 19, 20, 22.2, 23, 24, 27, 28 | 158: 1, 2, 5, 7, 9, 10, 11, 12, 13, 19, 19.1, 20, 20.1, 21, 21.1;155: 6, 18, 26, 29 | 158: 3, 5, 10, 18, 23, 26, 27;155: 3, 8, 9, 10, 13, 15, 16, 18, 19, 20, 23, 25, 26, 28, 29, 30 | 158: 2, 4, 7, 10, 12, 14, 15, 21, 25, 27;155: 2, 27, 28, 29 | 158: 3, 23, 27;"Тематическая навигация. Конкретные выводы — в обзоре источников и пояснениях; наличие маркера не доказывает коллизию, отсутствие не доказывает ее отсутствие."
155.txt;159.txt;"ACT. 003; ACT. 009";155: 4, 5, 6, 13, 14.2, 15, 19, 20, 22.2, 23, 24, 27, 28 | 159: 1, 3, 4, 5, 8, 9, 11, 12, 13, 14, 15, 17, 18, 19, 20, 21, 22, 23, 24, 25, 26, 27, 28, 29, 30, 31, 32, 33, 34, 35, 36, 37;155: 6, 18, 26, 29 | 159: 5, 8, 14, 28, 30, 33;155: 3, 8, 9, 10, 13, 15, 16, 18, 19, 20, 23, 25, 26, 28, 29, 30 | 159: 3, 5, 6, 7, 8, 9, 11, 12, 13, 14, 15, 16, 17, 20, 21, 22, 23, 25, 26, 27, 28, 29, 30, 31, 32, 33, 34, 35, 36, 37;155: 2, 27, 28, 29 | 159: 5, 6, 8, 9, 23, 29, 31, 35, 36;"Тематическая навигация. Конкретные выводы — в обзоре источников и пояснениях; наличие маркера не доказывает коллизию, отсутствие не доказывает ее отсутствие."
155.txt;160.txt;ACT. 001 — общие правила соотношения актов;155: 4, 5, 6, 13, 14.2, 15, 19, 20, 22.2, 23, 24, 27, 28 | 160: 25, 26;155: 6, 18, 26, 29 | 160: 29, 30, 31, 32;155: 3, 8, 9, 10, 13, 15, 16, 18, 19, 20, 23, 25, 26, 28, 29, 30 | 160: 7, 9, 16, 18, 19;155: 2, 27, 28, 29 | 160: прямые маркеры не найдены;"Тематическая навигация. Конкретные выводы — в обзоре источников и пояснениях; наличие маркера не доказывает коллизию, отсутствие не доказывает ее отсутствие."
155.txt;161.txt;ACT. 006;155: 4, 5, 6, 13, 14.2, 15, 19, 20, 22.2, 23, 24, 27, 28 | 161: 7, 13, 21, 29, 29.1, 37, 38, 40;155: 6, 18, 26, 29 | 161: 23, 41;155: 3, 8, 9, 10, 13, 15, 16, 18, 19, 20, 23, 25, 26, 28, 29, 30 | 161: 10, 11, 13, 15, 16, 16.1, 16.2, 18, 18.1, 21, 24, 25, 28, 32.1, 33.1, 35, 37, 42;155: 2, 27, 28, 29 | 161: 1, 3, 37;"Тематическая навигация. Конкретные выводы — в обзоре источников и пояснениях; наличие маркера не доказывает коллизию, отсутствие не доказывает ее отсутствие."
155.txt;162.txt;ACT. 009;155: 4, 5, 6, 13, 14.2, 15, 19, 20, 22.2, 23, 24, 27, 28 | 162: 4, 7;155: 6, 18, 26, 29 | 162: 3, 4, 9;155: 3, 8, 9, 10, 13, 15, 16, 18, 19, 20, 23, 25, 26, 28, 29, 30 | 162: 1, 3, 6, 7;155: 2, 27, 28, 29 | 162: 4, 5, 6, 9;"Тематическая навигация. Конкретные выводы — в обзоре источников и пояснениях; наличие маркера не доказывает коллизию, отсутствие не доказывает ее отсутствие."
155.txt;163.txt;ACT. 009;155: 4, 5, 6, 13, 14.2, 15, 19, 20, 22.2, 23, 24, 27, 28 | 163: Главы I–III;155: 6, 18, 26, 29 | 163: Главы I–III;155: 3, 8, 9, 10, 13, 15, 16, 18, 19, 20, 23, 25, 26, 28, 29, 30 | 163: Главы I–III;155: 2, 27, 28, 29 | 163: Главы I–III;"Тематическая навигация. Конкретные выводы — в обзоре источников и пояснениях; наличие маркера не доказывает коллизию, отсутствие не доказывает ее отсутствие."
155.txt;164.txt;"ACT. 003; ACT. 010";155: 4, 5, 6, 13, 14.2, 15, 19, 20, 22.2, 23, 24, 27, 28 | 164: прямые маркеры не найдены;155: 6, 18, 26, 29 | 164: прямые маркеры не найдены;155: 3, 8, 9, 10, 13, 15, 16, 18, 19, 20, 23, 25, 26, 28, 29, 30 | 164: 1, 4;155: 2, 27, 28, 29 | 164: прямые маркеры не найдены;"Тематическая навигация. Конкретные выводы — в обзоре источников и пояснениях; наличие маркера не доказывает коллизию, отсутствие не доказывает ее отсутствие."
155.txt;165.txt;ACT. 009;155: 4, 5, 6, 13, 14.2, 15, 19, 20, 22.2, 23, 24, 27, 28 | 165: 12, 14, 21, 22, 23, 24, 26, 27;155: 6, 18, 26, 29 | 165: 22, 27;155: 3, 8, 9, 10, 13, 15, 16, 18, 19, 20, 23, 25, 26, 28, 29, 30 | 165: 2.1, 5, 6, 9, 10, 22, 24, 26, 28, 31, 33;155: 2, 27, 28, 29 | 165: 4, 8, 11, 14, 21, 22, 24, 25, 26, 30;"Тематическая навигация. Конкретные выводы — в обзоре источников и пояснениях; наличие маркера не доказывает коллизию, отсутствие не доказывает ее отсутствие."
155.txt;166.txt;ACT. 003;155: 4, 5, 6, 13, 14.2, 15, 19, 20, 22.2, 23, 24, 27, 28 | 166: 12, 13, 14, 25, 27, 28;155: 6, 18, 26, 29 | 166: 3, 9, 11, 11.1, 17, 27, 28;155: 3, 8, 9, 10, 13, 15, 16, 18, 19, 20, 23, 25, 26, 28, 29, 30 | 166: 9, 10, 19, 22;155: 2, 27, 28, 29 | 166: 2, 10, 19;"Тематическая навигация. Конкретные выводы — в обзоре источников и пояснениях; наличие маркера не доказывает коллизию, отсутствие не доказывает ее отсутствие."
155.txt;167.txt;"ACT. 003; ACT. 006; ACT. 009";155: 4, 5, 6, 13, 14.2, 15, 19, 20, 22.2, 23, 24, 27, 28 | 167: 4, 5, 10, 11, 13;155: 6, 18, 26, 29 | 167: 2, 16;155: 3, 8, 9, 10, 13, 15, 16, 18, 19, 20, 23, 25, 26, 28, 29, 30 | 167: 8, 12;155: 2, 27, 28, 29 | 167: 1, 7;"Тематическая навигация. Конкретные выводы — в обзоре источников и пояснениях; наличие маркера не доказывает коллизию, отсутствие не доказывает ее отсутствие."
155.txt;168.txt;"ACT. 003; ACT. 006";155: 4, 5, 6, 13, 14.2, 15, 19, 20, 22.2, 23, 24, 27, 28 | 168: 1, 4, 6, 7, 10, 11, 14;155: 6, 18, 26, 29 | 168: 2, 5, 7, 9, 14, 15;155: 3, 8, 9, 10, 13, 15, 16, 18, 19, 20, 23, 25, 26, 28, 29, 30 | 168: 5, 6, 7, 8, 10, 11, 11.1, 12;155: 2, 27, 28, 29 | 168: 3, 4, 8, 11, 14;"Тематическая навигация. Конкретные выводы — в обзоре источников и пояснениях; наличие маркера не доказывает коллизию, отсутствие не доказывает ее отсутствие."
155.txt;169.txt;ACT. 009;155: 4, 5, 6, 13, 14.2, 15, 19, 20, 22.2, 23, 24, 27, 28 | 169: 5, 6, 7, 10, 11;155: 6, 18, 26, 29 | 169: 5, 8;155: 3, 8, 9, 10, 13, 15, 16, 18, 19, 20, 23, 25, 26, 28, 29, 30 | 169: 5, 6, 7, 8, 11;155: 2, 27, 28, 29 | 169: 1, 3, 4, 5;"Тематическая навигация. Конкретные выводы — в обзоре источников и пояснениях; наличие маркера не доказывает коллизию, отсутствие не доказывает ее отсутствие."
155.txt;170.txt;ACT. 001 — общие правила соотношения актов;155: 4, 5, 6, 13, 14.2, 15, 19, 20, 22.2, 23, 24, 27, 28 | 170: 5, 6;155: 6, 18, 26, 29 | 170: 5;155: 3, 8, 9, 10, 13, 15, 16, 18, 19, 20, 23, 25, 26, 28, 29, 30 | 170: 3, 5;155: 2, 27, 28, 29 | 170: прямые маркеры не найдены;"Тематическая навигация. Конкретные выводы — в обзоре источников и пояснениях; наличие маркера не доказывает коллизию, отсутствие не доказывает ее отсутствие."
155.txt;171.txt;"ACT. 003; ACT. 010";155: 4, 5, 6, 13, 14.2, 15, 19, 20, 22.2, 23, 24, 27, 28 | 171: 2, 8, 9, 12, 14;155: 6, 18, 26, 29 | 171: 6;155: 3, 8, 9, 10, 13, 15, 16, 18, 19, 20, 23, 25, 26, 28, 29, 30 | 171: 2, 3, 4, 6, 7, 8, 9, 11, 12, 13, 14;155: 2, 27, 28, 29 | 171: 5, 8, 10;"Тематическая навигация. Конкретные выводы — в обзоре источников и пояснениях; наличие маркера не доказывает коллизию, отсутствие не доказывает ее отсутствие."
155.txt;172.txt;"ACT. 006; ACT. 009";155: 4, 5, 6, 13, 14.2, 15, 19, 20, 22.2, 23, 24, 27, 28 | 172: 1, 2, 3, 4, 5, 6, 7;155: 6, 18, 26, 29 | 172: 7, 8;155: 3, 8, 9, 10, 13, 15, 16, 18, 19, 20, 23, 25, 26, 28, 29, 30 | 172: 4, 5, 6;155: 2, 27, 28, 29 | 172: 1, 8;"Тематическая навигация. Конкретные выводы — в обзоре источников и пояснениях; наличие маркера не доказывает коллизию, отсутствие не доказывает ее отсутствие."
155.txt;173.txt;"ACT. 003; ACT. 010";155: 4, 5, 6, 13, 14.2, 15, 19, 20, 22.2, 23, 24, 27, 28 | 173: 1, 4, 6, 9, 11, 12;155: 6, 18, 26, 29 | 173: 1, 9, 11;155: 3, 8, 9, 10, 13, 15, 16, 18, 19, 20, 23, 25, 26, 28, 29, 30 | 173: 1, 2, 3, 4, 5.1, 6, 7, 7.1, 8, 9, 10, 11, 12, 13;155: 2, 27, 28, 29 | 173: 4, 6;"Тематическая навигация. Конкретные выводы — в обзоре источников и пояснениях; наличие маркера не доказывает коллизию, отсутствие не доказывает ее отсутствие."
155.txt;174.txt;"ACT. 003; ACT. 006; ACT. 010";155: 4, 5, 6, 13, 14.2, 15, 19, 20, 22.2, 23, 24, 27, 28 | 174: 1, 2, 3, 5, 7, 8, 9, 9.2, 9.3, 15, 19, 20, 35;155: 6, 18, 26, 29 | 174: 4, 5, 8, 9, 19, 23, 28, 31, 34, 36, 37, 38, 40;155: 3, 8, 9, 10, 13, 15, 16, 18, 19, 20, 23, 25, 26, 28, 29, 30 | 174: 1, 3, 4, 5, 8, 9.2, 19, 26, 28, 30, 35, 36, 37, 38, 39, 40;155: 2, 27, 28, 29 | 174: 2, 3, 7, 8, 9, 19;"Тематическая навигация. Конкретные выводы — в обзоре источников и пояснениях; наличие маркера не доказывает коллизию, отсутствие не доказывает ее отсутствие."
156.txt;157.txt;"ACT. 003; ACT. 006; ACT. 009";156: 1, 4, 7, 8, 9, 10, 13, 14, 16, 17, 18, 19, 20, 21, 21.1, 21.2, 21.3, 23, 27 | 157: 1, 3, 6, 7, 8, 11, 12, 13;156: 10, 13, 20, 21.2, 21.4, 24, 28 | 157: 10, 15;156: 4, 6, 7, 8, 9, 13, 14, 17, 18, 19, 21.1, 21.2, 21.4, 21.5, 23, 24, 28 | 157: 1, 4, 5, 6, 7, 7.1, 8, 10, 12, 14, 15;156: 2, 7, 9, 10, 21.1 | 157: 1, 3, 4;"Тематическая навигация. Конкретные выводы — в обзоре источников и пояснениях; наличие маркера не доказывает коллизию, отсутствие не доказывает ее отсутствие."
156.txt;158.txt;"ACT. 003; ACT. 006; ACT. 009";156: 1, 4, 7, 8, 9, 10, 13, 14, 16, 17, 18, 19, 20, 21, 21.1, 21.2, 21.3, 23, 27 | 158: 1, 2, 5, 7, 9, 10, 11, 12, 13, 19, 19.1, 20, 20.1, 21, 21.1;156: 10, 13, 20, 21.2, 21.4, 24, 28 | 158: 3, 5, 10, 18, 23, 26, 27;156: 4, 6, 7, 8, 9, 13, 14, 17, 18, 19, 21.1, 21.2, 21.4, 21.5, 23, 24, 28 | 158: 2, 4, 7, 10, 12, 14, 15, 21, 25, 27;156: 2, 7, 9, 10, 21.1 | 158: 3, 23, 27;"Тематическая навигация. Конкретные выводы — в обзоре источников и пояснениях; наличие маркера не доказывает коллизию, отсутствие не доказывает ее отсутствие."
156.txt;159.txt;"ACT. 003; ACT. 009";156: 1, 4, 7, 8, 9, 10, 13, 14, 16, 17, 18, 19, 20, 21, 21.1, 21.2, 21.3, 23, 27 | 159: 1, 3, 4, 5, 8, 9, 11, 12, 13, 14, 15, 17, 18, 19, 20, 21, 22, 23, 24, 25, 26, 27, 28, 29, 30, 31, 32, 33, 34, 35, 36, 37;156: 10, 13, 20, 21.2, 21.4, 24, 28 | 159: 5, 8, 14, 28, 30, 33;156: 4, 6, 7, 8, 9, 13, 14, 17, 18, 19, 21.1, 21.2, 21.4, 21.5, 23, 24, 28 | 159: 3, 5, 6, 7, 8, 9, 11, 12, 13, 14, 15, 16, 17, 20, 21, 22, 23, 25, 26, 27, 28, 29, 30, 31, 32, 33, 34, 35, 36, 37;156: 2, 7, 9, 10, 21.1 | 159: 5, 6, 8, 9, 23, 29, 31, 35, 36;"Тематическая навигация. Конкретные выводы — в обзоре источников и пояснениях; наличие маркера не доказывает коллизию, отсутствие не доказывает ее отсутствие."
156.txt;160.txt;ACT. 001 — общие правила соотношения актов;156: 1, 4, 7, 8, 9, 10, 13, 14, 16, 17, 18, 19, 20, 21, 21.1, 21.2, 21.3, 23, 27 | 160: 25, 26;156: 10, 13, 20, 21.2, 21.4, 24, 28 | 160: 29, 30, 31, 32;156: 4, 6, 7, 8, 9, 13, 14, 17, 18, 19, 21.1, 21.2, 21.4, 21.5, 23, 24, 28 | 160: 7, 9, 16, 18, 19;156: 2, 7, 9, 10, 21.1 | 160: прямые маркеры не найдены;"Тематическая навигация. Конкретные выводы — в обзоре источников и пояснениях; наличие маркера не доказывает коллизию, отсутствие не доказывает ее отсутствие."
156.txt;161.txt;ACT. 006;156: 1, 4, 7, 8, 9, 10, 13, 14, 16, 17, 18, 19, 20, 21, 21.1, 21.2, 21.3, 23, 27 | 161: 7, 13, 21, 29, 29.1, 37, 38, 40;156: 10, 13, 20, 21.2, 21.4, 24, 28 | 161: 23, 41;156: 4, 6, 7, 8, 9, 13, 14, 17, 18, 19, 21.1, 21.2, 21.4, 21.5, 23, 24, 28 | 161: 10, 11, 13, 15, 16, 16.1, 16.2, 18, 18.1, 21, 24, 25, 28, 32.1, 33.1, 35, 37, 42;156: 2, 7, 9, 10, 21.1 | 161: 1, 3, 37;"Тематическая навигация. Конкретные выводы — в обзоре источников и пояснениях; наличие маркера не доказывает коллизию, отсутствие не доказывает ее отсутствие."
156.txt;162.txt;"ACT. 007; ACT. 009";156: 1, 4, 7, 8, 9, 10, 13, 14, 16, 17, 18, 19, 20, 21, 21.1, 21.2, 21.3, 23, 27 | 162: 4, 7;156: 10, 13, 20, 21.2, 21.4, 24, 28 | 162: 3, 4, 9;156: 4, 6, 7, 8, 9, 13, 14, 17, 18, 19, 21.1, 21.2, 21.4, 21.5, 23, 24, 28 | 162: 1, 3, 6, 7;156: 2, 7, 9, 10, 21.1 | 162: 4, 5, 6, 9;"Тематическая навигация. Конкретные выводы — в обзоре источников и пояснениях; наличие маркера не доказывает коллизию, отсутствие не доказывает ее отсутствие."
156.txt;163.txt;ACT. 009;156: 1, 4, 7, 8, 9, 10, 13, 14, 16, 17, 18, 19, 20, 21, 21.1, 21.2, 21.3, 23, 27 | 163: Главы I–III;156: 10, 13, 20, 21.2, 21.4, 24, 28 | 163: Главы I–III;156: 4, 6, 7, 8, 9, 13, 14, 17, 18, 19, 21.1, 21.2, 21.4, 21.5, 23, 24, 28 | 163: Главы I–III;156: 2, 7, 9, 10, 21.1 | 163: Главы I–III;"Тематическая навигация. Конкретные выводы — в обзоре источников и пояснениях; наличие маркера не доказывает коллизию, отсутствие не доказывает ее отсутствие."
156.txt;164.txt;ACT. 003;156: 1, 4, 7, 8, 9, 10, 13, 14, 16, 17, 18, 19, 20, 21, 21.1, 21.2, 21.3, 23, 27 | 164: прямые маркеры не найдены;156: 10, 13, 20, 21.2, 21.4, 24, 28 | 164: прямые маркеры не найдены;156: 4, 6, 7, 8, 9, 13, 14, 17, 18, 19, 21.1, 21.2, 21.4, 21.5, 23, 24, 28 | 164: 1, 4;156: 2, 7, 9, 10, 21.1 | 164: прямые маркеры не найдены;"Тематическая навигация. Конкретные выводы — в обзоре источников и пояснениях; наличие маркера не доказывает коллизию, отсутствие не доказывает ее отсутствие."
156.txt;165.txt;ACT. 009;156: 1, 4, 7, 8, 9, 10, 13, 14, 16, 17, 18, 19, 20, 21, 21.1, 21.2, 21.3, 23, 27 | 165: 12, 14, 21, 22, 23, 24, 26, 27;156: 10, 13, 20, 21.2, 21.4, 24, 28 | 165: 22, 27;156: 4, 6, 7, 8, 9, 13, 14, 17, 18, 19, 21.1, 21.2, 21.4, 21.5, 23, 24, 28 | 165: 2.1, 5, 6, 9, 10, 22, 24, 26, 28, 31, 33;156: 2, 7, 9, 10, 21.1 | 165: 4, 8, 11, 14, 21, 22, 24, 25, 26, 30;"Тематическая навигация. Конкретные выводы — в обзоре источников и пояснениях; наличие маркера не доказывает коллизию, отсутствие не доказывает ее отсутствие."
156.txt;166.txt;"ACT. 003; ACT. 007";156: 1, 4, 7, 8, 9, 10, 13, 14, 16, 17, 18, 19, 20, 21, 21.1, 21.2, 21.3, 23, 27 | 166: 12, 13, 14, 25, 27, 28;156: 10, 13, 20, 21.2, 21.4, 24, 28 | 166: 3, 9, 11, 11.1, 17, 27, 28;156: 4, 6, 7, 8, 9, 13, 14, 17, 18, 19, 21.1, 21.2, 21.4, 21.5, 23, 24, 28 | 166: 9, 10, 19, 22;156: 2, 7, 9, 10, 21.1 | 166: 2, 10, 19;"Тематическая навигация. Конкретные выводы — в обзоре источников и пояснениях; наличие маркера не доказывает коллизию, отсутствие не доказывает ее отсутствие."
156.txt;167.txt;"ACT. 003; ACT. 006; ACT. 009";156: 1, 4, 7, 8, 9, 10, 13, 14, 16, 17, 18, 19, 20, 21, 21.1, 21.2, 21.3, 23, 27 | 167: 4, 5, 10, 11, 13;156: 10, 13, 20, 21.2, 21.4, 24, 28 | 167: 2, 16;156: 4, 6, 7, 8, 9, 13, 14, 17, 18, 19, 21.1, 21.2, 21.4, 21.5, 23, 24, 28 | 167: 8, 12;156: 2, 7, 9, 10, 21.1 | 167: 1, 7;"Тематическая навигация. Конкретные выводы — в обзоре источников и пояснениях; наличие маркера не доказывает коллизию, отсутствие не доказывает ее отсутствие."
156.txt;168.txt;"ACT. 003; ACT. 006";156: 1, 4, 7, 8, 9, 10, 13, 14, 16, 17, 18, 19, 20, 21, 21.1, 21.2, 21.3, 23, 27 | 168: 1, 4, 6, 7, 10, 11, 14;156: 10, 13, 20, 21.2, 21.4, 24, 28 | 168: 2, 5, 7, 9, 14, 15;156: 4, 6, 7, 8, 9, 13, 14, 17, 18, 19, 21.1, 21.2, 21.4, 21.5, 23, 24, 28 | 168: 5, 6, 7, 8, 10, 11, 11.1, 12;156: 2, 7, 9, 10, 21.1 | 168: 3, 4, 8, 11, 14;"Тематическая навигация. Конкретные выводы — в обзоре источников и пояснениях; наличие маркера не доказывает коллизию, отсутствие не доказывает ее отсутствие."
156.txt;169.txt;ACT. 009;156: 1, 4, 7, 8, 9, 10, 13, 14, 16, 17, 18, 19, 20, 21, 21.1, 21.2, 21.3, 23, 27 | 169: 5, 6, 7, 10, 11;156: 10, 13, 20, 21.2, 21.4, 24, 28 | 169: 5, 8;156: 4, 6, 7, 8, 9, 13, 14, 17, 18, 19, 21.1, 21.2, 21.4, 21.5, 23, 24, 28 | 169: 5, 6, 7, 8, 11;156: 2, 7, 9, 10, 21.1 | 169: 1, 3, 4, 5;"Тематическая навигация. Конкретные выводы — в обзоре источников и пояснениях; наличие маркера не доказывает коллизию, отсутствие не доказывает ее отсутствие."
156.txt;170.txt;ACT. 001 — общие правила соотношения актов;156: 1, 4, 7, 8, 9, 10, 13, 14, 16, 17, 18, 19, 20, 21, 21.1, 21.2, 21.3, 23, 27 | 170: 5, 6;156: 10, 13, 20, 21.2, 21.4, 24, 28 | 170: 5;156: 4, 6, 7, 8, 9, 13, 14, 17, 18, 19, 21.1, 21.2, 21.4, 21.5, 23, 24, 28 | 170: 3, 5;156: 2, 7, 9, 10, 21.1 | 170: прямые маркеры не найдены;"Тематическая навигация. Конкретные выводы — в обзоре источников и пояснениях; наличие маркера не доказывает коллизию, отсутствие не доказывает ее отсутствие."
156.txt;171.txt;ACT. 003;156: 1, 4, 7, 8, 9, 10, 13, 14, 16, 17, 18, 19, 20, 21, 21.1, 21.2, 21.3, 23, 27 | 171: 2, 8, 9, 12, 14;156: 10, 13, 20, 21.2, 21.4, 24, 28 | 171: 6;156: 4, 6, 7, 8, 9, 13, 14, 17, 18, 19, 21.1, 21.2, 21.4, 21.5, 23, 24, 28 | 171: 2, 3, 4, 6, 7, 8, 9, 11, 12, 13, 14;156: 2, 7, 9, 10, 21.1 | 171: 5, 8, 10;"Тематическая навигация. Конкретные выводы — в обзоре источников и пояснениях; наличие маркера не доказывает коллизию, отсутствие не доказывает ее отсутствие."
156.txt;172.txt;"ACT. 006; ACT. 007; ACT. 009";156: 1, 4, 7, 8, 9, 10, 13, 14, 16, 17, 18, 19, 20, 21, 21.1, 21.2, 21.3, 23, 27 | 172: 1, 2, 3, 4, 5, 6, 7;156: 10, 13, 20, 21.2, 21.4, 24, 28 | 172: 7, 8;156: 4, 6, 7, 8, 9, 13, 14, 17, 18, 19, 21.1, 21.2, 21.4, 21.5, 23, 24, 28 | 172: 4, 5, 6;156: 2, 7, 9, 10, 21.1 | 172: 1, 8;"Тематическая навигация. Конкретные выводы — в обзоре источников и пояснениях; наличие маркера не доказывает коллизию, отсутствие не доказывает ее отсутствие."
156.txt;173.txt;ACT. 003;156: 1, 4, 7, 8, 9, 10, 13, 14, 16, 17, 18, 19, 20, 21, 21.1, 21.2, 21.3, 23, 27 | 173: 1, 4, 6, 9, 11, 12;156: 10, 13, 20, 21.2, 21.4, 24, 28 | 173: 1, 9, 11;156: 4, 6, 7, 8, 9, 13, 14, 17, 18, 19, 21.1, 21.2, 21.4, 21.5, 23, 24, 28 | 173: 1, 2, 3, 4, 5.1, 6, 7, 7.1, 8, 9, 10, 11, 12, 13;156: 2, 7, 9, 10, 21.1 | 173: 4, 6;"Тематическая навигация. Конкретные выводы — в обзоре источников и пояснениях; наличие маркера не доказывает коллизию, отсутствие не доказывает ее отсутствие."
156.txt;174.txt;"ACT. 003; ACT. 006; ACT. 007";156: 1, 4, 7, 8, 9, 10, 13, 14, 16, 17, 18, 19, 20, 21, 21.1, 21.2, 21.3, 23, 27 | 174: 1, 2, 3, 5, 7, 8, 9, 9.2, 9.3, 15, 19, 20, 35;156: 10, 13, 20, 21.2, 21.4, 24, 28 | 174: 4, 5, 8, 9, 19, 23, 28, 31, 34, 36, 37, 38, 40;156: 4, 6, 7, 8, 9, 13, 14, 17, 18, 19, 21.1, 21.2, 21.4, 21.5, 23, 24, 28 | 174: 1, 3, 4, 5, 8, 9.2, 19, 26, 28, 30, 35, 36, 37, 38, 39, 40;156: 2, 7, 9, 10, 21.1 | 174: 2, 3, 7, 8, 9, 19;"Тематическая навигация. Конкретные выводы — в обзоре источников и пояснениях; наличие маркера не доказывает коллизию, отсутствие не доказывает ее отсутствие."
157.txt;158.txt;"ACT. 003; ACT. 006; ACT. 009";157: 1, 3, 6, 7, 8, 11, 12, 13 | 158: 1, 2, 5, 7, 9, 10, 11, 12, 13, 19, 19.1, 20, 20.1, 21, 21.1;157: 10, 15 | 158: 3, 5, 10, 18, 23, 26, 27;157: 1, 4, 5, 6, 7, 7.1, 8, 10, 12, 14, 15 | 158: 2, 4, 7, 10, 12, 14, 15, 21, 25, 27;157: 1, 3, 4 | 158: 3, 23, 27;"Тематическая навигация. Конкретные выводы — в обзоре источников и пояснениях; наличие маркера не доказывает коллизию, отсутствие не доказывает ее отсутствие."
157.txt;159.txt;"ACT. 003; ACT. 009";157: 1, 3, 6, 7, 8, 11, 12, 13 | 159: 1, 3, 4, 5, 8, 9, 11, 12, 13, 14, 15, 17, 18, 19, 20, 21, 22, 23, 24, 25, 26, 27, 28, 29, 30, 31, 32, 33, 34, 35, 36, 37;157: 10, 15 | 159: 5, 8, 14, 28, 30, 33;157: 1, 4, 5, 6, 7, 7.1, 8, 10, 12, 14, 15 | 159: 3, 5, 6, 7, 8, 9, 11, 12, 13, 14, 15, 16, 17, 20, 21, 22, 23, 25, 26, 27, 28, 29, 30, 31, 32, 33, 34, 35, 36, 37;157: 1, 3, 4 | 159: 5, 6, 8, 9, 23, 29, 31, 35, 36;"Тематическая навигация. Конкретные выводы — в обзоре источников и пояснениях; наличие маркера не доказывает коллизию, отсутствие не доказывает ее отсутствие."
157.txt;160.txt;ACT. 001 — общие правила соотношения актов;157: 1, 3, 6, 7, 8, 11, 12, 13 | 160: 25, 26;157: 10, 15 | 160: 29, 30, 31, 32;157: 1, 4, 5, 6, 7, 7.1, 8, 10, 12, 14, 15 | 160: 7, 9, 16, 18, 19;157: 1, 3, 4 | 160: прямые маркеры не найдены;"Тематическая навигация. Конкретные выводы — в обзоре источников и пояснениях; наличие маркера не доказывает коллизию, отсутствие не доказывает ее отсутствие."
157.txt;161.txt;ACT. 006;157: 1, 3, 6, 7, 8, 11, 12, 13 | 161: 7, 13, 21, 29, 29.1, 37, 38, 40;157: 10, 15 | 161: 23, 41;157: 1, 4, 5, 6, 7, 7.1, 8, 10, 12, 14, 15 | 161: 10, 11, 13, 15, 16, 16.1, 16.2, 18, 18.1, 21, 24, 25, 28, 32.1, 33.1, 35, 37, 42;157: 1, 3, 4 | 161: 1, 3, 37;"Тематическая навигация. Конкретные выводы — в обзоре источников и пояснениях; наличие маркера не доказывает коллизию, отсутствие не доказывает ее отсутствие."
157.txt;162.txt;ACT. 009;157: 1, 3, 6, 7, 8, 11, 12, 13 | 162: 4, 7;157: 10, 15 | 162: 3, 4, 9;157: 1, 4, 5, 6, 7, 7.1, 8, 10, 12, 14, 15 | 162: 1, 3, 6, 7;157: 1, 3, 4 | 162: 4, 5, 6, 9;"Тематическая навигация. Конкретные выводы — в обзоре источников и пояснениях; наличие маркера не доказывает коллизию, отсутствие не доказывает ее отсутствие."
157.txt;163.txt;ACT. 009;157: 1, 3, 6, 7, 8, 11, 12, 13 | 163: Главы I–III;157: 10, 15 | 163: Главы I–III;157: 1, 4, 5, 6, 7, 7.1, 8, 10, 12, 14, 15 | 163: Главы I–III;157: 1, 3, 4 | 163: Главы I–III;"Тематическая навигация. Конкретные выводы — в обзоре источников и пояснениях; наличие маркера не доказывает коллизию, отсутствие не доказывает ее отсутствие."
157.txt;164.txt;ACT. 003;157: 1, 3, 6, 7, 8, 11, 12, 13 | 164: прямые маркеры не найдены;157: 10, 15 | 164: прямые маркеры не найдены;157: 1, 4, 5, 6, 7, 7.1, 8, 10, 12, 14, 15 | 164: 1, 4;157: 1, 3, 4 | 164: прямые маркеры не найдены;"Тематическая навигация. Конкретные выводы — в обзоре источников и пояснениях; наличие маркера не доказывает коллизию, отсутствие не доказывает ее отсутствие."
157.txt;165.txt;ACT. 009;157: 1, 3, 6, 7, 8, 11, 12, 13 | 165: 12, 14, 21, 22, 23, 24, 26, 27;157: 10, 15 | 165: 22, 27;157: 1, 4, 5, 6, 7, 7.1, 8, 10, 12, 14, 15 | 165: 2.1, 5, 6, 9, 10, 22, 24, 26, 28, 31, 33;157: 1, 3, 4 | 165: 4, 8, 11, 14, 21, 22, 24, 25, 26, 30;"Тематическая навигация. Конкретные выводы — в обзоре источников и пояснениях; наличие маркера не доказывает коллизию, отсутствие не доказывает ее отсутствие."
157.txt;166.txt;ACT. 003;157: 1, 3, 6, 7, 8, 11, 12, 13 | 166: 12, 13, 14, 25, 27, 28;157: 10, 15 | 166: 3, 9, 11, 11.1, 17, 27, 28;157: 1, 4, 5, 6, 7, 7.1, 8, 10, 12, 14, 15 | 166: 9, 10, 19, 22;157: 1, 3, 4 | 166: 2, 10, 19;"Тематическая навигация. Конкретные выводы — в обзоре источников и пояснениях; наличие маркера не доказывает коллизию, отсутствие не доказывает ее отсутствие."
157.txt;167.txt;"ACT. 003; ACT. 006; ACT. 009";157: 1, 3, 6, 7, 8, 11, 12, 13 | 167: 4, 5, 10, 11, 13;157: 10, 15 | 167: 2, 16;157: 1, 4, 5, 6, 7, 7.1, 8, 10, 12, 14, 15 | 167: 8, 12;157: 1, 3, 4 | 167: 1, 7;"Тематическая навигация. Конкретные выводы — в обзоре источников и пояснениях; наличие маркера не доказывает коллизию, отсутствие не доказывает ее отсутствие."
157.txt;168.txt;"ACT. 003; ACT. 006";157: 1, 3, 6, 7, 8, 11, 12, 13 | 168: 1, 4, 6, 7, 10, 11, 14;157: 10, 15 | 168: 2, 5, 7, 9, 14, 15;157: 1, 4, 5, 6, 7, 7.1, 8, 10, 12, 14, 15 | 168: 5, 6, 7, 8, 10, 11, 11.1, 12;157: 1, 3, 4 | 168: 3, 4, 8, 11, 14;"Тематическая навигация. Конкретные выводы — в обзоре источников и пояснениях; наличие маркера не доказывает коллизию, отсутствие не доказывает ее отсутствие."
157.txt;169.txt;ACT. 009;157: 1, 3, 6, 7, 8, 11, 12, 13 | 169: 5, 6, 7, 10, 11;157: 10, 15 | 169: 5, 8;157: 1, 4, 5, 6, 7, 7.1, 8, 10, 12, 14, 15 | 169: 5, 6, 7, 8, 11;157: 1, 3, 4 | 169: 1, 3, 4, 5;"Тематическая навигация. Конкретные выводы — в обзоре источников и пояснениях; наличие маркера не доказывает коллизию, отсутствие не доказывает ее отсутствие."
157.txt;170.txt;ACT. 001 — общие правила соотношения актов;157: 1, 3, 6, 7, 8, 11, 12, 13 | 170: 5, 6;157: 10, 15 | 170: 5;157: 1, 4, 5, 6, 7, 7.1, 8, 10, 12, 14, 15 | 170: 3, 5;157: 1, 3, 4 | 170: прямые маркеры не найдены;"Тематическая навигация. Конкретные выводы — в обзоре источников и пояснениях; наличие маркера не доказывает коллизию, отсутствие не доказывает ее отсутствие."
157.txt;171.txt;ACT. 003;157: 1, 3, 6, 7, 8, 11, 12, 13 | 171: 2, 8, 9, 12, 14;157: 10, 15 | 171: 6;157: 1, 4, 5, 6, 7, 7.1, 8, 10, 12, 14, 15 | 171: 2, 3, 4, 6, 7, 8, 9, 11, 12, 13, 14;157: 1, 3, 4 | 171: 5, 8, 10;"Тематическая навигация. Конкретные выводы — в обзоре источников и пояснениях; наличие маркера не доказывает коллизию, отсутствие не доказывает ее отсутствие."
157.txt;172.txt;"ACT. 006; ACT. 009";157: 1, 3, 6, 7, 8, 11, 12, 13 | 172: 1, 2, 3, 4, 5, 6, 7;157: 10, 15 | 172: 7, 8;157: 1, 4, 5, 6, 7, 7.1, 8, 10, 12, 14, 15 | 172: 4, 5, 6;157: 1, 3, 4 | 172: 1, 8;"Тематическая навигация. Конкретные выводы — в обзоре источников и пояснениях; наличие маркера не доказывает коллизию, отсутствие не доказывает ее отсутствие."
157.txt;173.txt;ACT. 003;157: 1, 3, 6, 7, 8, 11, 12, 13 | 173: 1, 4, 6, 9, 11, 12;157: 10, 15 | 173: 1, 9, 11;157: 1, 4, 5, 6, 7, 7.1, 8, 10, 12, 14, 15 | 173: 1, 2, 3, 4, 5.1, 6, 7, 7.1, 8, 9, 10, 11, 12, 13;157: 1, 3, 4 | 173: 4, 6;"Тематическая навигация. Конкретные выводы — в обзоре источников и пояснениях; наличие маркера не доказывает коллизию, отсутствие не доказывает ее отсутствие."
157.txt;174.txt;"ACT. 003; ACT. 006";157: 1, 3, 6, 7, 8, 11, 12, 13 | 174: 1, 2, 3, 5, 7, 8, 9, 9.2, 9.3, 15, 19, 20, 35;157: 10, 15 | 174: 4, 5, 8, 9, 19, 23, 28, 31, 34, 36, 37, 38, 40;157: 1, 4, 5, 6, 7, 7.1, 8, 10, 12, 14, 15 | 174: 1, 3, 4, 5, 8, 9.2, 19, 26, 28, 30, 35, 36, 37, 38, 39, 40;157: 1, 3, 4 | 174: 2, 3, 7, 8, 9, 19;"Тематическая навигация. Конкретные выводы — в обзоре источников и пояснениях; наличие маркера не доказывает коллизию, отсутствие не доказывает ее отсутствие."
158.txt;159.txt;"ACT. 003; ACT. 004; ACT. 009";158: 1, 2, 5, 7, 9, 10, 11, 12, 13, 19, 19.1, 20, 20.1, 21, 21.1 | 159: 1, 3, 4, 5, 8, 9, 11, 12, 13, 14, 15, 17, 18, 19, 20, 21, 22, 23, 24, 25, 26, 27, 28, 29, 30, 31, 32, 33, 34, 35, 36, 37;158: 3, 5, 10, 18, 23, 26, 27 | 159: 5, 8, 14, 28, 30, 33;158: 2, 4, 7, 10, 12, 14, 15, 21, 25, 27 | 159: 3, 5, 6, 7, 8, 9, 11, 12, 13, 14, 15, 16, 17, 20, 21, 22, 23, 25, 26, 27, 28, 29, 30, 31, 32, 33, 34, 35, 36, 37;158: 3, 23, 27 | 159: 5, 6, 8, 9, 23, 29, 31, 35, 36;"Тематическая навигация. Конкретные выводы — в обзоре источников и пояснениях; наличие маркера не доказывает коллизию, отсутствие не доказывает ее отсутствие."
158.txt;160.txt;ACT. 001 — общие правила соотношения актов;158: 1, 2, 5, 7, 9, 10, 11, 12, 13, 19, 19.1, 20, 20.1, 21, 21.1 | 160: 25, 26;158: 3, 5, 10, 18, 23, 26, 27 | 160: 29, 30, 31, 32;158: 2, 4, 7, 10, 12, 14, 15, 21, 25, 27 | 160: 7, 9, 16, 18, 19;158: 3, 23, 27 | 160: прямые маркеры не найдены;"Тематическая навигация. Конкретные выводы — в обзоре источников и пояснениях; наличие маркера не доказывает коллизию, отсутствие не доказывает ее отсутствие."
158.txt;161.txt;ACT. 006;158: 1, 2, 5, 7, 9, 10, 11, 12, 13, 19, 19.1, 20, 20.1, 21, 21.1 | 161: 7, 13, 21, 29, 29.1, 37, 38, 40;158: 3, 5, 10, 18, 23, 26, 27 | 161: 23, 41;158: 2, 4, 7, 10, 12, 14, 15, 21, 25, 27 | 161: 10, 11, 13, 15, 16, 16.1, 16.2, 18, 18.1, 21, 24, 25, 28, 32.1, 33.1, 35, 37, 42;158: 3, 23, 27 | 161: 1, 3, 37;"Тематическая навигация. Конкретные выводы — в обзоре источников и пояснениях; наличие маркера не доказывает коллизию, отсутствие не доказывает ее отсутствие."
158.txt;162.txt;ACT. 009;158: 1, 2, 5, 7, 9, 10, 11, 12, 13, 19, 19.1, 20, 20.1, 21, 21.1 | 162: 4, 7;158: 3, 5, 10, 18, 23, 26, 27 | 162: 3, 4, 9;158: 2, 4, 7, 10, 12, 14, 15, 21, 25, 27 | 162: 1, 3, 6, 7;158: 3, 23, 27 | 162: 4, 5, 6, 9;"Тематическая навигация. Конкретные выводы — в обзоре источников и пояснениях; наличие маркера не доказывает коллизию, отсутствие не доказывает ее отсутствие."
158.txt;163.txt;ACT. 009;158: 1, 2, 5, 7, 9, 10, 11, 12, 13, 19, 19.1, 20, 20.1, 21, 21.1 | 163: Главы I–III;158: 3, 5, 10, 18, 23, 26, 27 | 163: Главы I–III;158: 2, 4, 7, 10, 12, 14, 15, 21, 25, 27 | 163: Главы I–III;158: 3, 23, 27 | 163: Главы I–III;"Тематическая навигация. Конкретные выводы — в обзоре источников и пояснениях; наличие маркера не доказывает коллизию, отсутствие не доказывает ее отсутствие."
158.txt;164.txt;"ACT. 003; ACT. 004; ACT. 010";158: 1, 2, 5, 7, 9, 10, 11, 12, 13, 19, 19.1, 20, 20.1, 21, 21.1 | 164: прямые маркеры не найдены;158: 3, 5, 10, 18, 23, 26, 27 | 164: прямые маркеры не найдены;158: 2, 4, 7, 10, 12, 14, 15, 21, 25, 27 | 164: 1, 4;158: 3, 23, 27 | 164: прямые маркеры не найдены;"Тематическая навигация. Конкретные выводы — в обзоре источников и пояснениях; наличие маркера не доказывает коллизию, отсутствие не доказывает ее отсутствие."
158.txt;165.txt;ACT. 009;158: 1, 2, 5, 7, 9, 10, 11, 12, 13, 19, 19.1, 20, 20.1, 21, 21.1 | 165: 12, 14, 21, 22, 23, 24, 26, 27;158: 3, 5, 10, 18, 23, 26, 27 | 165: 22, 27;158: 2, 4, 7, 10, 12, 14, 15, 21, 25, 27 | 165: 2.1, 5, 6, 9, 10, 22, 24, 26, 28, 31, 33;158: 3, 23, 27 | 165: 4, 8, 11, 14, 21, 22, 24, 25, 26, 30;"Тематическая навигация. Конкретные выводы — в обзоре источников и пояснениях; наличие маркера не доказывает коллизию, отсутствие не доказывает ее отсутствие."
158.txt;166.txt;"ACT. 003; ACT. 004; ACT. 008";158: 1, 2, 5, 7, 9, 10, 11, 12, 13, 19, 19.1, 20, 20.1, 21, 21.1 | 166: 12, 13, 14, 25, 27, 28;158: 3, 5, 10, 18, 23, 26, 27 | 166: 3, 9, 11, 11.1, 17, 27, 28;158: 2, 4, 7, 10, 12, 14, 15, 21, 25, 27 | 166: 9, 10, 19, 22;158: 3, 23, 27 | 166: 2, 10, 19;"Тематическая навигация. Конкретные выводы — в обзоре источников и пояснениях; наличие маркера не доказывает коллизию, отсутствие не доказывает ее отсутствие."
158.txt;167.txt;"ACT. 003; ACT. 006; ACT. 009";158: 1, 2, 5, 7, 9, 10, 11, 12, 13, 19, 19.1, 20, 20.1, 21, 21.1 | 167: 4, 5, 10, 11, 13;158: 3, 5, 10, 18, 23, 26, 27 | 167: 2, 16;158: 2, 4, 7, 10, 12, 14, 15, 21, 25, 27 | 167: 8, 12;158: 3, 23, 27 | 167: 1, 7;"Тематическая навигация. Конкретные выводы — в обзоре источников и пояснениях; наличие маркера не доказывает коллизию, отсутствие не доказывает ее отсутствие."
158.txt;168.txt;"ACT. 003; ACT. 004; ACT. 006";158: 1, 2, 5, 7, 9, 10, 11, 12, 13, 19, 19.1, 20, 20.1, 21, 21.1 | 168: 1, 4, 6, 7, 10, 11, 14;158: 3, 5, 10, 18, 23, 26, 27 | 168: 2, 5, 7, 9, 14, 15;158: 2, 4, 7, 10, 12, 14, 15, 21, 25, 27 | 168: 5, 6, 7, 8, 10, 11, 11.1, 12;158: 3, 23, 27 | 168: 3, 4, 8, 11, 14;"Тематическая навигация. Конкретные выводы — в обзоре источников и пояснениях; наличие маркера не доказывает коллизию, отсутствие не доказывает ее отсутствие."
158.txt;169.txt;ACT. 009;158: 1, 2, 5, 7, 9, 10, 11, 12, 13, 19, 19.1, 20, 20.1, 21, 21.1 | 169: 5, 6, 7, 10, 11;158: 3, 5, 10, 18, 23, 26, 27 | 169: 5, 8;158: 2, 4, 7, 10, 12, 14, 15, 21, 25, 27 | 169: 5, 6, 7, 8, 11;158: 3, 23, 27 | 169: 1, 3, 4, 5;"Тематическая навигация. Конкретные выводы — в обзоре источников и пояснениях; наличие маркера не доказывает коллизию, отсутствие не доказывает ее отсутствие."
158.txt;170.txt;ACT. 008;158: 1, 2, 5, 7, 9, 10, 11, 12, 13, 19, 19.1, 20, 20.1, 21, 21.1 | 170: 5, 6;158: 3, 5, 10, 18, 23, 26, 27 | 170: 5;158: 2, 4, 7, 10, 12, 14, 15, 21, 25, 27 | 170: 3, 5;158: 3, 23, 27 | 170: прямые маркеры не найдены;"Тематическая навигация. Конкретные выводы — в обзоре источников и пояснениях; наличие маркера не доказывает коллизию, отсутствие не доказывает ее отсутствие."
158.txt;171.txt;"ACT. 003; ACT. 004; ACT. 010";158: 1, 2, 5, 7, 9, 10, 11, 12, 13, 19, 19.1, 20, 20.1, 21, 21.1 | 171: 2, 8, 9, 12, 14;158: 3, 5, 10, 18, 23, 26, 27 | 171: 6;158: 2, 4, 7, 10, 12, 14, 15, 21, 25, 27 | 171: 2, 3, 4, 6, 7, 8, 9, 11, 12, 13, 14;158: 3, 23, 27 | 171: 5, 8, 10;"Тематическая навигация. Конкретные выводы — в обзоре источников и пояснениях; наличие маркера не доказывает коллизию, отсутствие не доказывает ее отсутствие."
158.txt;172.txt;"ACT. 006; ACT. 009";158: 1, 2, 5, 7, 9, 10, 11, 12, 13, 19, 19.1, 20, 20.1, 21, 21.1 | 172: 1, 2, 3, 4, 5, 6, 7;158: 3, 5, 10, 18, 23, 26, 27 | 172: 7, 8;158: 2, 4, 7, 10, 12, 14, 15, 21, 25, 27 | 172: 4, 5, 6;158: 3, 23, 27 | 172: 1, 8;"Тематическая навигация. Конкретные выводы — в обзоре источников и пояснениях; наличие маркера не доказывает коллизию, отсутствие не доказывает ее отсутствие."
158.txt;173.txt;"ACT. 003; ACT. 004; ACT. 010";158: 1, 2, 5, 7, 9, 10, 11, 12, 13, 19, 19.1, 20, 20.1, 21, 21.1 | 173: 1, 4, 6, 9, 11, 12;158: 3, 5, 10, 18, 23, 26, 27 | 173: 1, 9, 11;158: 2, 4, 7, 10, 12, 14, 15, 21, 25, 27 | 173: 1, 2, 3, 4, 5.1, 6, 7, 7.1, 8, 9, 10, 11, 12, 13;158: 3, 23, 27 | 173: 4, 6;"Тематическая навигация. Конкретные выводы — в обзоре источников и пояснениях; наличие маркера не доказывает коллизию, отсутствие не доказывает ее отсутствие."
158.txt;174.txt;"ACT. 003; ACT. 004; ACT. 006; ACT. 010";158: 1, 2, 5, 7, 9, 10, 11, 12, 13, 19, 19.1, 20, 20.1, 21, 21.1 | 174: 1, 2, 3, 5, 7, 8, 9, 9.2, 9.3, 15, 19, 20, 35;158: 3, 5, 10, 18, 23, 26, 27 | 174: 4, 5, 8, 9, 19, 23, 28, 31, 34, 36, 37, 38, 40;158: 2, 4, 7, 10, 12, 14, 15, 21, 25, 27 | 174: 1, 3, 4, 5, 8, 9.2, 19, 26, 28, 30, 35, 36, 37, 38, 39, 40;158: 3, 23, 27 | 174: 2, 3, 7, 8, 9, 19;"Тематическая навигация. Конкретные выводы — в обзоре источников и пояснениях; наличие маркера не доказывает коллизию, отсутствие не доказывает ее отсутствие."
159.txt;160.txt;ACT. 001 — общие правила соотношения актов;159: 1, 3, 4, 5, 8, 9, 11, 12, 13, 14, 15, 17, 18, 19, 20, 21, 22, 23, 24, 25, 26, 27, 28, 29, 30, 31, 32, 33, 34, 35, 36, 37 | 160: 25, 26;159: 5, 8, 14, 28, 30, 33 | 160: 29, 30, 31, 32;159: 3, 5, 6, 7, 8, 9, 11, 12, 13, 14, 15, 16, 17, 20, 21, 22, 23, 25, 26, 27, 28, 29, 30, 31, 32, 33, 34, 35, 36, 37 | 160: 7, 9, 16, 18, 19;159: 5, 6, 8, 9, 23, 29, 31, 35, 36 | 160: прямые маркеры не найдены;"Тематическая навигация. Конкретные выводы — в обзоре источников и пояснениях; наличие маркера не доказывает коллизию, отсутствие не доказывает ее отсутствие."
159.txt;161.txt;ACT. 001 — общие правила соотношения актов;159: 1, 3, 4, 5, 8, 9, 11, 12, 13, 14, 15, 17, 18, 19, 20, 21, 22, 23, 24, 25, 26, 27, 28, 29, 30, 31, 32, 33, 34, 35, 36, 37 | 161: 7, 13, 21, 29, 29.1, 37, 38, 40;159: 5, 8, 14, 28, 30, 33 | 161: 23, 41;159: 3, 5, 6, 7, 8, 9, 11, 12, 13, 14, 15, 16, 17, 20, 21, 22, 23, 25, 26, 27, 28, 29, 30, 31, 32, 33, 34, 35, 36, 37 | 161: 10, 11, 13, 15, 16, 16.1, 16.2, 18, 18.1, 21, 24, 25, 28, 32.1, 33.1, 35, 37, 42;159: 5, 6, 8, 9, 23, 29, 31, 35, 36 | 161: 1, 3, 37;"Тематическая навигация. Конкретные выводы — в обзоре источников и пояснениях; наличие маркера не доказывает коллизию, отсутствие не доказывает ее отсутствие."
159.txt;162.txt;ACT. 009;159: 1, 3, 4, 5, 8, 9, 11, 12, 13, 14, 15, 17, 18, 19, 20, 21, 22, 23, 24, 25, 26, 27, 28, 29, 30, 31, 32, 33, 34, 35, 36, 37 | 162: 4, 7;159: 5, 8, 14, 28, 30, 33 | 162: 3, 4, 9;159: 3, 5, 6, 7, 8, 9, 11, 12, 13, 14, 15, 16, 17, 20, 21, 22, 23, 25, 26, 27, 28, 29, 30, 31, 32, 33, 34, 35, 36, 37 | 162: 1, 3, 6, 7;159: 5, 6, 8, 9, 23, 29, 31, 35, 36 | 162: 4, 5, 6, 9;"Тематическая навигация. Конкретные выводы — в обзоре источников и пояснениях; наличие маркера не доказывает коллизию, отсутствие не доказывает ее отсутствие."
159.txt;163.txt;ACT. 009;159: 1, 3, 4, 5, 8, 9, 11, 12, 13, 14, 15, 17, 18, 19, 20, 21, 22, 23, 24, 25, 26, 27, 28, 29, 30, 31, 32, 33, 34, 35, 36, 37 | 163: Главы I–III;159: 5, 8, 14, 28, 30, 33 | 163: Главы I–III;159: 3, 5, 6, 7, 8, 9, 11, 12, 13, 14, 15, 16, 17, 20, 21, 22, 23, 25, 26, 27, 28, 29, 30, 31, 32, 33, 34, 35, 36, 37 | 163: Главы I–III;159: 5, 6, 8, 9, 23, 29, 31, 35, 36 | 163: Главы I–III;"Тематическая навигация. Конкретные выводы — в обзоре источников и пояснениях; наличие маркера не доказывает коллизию, отсутствие не доказывает ее отсутствие."
159.txt;164.txt;"ACT. 003; ACT. 004";159: 1, 3, 4, 5, 8, 9, 11, 12, 13, 14, 15, 17, 18, 19, 20, 21, 22, 23, 24, 25, 26, 27, 28, 29, 30, 31, 32, 33, 34, 35, 36, 37 | 164: прямые маркеры не найдены;159: 5, 8, 14, 28, 30, 33 | 164: прямые маркеры не найдены;159: 3, 5, 6, 7, 8, 9, 11, 12, 13, 14, 15, 16, 17, 20, 21, 22, 23, 25, 26, 27, 28, 29, 30, 31, 32, 33, 34, 35, 36, 37 | 164: 1, 4;159: 5, 6, 8, 9, 23, 29, 31, 35, 36 | 164: прямые маркеры не найдены;"Тематическая навигация. Конкретные выводы — в обзоре источников и пояснениях; наличие маркера не доказывает коллизию, отсутствие не доказывает ее отсутствие."
159.txt;165.txt;ACT. 009;159: 1, 3, 4, 5, 8, 9, 11, 12, 13, 14, 15, 17, 18, 19, 20, 21, 22, 23, 24, 25, 26, 27, 28, 29, 30, 31, 32, 33, 34, 35, 36, 37 | 165: 12, 14, 21, 22, 23, 24, 26, 27;159: 5, 8, 14, 28, 30, 33 | 165: 22, 27;159: 3, 5, 6, 7, 8, 9, 11, 12, 13, 14, 15, 16, 17, 20, 21, 22, 23, 25, 26, 27, 28, 29, 30, 31, 32, 33, 34, 35, 36, 37 | 165: 2.1, 5, 6, 9, 10, 22, 24, 26, 28, 31, 33;159: 5, 6, 8, 9, 23, 29, 31, 35, 36 | 165: 4, 8, 11, 14, 21, 22, 24, 25, 26, 30;"Тематическая навигация. Конкретные выводы — в обзоре источников и пояснениях; наличие маркера не доказывает коллизию, отсутствие не доказывает ее отсутствие."
159.txt;166.txt;"ACT. 003; ACT. 004";159: 1, 3, 4, 5, 8, 9, 11, 12, 13, 14, 15, 17, 18, 19, 20, 21, 22, 23, 24, 25, 26, 27, 28, 29, 30, 31, 32, 33, 34, 35, 36, 37 | 166: 12, 13, 14, 25, 27, 28;159: 5, 8, 14, 28, 30, 33 | 166: 3, 9, 11, 11.1, 17, 27, 28;159: 3, 5, 6, 7, 8, 9, 11, 12, 13, 14, 15, 16, 17, 20, 21, 22, 23, 25, 26, 27, 28, 29, 30, 31, 32, 33, 34, 35, 36, 37 | 166: 9, 10, 19, 22;159: 5, 6, 8, 9, 23, 29, 31, 35, 36 | 166: 2, 10, 19;"Тематическая навигация. Конкретные выводы — в обзоре источников и пояснениях; наличие маркера не доказывает коллизию, отсутствие не доказывает ее отсутствие."
159.txt;167.txt;"ACT. 003; ACT. 009";159: 1, 3, 4, 5, 8, 9, 11, 12, 13, 14, 15, 17, 18, 19, 20, 21, 22, 23, 24, 25, 26, 27, 28, 29, 30, 31, 32, 33, 34, 35, 36, 37 | 167: 4, 5, 10, 11, 13;159: 5, 8, 14, 28, 30, 33 | 167: 2, 16;159: 3, 5, 6, 7, 8, 9, 11, 12, 13, 14, 15, 16, 17, 20, 21, 22, 23, 25, 26, 27, 28, 29, 30, 31, 32, 33, 34, 35, 36, 37 | 167: 8, 12;159: 5, 6, 8, 9, 23, 29, 31, 35, 36 | 167: 1, 7;"Тематическая навигация. Конкретные выводы — в обзоре источников и пояснениях; наличие маркера не доказывает коллизию, отсутствие не доказывает ее отсутствие."
159.txt;168.txt;"ACT. 003; ACT. 004";159: 1, 3, 4, 5, 8, 9, 11, 12, 13, 14, 15, 17, 18, 19, 20, 21, 22, 23, 24, 25, 26, 27, 28, 29, 30, 31, 32, 33, 34, 35, 36, 37 | 168: 1, 4, 6, 7, 10, 11, 14;159: 5, 8, 14, 28, 30, 33 | 168: 2, 5, 7, 9, 14, 15;159: 3, 5, 6, 7, 8, 9, 11, 12, 13, 14, 15, 16, 17, 20, 21, 22, 23, 25, 26, 27, 28, 29, 30, 31, 32, 33, 34, 35, 36, 37 | 168: 5, 6, 7, 8, 10, 11, 11.1, 12;159: 5, 6, 8, 9, 23, 29, 31, 35, 36 | 168: 3, 4, 8, 11, 14;"Тематическая навигация. Конкретные выводы — в обзоре источников и пояснениях; наличие маркера не доказывает коллизию, отсутствие не доказывает ее отсутствие."
159.txt;169.txt;ACT. 009;159: 1, 3, 4, 5, 8, 9, 11, 12, 13, 14, 15, 17, 18, 19, 20, 21, 22, 23, 24, 25, 26, 27, 28, 29, 30, 31, 32, 33, 34, 35, 36, 37 | 169: 5, 6, 7, 10, 11;159: 5, 8, 14, 28, 30, 33 | 169: 5, 8;159: 3, 5, 6, 7, 8, 9, 11, 12, 13, 14, 15, 16, 17, 20, 21, 22, 23, 25, 26, 27, 28, 29, 30, 31, 32, 33, 34, 35, 36, 37 | 169: 5, 6, 7, 8, 11;159: 5, 6, 8, 9, 23, 29, 31, 35, 36 | 169: 1, 3, 4, 5;"Тематическая навигация. Конкретные выводы — в обзоре источников и пояснениях; наличие маркера не доказывает коллизию, отсутствие не доказывает ее отсутствие."
159.txt;170.txt;ACT. 001 — общие правила соотношения актов;159: 1, 3, 4, 5, 8, 9, 11, 12, 13, 14, 15, 17, 18, 19, 20, 21, 22, 23, 24, 25, 26, 27, 28, 29, 30, 31, 32, 33, 34, 35, 36, 37 | 170: 5, 6;159: 5, 8, 14, 28, 30, 33 | 170: 5;159: 3, 5, 6, 7, 8, 9, 11, 12, 13, 14, 15, 16, 17, 20, 21, 22, 23, 25, 26, 27, 28, 29, 30, 31, 32, 33, 34, 35, 36, 37 | 170: 3, 5;159: 5, 6, 8, 9, 23, 29, 31, 35, 36 | 170: прямые маркеры не найдены;"Тематическая навигация. Конкретные выводы — в обзоре источников и пояснениях; наличие маркера не доказывает коллизию, отсутствие не доказывает ее отсутствие."
159.txt;171.txt;"ACT. 003; ACT. 004";159: 1, 3, 4, 5, 8, 9, 11, 12, 13, 14, 15, 17, 18, 19, 20, 21, 22, 23, 24, 25, 26, 27, 28, 29, 30, 31, 32, 33, 34, 35, 36, 37 | 171: 2, 8, 9, 12, 14;159: 5, 8, 14, 28, 30, 33 | 171: 6;159: 3, 5, 6, 7, 8, 9, 11, 12, 13, 14, 15, 16, 17, 20, 21, 22, 23, 25, 26, 27, 28, 29, 30, 31, 32, 33, 34, 35, 36, 37 | 171: 2, 3, 4, 6, 7, 8, 9, 11, 12, 13, 14;159: 5, 6, 8, 9, 23, 29, 31, 35, 36 | 171: 5, 8, 10;"Тематическая навигация. Конкретные выводы — в обзоре источников и пояснениях; наличие маркера не доказывает коллизию, отсутствие не доказывает ее отсутствие."
159.txt;172.txt;ACT. 009;159: 1, 3, 4, 5, 8, 9, 11, 12, 13, 14, 15, 17, 18, 19, 20, 21, 22, 23, 24, 25, 26, 27, 28, 29, 30, 31, 32, 33, 34, 35, 36, 37 | 172: 1, 2, 3, 4, 5, 6, 7;159: 5, 8, 14, 28, 30, 33 | 172: 7, 8;159: 3, 5, 6, 7, 8, 9, 11, 12, 13, 14, 15, 16, 17, 20, 21, 22, 23, 25, 26, 27, 28, 29, 30, 31, 32, 33, 34, 35, 36, 37 | 172: 4, 5, 6;159: 5, 6, 8, 9, 23, 29, 31, 35, 36 | 172: 1, 8;"Тематическая навигация. Конкретные выводы — в обзоре источников и пояснениях; наличие маркера не доказывает коллизию, отсутствие не доказывает ее отсутствие."
159.txt;173.txt;"ACT. 003; ACT. 004";159: 1, 3, 4, 5, 8, 9, 11, 12, 13, 14, 15, 17, 18, 19, 20, 21, 22, 23, 24, 25, 26, 27, 28, 29, 30, 31, 32, 33, 34, 35, 36, 37 | 173: 1, 4, 6, 9, 11, 12;159: 5, 8, 14, 28, 30, 33 | 173: 1, 9, 11;159: 3, 5, 6, 7, 8, 9, 11, 12, 13, 14, 15, 16, 17, 20, 21, 22, 23, 25, 26, 27, 28, 29, 30, 31, 32, 33, 34, 35, 36, 37 | 173: 1, 2, 3, 4, 5.1, 6, 7, 7.1, 8, 9, 10, 11, 12, 13;159: 5, 6, 8, 9, 23, 29, 31, 35, 36 | 173: 4, 6;"Тематическая навигация. Конкретные выводы — в обзоре источников и пояснениях; наличие маркера не доказывает коллизию, отсутствие не доказывает ее отсутствие."
159.txt;174.txt;"ACT. 003; ACT. 004";159: 1, 3, 4, 5, 8, 9, 11, 12, 13, 14, 15, 17, 18, 19, 20, 21, 22, 23, 24, 25, 26, 27, 28, 29, 30, 31, 32, 33, 34, 35, 36, 37 | 174: 1, 2, 3, 5, 7, 8, 9, 9.2, 9.3, 15, 19, 20, 35;159: 5, 8, 14, 28, 30, 33 | 174: 4, 5, 8, 9, 19, 23, 28, 31, 34, 36, 37, 38, 40;159: 3, 5, 6, 7, 8, 9, 11, 12, 13, 14, 15, 16, 17, 20, 21, 22, 23, 25, 26, 27, 28, 29, 30, 31, 32, 33, 34, 35, 36, 37 | 174: 1, 3, 4, 5, 8, 9.2, 19, 26, 28, 30, 35, 36, 37, 38, 39, 40;159: 5, 6, 8, 9, 23, 29, 31, 35, 36 | 174: 2, 3, 7, 8, 9, 19;"Тематическая навигация. Конкретные выводы — в обзоре источников и пояснениях; наличие маркера не доказывает коллизию, отсутствие не доказывает ее отсутствие."
160.txt;161.txt;ACT. 012;160: 25, 26 | 161: 7, 13, 21, 29, 29.1, 37, 38, 40;160: 29, 30, 31, 32 | 161: 23, 41;160: 7, 9, 16, 18, 19 | 161: 10, 11, 13, 15, 16, 16.1, 16.2, 18, 18.1, 21, 24, 25, 28, 32.1, 33.1, 35, 37, 42;160: прямые маркеры не найдены | 161: 1, 3, 37;"Тематическая навигация. Конкретные выводы — в обзоре источников и пояснениях; наличие маркера не доказывает коллизию, отсутствие не доказывает ее отсутствие."
160.txt;162.txt;ACT. 001 — общие правила соотношения актов;160: 25, 26 | 162: 4, 7;160: 29, 30, 31, 32 | 162: 3, 4, 9;160: 7, 9, 16, 18, 19 | 162: 1, 3, 6, 7;160: прямые маркеры не найдены | 162: 4, 5, 6, 9;"Тематическая навигация. Конкретные выводы — в обзоре источников и пояснениях; наличие маркера не доказывает коллизию, отсутствие не доказывает ее отсутствие."
160.txt;163.txt;ACT. 001 — общие правила соотношения актов;160: 25, 26 | 163: Главы I–III;160: 29, 30, 31, 32 | 163: Главы I–III;160: 7, 9, 16, 18, 19 | 163: Главы I–III;160: прямые маркеры не найдены | 163: Главы I–III;"Тематическая навигация. Конкретные выводы — в обзоре источников и пояснениях; наличие маркера не доказывает коллизию, отсутствие не доказывает ее отсутствие."
160.txt;164.txt;ACT. 001 — общие правила соотношения актов;160: 25, 26 | 164: прямые маркеры не найдены;160: 29, 30, 31, 32 | 164: прямые маркеры не найдены;160: 7, 9, 16, 18, 19 | 164: 1, 4;160: прямые маркеры не найдены | 164: прямые маркеры не найдены;"Тематическая навигация. Конкретные выводы — в обзоре источников и пояснениях; наличие маркера не доказывает коллизию, отсутствие не доказывает ее отсутствие."
160.txt;165.txt;ACT. 001 — общие правила соотношения актов;160: 25, 26 | 165: 12, 14, 21, 22, 23, 24, 26, 27;160: 29, 30, 31, 32 | 165: 22, 27;160: 7, 9, 16, 18, 19 | 165: 2.1, 5, 6, 9, 10, 22, 24, 26, 28, 31, 33;160: прямые маркеры не найдены | 165: 4, 8, 11, 14, 21, 22, 24, 25, 26, 30;"Тематическая навигация. Конкретные выводы — в обзоре источников и пояснениях; наличие маркера не доказывает коллизию, отсутствие не доказывает ее отсутствие."
160.txt;166.txt;ACT. 012;160: 25, 26 | 166: 12, 13, 14, 25, 27, 28;160: 29, 30, 31, 32 | 166: 3, 9, 11, 11.1, 17, 27, 28;160: 7, 9, 16, 18, 19 | 166: 9, 10, 19, 22;160: прямые маркеры не найдены | 166: 2, 10, 19;"Тематическая навигация. Конкретные выводы — в обзоре источников и пояснениях; наличие маркера не доказывает коллизию, отсутствие не доказывает ее отсутствие."
160.txt;167.txt;ACT. 001 — общие правила соотношения актов;160: 25, 26 | 167: 4, 5, 10, 11, 13;160: 29, 30, 31, 32 | 167: 2, 16;160: 7, 9, 16, 18, 19 | 167: 8, 12;160: прямые маркеры не найдены | 167: 1, 7;"Тематическая навигация. Конкретные выводы — в обзоре источников и пояснениях; наличие маркера не доказывает коллизию, отсутствие не доказывает ее отсутствие."
160.txt;168.txt;ACT. 001 — общие правила соотношения актов;160: 25, 26 | 168: 1, 4, 6, 7, 10, 11, 14;160: 29, 30, 31, 32 | 168: 2, 5, 7, 9, 14, 15;160: 7, 9, 16, 18, 19 | 168: 5, 6, 7, 8, 10, 11, 11.1, 12;160: прямые маркеры не найдены | 168: 3, 4, 8, 11, 14;"Тематическая навигация. Конкретные выводы — в обзоре источников и пояснениях; наличие маркера не доказывает коллизию, отсутствие не доказывает ее отсутствие."
160.txt;169.txt;ACT. 001 — общие правила соотношения актов;160: 25, 26 | 169: 5, 6, 7, 10, 11;160: 29, 30, 31, 32 | 169: 5, 8;160: 7, 9, 16, 18, 19 | 169: 5, 6, 7, 8, 11;160: прямые маркеры не найдены | 169: 1, 3, 4, 5;"Тематическая навигация. Конкретные выводы — в обзоре источников и пояснениях; наличие маркера не доказывает коллизию, отсутствие не доказывает ее отсутствие."
160.txt;170.txt;ACT. 001 — общие правила соотношения актов;160: 25, 26 | 170: 5, 6;160: 29, 30, 31, 32 | 170: 5;160: 7, 9, 16, 18, 19 | 170: 3, 5;160: прямые маркеры не найдены | 170: прямые маркеры не найдены;"Тематическая навигация. Конкретные выводы — в обзоре источников и пояснениях; наличие маркера не доказывает коллизию, отсутствие не доказывает ее отсутствие."
160.txt;171.txt;ACT. 001 — общие правила соотношения актов;160: 25, 26 | 171: 2, 8, 9, 12, 14;160: 29, 30, 31, 32 | 171: 6;160: 7, 9, 16, 18, 19 | 171: 2, 3, 4, 6, 7, 8, 9, 11, 12, 13, 14;160: прямые маркеры не найдены | 171: 5, 8, 10;"Тематическая навигация. Конкретные выводы — в обзоре источников и пояснениях; наличие маркера не доказывает коллизию, отсутствие не доказывает ее отсутствие."
160.txt;172.txt;ACT. 001 — общие правила соотношения актов;160: 25, 26 | 172: 1, 2, 3, 4, 5, 6, 7;160: 29, 30, 31, 32 | 172: 7, 8;160: 7, 9, 16, 18, 19 | 172: 4, 5, 6;160: прямые маркеры не найдены | 172: 1, 8;"Тематическая навигация. Конкретные выводы — в обзоре источников и пояснениях; наличие маркера не доказывает коллизию, отсутствие не доказывает ее отсутствие."
160.txt;173.txt;ACT. 001 — общие правила соотношения актов;160: 25, 26 | 173: 1, 4, 6, 9, 11, 12;160: 29, 30, 31, 32 | 173: 1, 9, 11;160: 7, 9, 16, 18, 19 | 173: 1, 2, 3, 4, 5.1, 6, 7, 7.1, 8, 9, 10, 11, 12, 13;160: прямые маркеры не найдены | 173: 4, 6;"Тематическая навигация. Конкретные выводы — в обзоре источников и пояснениях; наличие маркера не доказывает коллизию, отсутствие не доказывает ее отсутствие."
160.txt;174.txt;ACT. 001 — общие правила соотношения актов;160: 25, 26 | 174: 1, 2, 3, 5, 7, 8, 9, 9.2, 9.3, 15, 19, 20, 35;160: 29, 30, 31, 32 | 174: 4, 5, 8, 9, 19, 23, 28, 31, 34, 36, 37, 38, 40;160: 7, 9, 16, 18, 19 | 174: 1, 3, 4, 5, 8, 9.2, 19, 26, 28, 30, 35, 36, 37, 38, 39, 40;160: прямые маркеры не найдены | 174: 2, 3, 7, 8, 9, 19;"Тематическая навигация. Конкретные выводы — в обзоре источников и пояснениях; наличие маркера не доказывает коллизию, отсутствие не доказывает ее отсутствие."
161.txt;162.txt;ACT. 001 — общие правила соотношения актов;161: 7, 13, 21, 29, 29.1, 37, 38, 40 | 162: 4, 7;161: 23, 41 | 162: 3, 4, 9;161: 10, 11, 13, 15, 16, 16.1, 16.2, 18, 18.1, 21, 24, 25, 28, 32.1, 33.1, 35, 37, 42 | 162: 1, 3, 6, 7;161: 1, 3, 37 | 162: 4, 5, 6, 9;"Тематическая навигация. Конкретные выводы — в обзоре источников и пояснениях; наличие маркера не доказывает коллизию, отсутствие не доказывает ее отсутствие."
161.txt;163.txt;ACT. 001 — общие правила соотношения актов;161: 7, 13, 21, 29, 29.1, 37, 38, 40 | 163: Главы I–III;161: 23, 41 | 163: Главы I–III;161: 10, 11, 13, 15, 16, 16.1, 16.2, 18, 18.1, 21, 24, 25, 28, 32.1, 33.1, 35, 37, 42 | 163: Главы I–III;161: 1, 3, 37 | 163: Главы I–III;"Тематическая навигация. Конкретные выводы — в обзоре источников и пояснениях; наличие маркера не доказывает коллизию, отсутствие не доказывает ее отсутствие."
161.txt;164.txt;ACT. 001 — общие правила соотношения актов;161: 7, 13, 21, 29, 29.1, 37, 38, 40 | 164: прямые маркеры не найдены;161: 23, 41 | 164: прямые маркеры не найдены;161: 10, 11, 13, 15, 16, 16.1, 16.2, 18, 18.1, 21, 24, 25, 28, 32.1, 33.1, 35, 37, 42 | 164: 1, 4;161: 1, 3, 37 | 164: прямые маркеры не найдены;"Тематическая навигация. Конкретные выводы — в обзоре источников и пояснениях; наличие маркера не доказывает коллизию, отсутствие не доказывает ее отсутствие."
161.txt;165.txt;ACT. 001 — общие правила соотношения актов;161: 7, 13, 21, 29, 29.1, 37, 38, 40 | 165: 12, 14, 21, 22, 23, 24, 26, 27;161: 23, 41 | 165: 22, 27;161: 10, 11, 13, 15, 16, 16.1, 16.2, 18, 18.1, 21, 24, 25, 28, 32.1, 33.1, 35, 37, 42 | 165: 2.1, 5, 6, 9, 10, 22, 24, 26, 28, 31, 33;161: 1, 3, 37 | 165: 4, 8, 11, 14, 21, 22, 24, 25, 26, 30;"Тематическая навигация. Конкретные выводы — в обзоре источников и пояснениях; наличие маркера не доказывает коллизию, отсутствие не доказывает ее отсутствие."
161.txt;166.txt;ACT. 012;161: 7, 13, 21, 29, 29.1, 37, 38, 40 | 166: 12, 13, 14, 25, 27, 28;161: 23, 41 | 166: 3, 9, 11, 11.1, 17, 27, 28;161: 10, 11, 13, 15, 16, 16.1, 16.2, 18, 18.1, 21, 24, 25, 28, 32.1, 33.1, 35, 37, 42 | 166: 9, 10, 19, 22;161: 1, 3, 37 | 166: 2, 10, 19;"Тематическая навигация. Конкретные выводы — в обзоре источников и пояснениях; наличие маркера не доказывает коллизию, отсутствие не доказывает ее отсутствие."
161.txt;167.txt;ACT. 006;161: 7, 13, 21, 29, 29.1, 37, 38, 40 | 167: 4, 5, 10, 11, 13;161: 23, 41 | 167: 2, 16;161: 10, 11, 13, 15, 16, 16.1, 16.2, 18, 18.1, 21, 24, 25, 28, 32.1, 33.1, 35, 37, 42 | 167: 8, 12;161: 1, 3, 37 | 167: 1, 7;"Тематическая навигация. Конкретные выводы — в обзоре источников и пояснениях; наличие маркера не доказывает коллизию, отсутствие не доказывает ее отсутствие."
161.txt;168.txt;ACT. 006;161: 7, 13, 21, 29, 29.1, 37, 38, 40 | 168: 1, 4, 6, 7, 10, 11, 14;161: 23, 41 | 168: 2, 5, 7, 9, 14, 15;161: 10, 11, 13, 15, 16, 16.1, 16.2, 18, 18.1, 21, 24, 25, 28, 32.1, 33.1, 35, 37, 42 | 168: 5, 6, 7, 8, 10, 11, 11.1, 12;161: 1, 3, 37 | 168: 3, 4, 8, 11, 14;"Тематическая навигация. Конкретные выводы — в обзоре источников и пояснениях; наличие маркера не доказывает коллизию, отсутствие не доказывает ее отсутствие."
161.txt;169.txt;ACT. 001 — общие правила соотношения актов;161: 7, 13, 21, 29, 29.1, 37, 38, 40 | 169: 5, 6, 7, 10, 11;161: 23, 41 | 169: 5, 8;161: 10, 11, 13, 15, 16, 16.1, 16.2, 18, 18.1, 21, 24, 25, 28, 32.1, 33.1, 35, 37, 42 | 169: 5, 6, 7, 8, 11;161: 1, 3, 37 | 169: 1, 3, 4, 5;"Тематическая навигация. Конкретные выводы — в обзоре источников и пояснениях; наличие маркера не доказывает коллизию, отсутствие не доказывает ее отсутствие."
161.txt;170.txt;ACT. 001 — общие правила соотношения актов;161: 7, 13, 21, 29, 29.1, 37, 38, 40 | 170: 5, 6;161: 23, 41 | 170: 5;161: 10, 11, 13, 15, 16, 16.1, 16.2, 18, 18.1, 21, 24, 25, 28, 32.1, 33.1, 35, 37, 42 | 170: 3, 5;161: 1, 3, 37 | 170: прямые маркеры не найдены;"Тематическая навигация. Конкретные выводы — в обзоре источников и пояснениях; наличие маркера не доказывает коллизию, отсутствие не доказывает ее отсутствие."
161.txt;171.txt;ACT. 001 — общие правила соотношения актов;161: 7, 13, 21, 29, 29.1, 37, 38, 40 | 171: 2, 8, 9, 12, 14;161: 23, 41 | 171: 6;161: 10, 11, 13, 15, 16, 16.1, 16.2, 18, 18.1, 21, 24, 25, 28, 32.1, 33.1, 35, 37, 42 | 171: 2, 3, 4, 6, 7, 8, 9, 11, 12, 13, 14;161: 1, 3, 37 | 171: 5, 8, 10;"Тематическая навигация. Конкретные выводы — в обзоре источников и пояснениях; наличие маркера не доказывает коллизию, отсутствие не доказывает ее отсутствие."
161.txt;172.txt;ACT. 006;161: 7, 13, 21, 29, 29.1, 37, 38, 40 | 172: 1, 2, 3, 4, 5, 6, 7;161: 23, 41 | 172: 7, 8;161: 10, 11, 13, 15, 16, 16.1, 16.2, 18, 18.1, 21, 24, 25, 28, 32.1, 33.1, 35, 37, 42 | 172: 4, 5, 6;161: 1, 3, 37 | 172: 1, 8;"Тематическая навигация. Конкретные выводы — в обзоре источников и пояснениях; наличие маркера не доказывает коллизию, отсутствие не доказывает ее отсутствие."
161.txt;173.txt;ACT. 001 — общие правила соотношения актов;161: 7, 13, 21, 29, 29.1, 37, 38, 40 | 173: 1, 4, 6, 9, 11, 12;161: 23, 41 | 173: 1, 9, 11;161: 10, 11, 13, 15, 16, 16.1, 16.2, 18, 18.1, 21, 24, 25, 28, 32.1, 33.1, 35, 37, 42 | 173: 1, 2, 3, 4, 5.1, 6, 7, 7.1, 8, 9, 10, 11, 12, 13;161: 1, 3, 37 | 173: 4, 6;"Тематическая навигация. Конкретные выводы — в обзоре источников и пояснениях; наличие маркера не доказывает коллизию, отсутствие не доказывает ее отсутствие."
161.txt;174.txt;ACT. 006;161: 7, 13, 21, 29, 29.1, 37, 38, 40 | 174: 1, 2, 3, 5, 7, 8, 9, 9.2, 9.3, 15, 19, 20, 35;161: 23, 41 | 174: 4, 5, 8, 9, 19, 23, 28, 31, 34, 36, 37, 38, 40;161: 10, 11, 13, 15, 16, 16.1, 16.2, 18, 18.1, 21, 24, 25, 28, 32.1, 33.1, 35, 37, 42 | 174: 1, 3, 4, 5, 8, 9.2, 19, 26, 28, 30, 35, 36, 37, 38, 39, 40;161: 1, 3, 37 | 174: 2, 3, 7, 8, 9, 19;"Тематическая навигация. Конкретные выводы — в обзоре источников и пояснениях; наличие маркера не доказывает коллизию, отсутствие не доказывает ее отсутствие."
162.txt;163.txt;ACT. 009;162: 4, 7 | 163: Главы I–III;162: 3, 4, 9 | 163: Главы I–III;162: 1, 3, 6, 7 | 163: Главы I–III;162: 4, 5, 6, 9 | 163: Главы I–III;"Тематическая навигация. Конкретные выводы — в обзоре источников и пояснениях; наличие маркера не доказывает коллизию, отсутствие не доказывает ее отсутствие."
162.txt;164.txt;ACT. 001 — общие правила соотношения актов;162: 4, 7 | 164: прямые маркеры не найдены;162: 3, 4, 9 | 164: прямые маркеры не найдены;162: 1, 3, 6, 7 | 164: 1, 4;162: 4, 5, 6, 9 | 164: прямые маркеры не найдены;"Тематическая навигация. Конкретные выводы — в обзоре источников и пояснениях; наличие маркера не доказывает коллизию, отсутствие не доказывает ее отсутствие."
162.txt;165.txt;ACT. 009;162: 4, 7 | 165: 12, 14, 21, 22, 23, 24, 26, 27;162: 3, 4, 9 | 165: 22, 27;162: 1, 3, 6, 7 | 165: 2.1, 5, 6, 9, 10, 22, 24, 26, 28, 31, 33;162: 4, 5, 6, 9 | 165: 4, 8, 11, 14, 21, 22, 24, 25, 26, 30;"Тематическая навигация. Конкретные выводы — в обзоре источников и пояснениях; наличие маркера не доказывает коллизию, отсутствие не доказывает ее отсутствие."
162.txt;166.txt;ACT. 007;162: 4, 7 | 166: 12, 13, 14, 25, 27, 28;162: 3, 4, 9 | 166: 3, 9, 11, 11.1, 17, 27, 28;162: 1, 3, 6, 7 | 166: 9, 10, 19, 22;162: 4, 5, 6, 9 | 166: 2, 10, 19;"Тематическая навигация. Конкретные выводы — в обзоре источников и пояснениях; наличие маркера не доказывает коллизию, отсутствие не доказывает ее отсутствие."
162.txt;167.txt;ACT. 009;162: 4, 7 | 167: 4, 5, 10, 11, 13;162: 3, 4, 9 | 167: 2, 16;162: 1, 3, 6, 7 | 167: 8, 12;162: 4, 5, 6, 9 | 167: 1, 7;"Тематическая навигация. Конкретные выводы — в обзоре источников и пояснениях; наличие маркера не доказывает коллизию, отсутствие не доказывает ее отсутствие."
162.txt;168.txt;ACT. 001 — общие правила соотношения актов;162: 4, 7 | 168: 1, 4, 6, 7, 10, 11, 14;162: 3, 4, 9 | 168: 2, 5, 7, 9, 14, 15;162: 1, 3, 6, 7 | 168: 5, 6, 7, 8, 10, 11, 11.1, 12;162: 4, 5, 6, 9 | 168: 3, 4, 8, 11, 14;"Тематическая навигация. Конкретные выводы — в обзоре источников и пояснениях; наличие маркера не доказывает коллизию, отсутствие не доказывает ее отсутствие."
162.txt;169.txt;ACT. 009;162: 4, 7 | 169: 5, 6, 7, 10, 11;162: 3, 4, 9 | 169: 5, 8;162: 1, 3, 6, 7 | 169: 5, 6, 7, 8, 11;162: 4, 5, 6, 9 | 169: 1, 3, 4, 5;"Тематическая навигация. Конкретные выводы — в обзоре источников и пояснениях; наличие маркера не доказывает коллизию, отсутствие не доказывает ее отсутствие."
162.txt;170.txt;ACT. 001 — общие правила соотношения актов;162: 4, 7 | 170: 5, 6;162: 3, 4, 9 | 170: 5;162: 1, 3, 6, 7 | 170: 3, 5;162: 4, 5, 6, 9 | 170: прямые маркеры не найдены;"Тематическая навигация. Конкретные выводы — в обзоре источников и пояснениях; наличие маркера не доказывает коллизию, отсутствие не доказывает ее отсутствие."
162.txt;171.txt;ACT. 001 — общие правила соотношения актов;162: 4, 7 | 171: 2, 8, 9, 12, 14;162: 3, 4, 9 | 171: 6;162: 1, 3, 6, 7 | 171: 2, 3, 4, 6, 7, 8, 9, 11, 12, 13, 14;162: 4, 5, 6, 9 | 171: 5, 8, 10;"Тематическая навигация. Конкретные выводы — в обзоре источников и пояснениях; наличие маркера не доказывает коллизию, отсутствие не доказывает ее отсутствие."
162.txt;172.txt;"ACT. 007; ACT. 009";162: 4, 7 | 172: 1, 2, 3, 4, 5, 6, 7;162: 3, 4, 9 | 172: 7, 8;162: 1, 3, 6, 7 | 172: 4, 5, 6;162: 4, 5, 6, 9 | 172: 1, 8;"Тематическая навигация. Конкретные выводы — в обзоре источников и пояснениях; наличие маркера не доказывает коллизию, отсутствие не доказывает ее отсутствие."
162.txt;173.txt;ACT. 005;162: 4, 7 | 173: 1, 4, 6, 9, 11, 12;162: 3, 4, 9 | 173: 1, 9, 11;162: 1, 3, 6, 7 | 173: 1, 2, 3, 4, 5.1, 6, 7, 7.1, 8, 9, 10, 11, 12, 13;162: 4, 5, 6, 9 | 173: 4, 6;"Тематическая навигация. Конкретные выводы — в обзоре источников и пояснениях; наличие маркера не доказывает коллизию, отсутствие не доказывает ее отсутствие."
162.txt;174.txt;"ACT. 005; ACT. 007";162: 4, 7 | 174: 1, 2, 3, 5, 7, 8, 9, 9.2, 9.3, 15, 19, 20, 35;162: 3, 4, 9 | 174: 4, 5, 8, 9, 19, 23, 28, 31, 34, 36, 37, 38, 40;162: 1, 3, 6, 7 | 174: 1, 3, 4, 5, 8, 9.2, 19, 26, 28, 30, 35, 36, 37, 38, 39, 40;162: 4, 5, 6, 9 | 174: 2, 3, 7, 8, 9, 19;"Тематическая навигация. Конкретные выводы — в обзоре источников и пояснениях; наличие маркера не доказывает коллизию, отсутствие не доказывает ее отсутствие."
163.txt;164.txt;ACT. 001 — общие правила соотношения актов;163: Главы I–III | 164: прямые маркеры не найдены;163: Главы I–III | 164: прямые маркеры не найдены;163: Главы I–III | 164: 1, 4;163: Главы I–III | 164: прямые маркеры не найдены;"Тематическая навигация. Конкретные выводы — в обзоре источников и пояснениях; наличие маркера не доказывает коллизию, отсутствие не доказывает ее отсутствие."
163.txt;165.txt;ACT. 009;163: Главы I–III | 165: 12, 14, 21, 22, 23, 24, 26, 27;163: Главы I–III | 165: 22, 27;163: Главы I–III | 165: 2.1, 5, 6, 9, 10, 22, 24, 26, 28, 31, 33;163: Главы I–III | 165: 4, 8, 11, 14, 21, 22, 24, 25, 26, 30;"Тематическая навигация. Конкретные выводы — в обзоре источников и пояснениях; наличие маркера не доказывает коллизию, отсутствие не доказывает ее отсутствие."
163.txt;166.txt;ACT. 001 — общие правила соотношения актов;163: Главы I–III | 166: 12, 13, 14, 25, 27, 28;163: Главы I–III | 166: 3, 9, 11, 11.1, 17, 27, 28;163: Главы I–III | 166: 9, 10, 19, 22;163: Главы I–III | 166: 2, 10, 19;"Тематическая навигация. Конкретные выводы — в обзоре источников и пояснениях; наличие маркера не доказывает коллизию, отсутствие не доказывает ее отсутствие."
163.txt;167.txt;ACT. 009;163: Главы I–III | 167: 4, 5, 10, 11, 13;163: Главы I–III | 167: 2, 16;163: Главы I–III | 167: 8, 12;163: Главы I–III | 167: 1, 7;"Тематическая навигация. Конкретные выводы — в обзоре источников и пояснениях; наличие маркера не доказывает коллизию, отсутствие не доказывает ее отсутствие."
163.txt;168.txt;ACT. 001 — общие правила соотношения актов;163: Главы I–III | 168: 1, 4, 6, 7, 10, 11, 14;163: Главы I–III | 168: 2, 5, 7, 9, 14, 15;163: Главы I–III | 168: 5, 6, 7, 8, 10, 11, 11.1, 12;163: Главы I–III | 168: 3, 4, 8, 11, 14;"Тематическая навигация. Конкретные выводы — в обзоре источников и пояснениях; наличие маркера не доказывает коллизию, отсутствие не доказывает ее отсутствие."
163.txt;169.txt;ACT. 009;163: Главы I–III | 169: 5, 6, 7, 10, 11;163: Главы I–III | 169: 5, 8;163: Главы I–III | 169: 5, 6, 7, 8, 11;163: Главы I–III | 169: 1, 3, 4, 5;"Тематическая навигация. Конкретные выводы — в обзоре источников и пояснениях; наличие маркера не доказывает коллизию, отсутствие не доказывает ее отсутствие."
163.txt;170.txt;ACT. 001 — общие правила соотношения актов;163: Главы I–III | 170: 5, 6;163: Главы I–III | 170: 5;163: Главы I–III | 170: 3, 5;163: Главы I–III | 170: прямые маркеры не найдены;"Тематическая навигация. Конкретные выводы — в обзоре источников и пояснениях; наличие маркера не доказывает коллизию, отсутствие не доказывает ее отсутствие."
163.txt;171.txt;ACT. 001 — общие правила соотношения актов;163: Главы I–III | 171: 2, 8, 9, 12, 14;163: Главы I–III | 171: 6;163: Главы I–III | 171: 2, 3, 4, 6, 7, 8, 9, 11, 12, 13, 14;163: Главы I–III | 171: 5, 8, 10;"Тематическая навигация. Конкретные выводы — в обзоре источников и пояснениях; наличие маркера не доказывает коллизию, отсутствие не доказывает ее отсутствие."
163.txt;172.txt;ACT. 009;163: Главы I–III | 172: 1, 2, 3, 4, 5, 6, 7;163: Главы I–III | 172: 7, 8;163: Главы I–III | 172: 4, 5, 6;163: Главы I–III | 172: 1, 8;"Тематическая навигация. Конкретные выводы — в обзоре источников и пояснениях; наличие маркера не доказывает коллизию, отсутствие не доказывает ее отсутствие."
163.txt;173.txt;ACT. 001 — общие правила соотношения актов;163: Главы I–III | 173: 1, 4, 6, 9, 11, 12;163: Главы I–III | 173: 1, 9, 11;163: Главы I–III | 173: 1, 2, 3, 4, 5.1, 6, 7, 7.1, 8, 9, 10, 11, 12, 13;163: Главы I–III | 173: 4, 6;"Тематическая навигация. Конкретные выводы — в обзоре источников и пояснениях; наличие маркера не доказывает коллизию, отсутствие не доказывает ее отсутствие."
163.txt;174.txt;ACT. 001 — общие правила соотношения актов;163: Главы I–III | 174: 1, 2, 3, 5, 7, 8, 9, 9.2, 9.3, 15, 19, 20, 35;163: Главы I–III | 174: 4, 5, 8, 9, 19, 23, 28, 31, 34, 36, 37, 38, 40;163: Главы I–III | 174: 1, 3, 4, 5, 8, 9.2, 19, 26, 28, 30, 35, 36, 37, 38, 39, 40;163: Главы I–III | 174: 2, 3, 7, 8, 9, 19;"Тематическая навигация. Конкретные выводы — в обзоре источников и пояснениях; наличие маркера не доказывает коллизию, отсутствие не доказывает ее отсутствие."
164.txt;165.txt;ACT. 001 — общие правила соотношения актов;164: прямые маркеры не найдены | 165: 12, 14, 21, 22, 23, 24, 26, 27;164: прямые маркеры не найдены | 165: 22, 27;164: 1, 4 | 165: 2.1, 5, 6, 9, 10, 22, 24, 26, 28, 31, 33;164: прямые маркеры не найдены | 165: 4, 8, 11, 14, 21, 22, 24, 25, 26, 30;"Тематическая навигация. Конкретные выводы — в обзоре источников и пояснениях; наличие маркера не доказывает коллизию, отсутствие не доказывает ее отсутствие."
164.txt;166.txt;"ACT. 003; ACT. 004";164: прямые маркеры не найдены | 166: 12, 13, 14, 25, 27, 28;164: прямые маркеры не найдены | 166: 3, 9, 11, 11.1, 17, 27, 28;164: 1, 4 | 166: 9, 10, 19, 22;164: прямые маркеры не найдены | 166: 2, 10, 19;"Тематическая навигация. Конкретные выводы — в обзоре источников и пояснениях; наличие маркера не доказывает коллизию, отсутствие не доказывает ее отсутствие."
164.txt;167.txt;ACT. 003;164: прямые маркеры не найдены | 167: 4, 5, 10, 11, 13;164: прямые маркеры не найдены | 167: 2, 16;164: 1, 4 | 167: 8, 12;164: прямые маркеры не найдены | 167: 1, 7;"Тематическая навигация. Конкретные выводы — в обзоре источников и пояснениях; наличие маркера не доказывает коллизию, отсутствие не доказывает ее отсутствие."
164.txt;168.txt;"ACT. 003; ACT. 004; ACT. 014";164: прямые маркеры не найдены | 168: 1, 4, 6, 7, 10, 11, 14;164: прямые маркеры не найдены | 168: 2, 5, 7, 9, 14, 15;164: 1, 4 | 168: 5, 6, 7, 8, 10, 11, 11.1, 12;164: прямые маркеры не найдены | 168: 3, 4, 8, 11, 14;"Тематическая навигация. Конкретные выводы — в обзоре источников и пояснениях; наличие маркера не доказывает коллизию, отсутствие не доказывает ее отсутствие."
164.txt;169.txt;ACT. 001 — общие правила соотношения актов;164: прямые маркеры не найдены | 169: 5, 6, 7, 10, 11;164: прямые маркеры не найдены | 169: 5, 8;164: 1, 4 | 169: 5, 6, 7, 8, 11;164: прямые маркеры не найдены | 169: 1, 3, 4, 5;"Тематическая навигация. Конкретные выводы — в обзоре источников и пояснениях; наличие маркера не доказывает коллизию, отсутствие не доказывает ее отсутствие."
164.txt;170.txt;ACT. 001 — общие правила соотношения актов;164: прямые маркеры не найдены | 170: 5, 6;164: прямые маркеры не найдены | 170: 5;164: 1, 4 | 170: 3, 5;164: прямые маркеры не найдены | 170: прямые маркеры не найдены;"Тематическая навигация. Конкретные выводы — в обзоре источников и пояснениях; наличие маркера не доказывает коллизию, отсутствие не доказывает ее отсутствие."
164.txt;171.txt;"ACT. 003; ACT. 004; ACT. 010; ACT. 014";164: прямые маркеры не найдены | 171: 2, 8, 9, 12, 14;164: прямые маркеры не найдены | 171: 6;164: 1, 4 | 171: 2, 3, 4, 6, 7, 8, 9, 11, 12, 13, 14;164: прямые маркеры не найдены | 171: 5, 8, 10;"Тематическая навигация. Конкретные выводы — в обзоре источников и пояснениях; наличие маркера не доказывает коллизию, отсутствие не доказывает ее отсутствие."
164.txt;172.txt;ACT. 001 — общие правила соотношения актов;164: прямые маркеры не найдены | 172: 1, 2, 3, 4, 5, 6, 7;164: прямые маркеры не найдены | 172: 7, 8;164: 1, 4 | 172: 4, 5, 6;164: прямые маркеры не найдены | 172: 1, 8;"Тематическая навигация. Конкретные выводы — в обзоре источников и пояснениях; наличие маркера не доказывает коллизию, отсутствие не доказывает ее отсутствие."
164.txt;173.txt;"ACT. 003; ACT. 004; ACT. 010; ACT. 014";164: прямые маркеры не найдены | 173: 1, 4, 6, 9, 11, 12;164: прямые маркеры не найдены | 173: 1, 9, 11;164: 1, 4 | 173: 1, 2, 3, 4, 5.1, 6, 7, 7.1, 8, 9, 10, 11, 12, 13;164: прямые маркеры не найдены | 173: 4, 6;"Тематическая навигация. Конкретные выводы — в обзоре источников и пояснениях; наличие маркера не доказывает коллизию, отсутствие не доказывает ее отсутствие."
164.txt;174.txt;"ACT. 003; ACT. 004; ACT. 010; ACT. 014";164: прямые маркеры не найдены | 174: 1, 2, 3, 5, 7, 8, 9, 9.2, 9.3, 15, 19, 20, 35;164: прямые маркеры не найдены | 174: 4, 5, 8, 9, 19, 23, 28, 31, 34, 36, 37, 38, 40;164: 1, 4 | 174: 1, 3, 4, 5, 8, 9.2, 19, 26, 28, 30, 35, 36, 37, 38, 39, 40;164: прямые маркеры не найдены | 174: 2, 3, 7, 8, 9, 19;"Тематическая навигация. Конкретные выводы — в обзоре источников и пояснениях; наличие маркера не доказывает коллизию, отсутствие не доказывает ее отсутствие."
165.txt;166.txt;ACT. 001 — общие правила соотношения актов;165: 12, 14, 21, 22, 23, 24, 26, 27 | 166: 12, 13, 14, 25, 27, 28;165: 22, 27 | 166: 3, 9, 11, 11.1, 17, 27, 28;165: 2.1, 5, 6, 9, 10, 22, 24, 26, 28, 31, 33 | 166: 9, 10, 19, 22;165: 4, 8, 11, 14, 21, 22, 24, 25, 26, 30 | 166: 2, 10, 19;"Тематическая навигация. Конкретные выводы — в обзоре источников и пояснениях; наличие маркера не доказывает коллизию, отсутствие не доказывает ее отсутствие."
165.txt;167.txt;ACT. 009;165: 12, 14, 21, 22, 23, 24, 26, 27 | 167: 4, 5, 10, 11, 13;165: 22, 27 | 167: 2, 16;165: 2.1, 5, 6, 9, 10, 22, 24, 26, 28, 31, 33 | 167: 8, 12;165: 4, 8, 11, 14, 21, 22, 24, 25, 26, 30 | 167: 1, 7;"Тематическая навигация. Конкретные выводы — в обзоре источников и пояснениях; наличие маркера не доказывает коллизию, отсутствие не доказывает ее отсутствие."
165.txt;168.txt;ACT. 001 — общие правила соотношения актов;165: 12, 14, 21, 22, 23, 24, 26, 27 | 168: 1, 4, 6, 7, 10, 11, 14;165: 22, 27 | 168: 2, 5, 7, 9, 14, 15;165: 2.1, 5, 6, 9, 10, 22, 24, 26, 28, 31, 33 | 168: 5, 6, 7, 8, 10, 11, 11.1, 12;165: 4, 8, 11, 14, 21, 22, 24, 25, 26, 30 | 168: 3, 4, 8, 11, 14;"Тематическая навигация. Конкретные выводы — в обзоре источников и пояснениях; наличие маркера не доказывает коллизию, отсутствие не доказывает ее отсутствие."
165.txt;169.txt;"ACT. 009; ACT. 013";165: 12, 14, 21, 22, 23, 24, 26, 27 | 169: 5, 6, 7, 10, 11;165: 22, 27 | 169: 5, 8;165: 2.1, 5, 6, 9, 10, 22, 24, 26, 28, 31, 33 | 169: 5, 6, 7, 8, 11;165: 4, 8, 11, 14, 21, 22, 24, 25, 26, 30 | 169: 1, 3, 4, 5;"Тематическая навигация. Конкретные выводы — в обзоре источников и пояснениях; наличие маркера не доказывает коллизию, отсутствие не доказывает ее отсутствие."
165.txt;170.txt;ACT. 001 — общие правила соотношения актов;165: 12, 14, 21, 22, 23, 24, 26, 27 | 170: 5, 6;165: 22, 27 | 170: 5;165: 2.1, 5, 6, 9, 10, 22, 24, 26, 28, 31, 33 | 170: 3, 5;165: 4, 8, 11, 14, 21, 22, 24, 25, 26, 30 | 170: прямые маркеры не найдены;"Тематическая навигация. Конкретные выводы — в обзоре источников и пояснениях; наличие маркера не доказывает коллизию, отсутствие не доказывает ее отсутствие."
165.txt;171.txt;ACT. 013;165: 12, 14, 21, 22, 23, 24, 26, 27 | 171: 2, 8, 9, 12, 14;165: 22, 27 | 171: 6;165: 2.1, 5, 6, 9, 10, 22, 24, 26, 28, 31, 33 | 171: 2, 3, 4, 6, 7, 8, 9, 11, 12, 13, 14;165: 4, 8, 11, 14, 21, 22, 24, 25, 26, 30 | 171: 5, 8, 10;"Тематическая навигация. Конкретные выводы — в обзоре источников и пояснениях; наличие маркера не доказывает коллизию, отсутствие не доказывает ее отсутствие."
165.txt;172.txt;ACT. 009;165: 12, 14, 21, 22, 23, 24, 26, 27 | 172: 1, 2, 3, 4, 5, 6, 7;165: 22, 27 | 172: 7, 8;165: 2.1, 5, 6, 9, 10, 22, 24, 26, 28, 31, 33 | 172: 4, 5, 6;165: 4, 8, 11, 14, 21, 22, 24, 25, 26, 30 | 172: 1, 8;"Тематическая навигация. Конкретные выводы — в обзоре источников и пояснениях; наличие маркера не доказывает коллизию, отсутствие не доказывает ее отсутствие."
165.txt;173.txt;ACT. 001 — общие правила соотношения актов;165: 12, 14, 21, 22, 23, 24, 26, 27 | 173: 1, 4, 6, 9, 11, 12;165: 22, 27 | 173: 1, 9, 11;165: 2.1, 5, 6, 9, 10, 22, 24, 26, 28, 31, 33 | 173: 1, 2, 3, 4, 5.1, 6, 7, 7.1, 8, 9, 10, 11, 12, 13;165: 4, 8, 11, 14, 21, 22, 24, 25, 26, 30 | 173: 4, 6;"Тематическая навигация. Конкретные выводы — в обзоре источников и пояснениях; наличие маркера не доказывает коллизию, отсутствие не доказывает ее отсутствие."
165.txt;174.txt;ACT. 001 — общие правила соотношения актов;165: 12, 14, 21, 22, 23, 24, 26, 27 | 174: 1, 2, 3, 5, 7, 8, 9, 9.2, 9.3, 15, 19, 20, 35;165: 22, 27 | 174: 4, 5, 8, 9, 19, 23, 28, 31, 34, 36, 37, 38, 40;165: 2.1, 5, 6, 9, 10, 22, 24, 26, 28, 31, 33 | 174: 1, 3, 4, 5, 8, 9.2, 19, 26, 28, 30, 35, 36, 37, 38, 39, 40;165: 4, 8, 11, 14, 21, 22, 24, 25, 26, 30 | 174: 2, 3, 7, 8, 9, 19;"Тематическая навигация. Конкретные выводы — в обзоре источников и пояснениях; наличие маркера не доказывает коллизию, отсутствие не доказывает ее отсутствие."
166.txt;167.txt;ACT. 003;166: 12, 13, 14, 25, 27, 28 | 167: 4, 5, 10, 11, 13;166: 3, 9, 11, 11.1, 17, 27, 28 | 167: 2, 16;166: 9, 10, 19, 22 | 167: 8, 12;166: 2, 10, 19 | 167: 1, 7;"Тематическая навигация. Конкретные выводы — в обзоре источников и пояснениях; наличие маркера не доказывает коллизию, отсутствие не доказывает ее отсутствие."
166.txt;168.txt;"ACT. 003; ACT. 004";166: 12, 13, 14, 25, 27, 28 | 168: 1, 4, 6, 7, 10, 11, 14;166: 3, 9, 11, 11.1, 17, 27, 28 | 168: 2, 5, 7, 9, 14, 15;166: 9, 10, 19, 22 | 168: 5, 6, 7, 8, 10, 11, 11.1, 12;166: 2, 10, 19 | 168: 3, 4, 8, 11, 14;"Тематическая навигация. Конкретные выводы — в обзоре источников и пояснениях; наличие маркера не доказывает коллизию, отсутствие не доказывает ее отсутствие."
166.txt;169.txt;ACT. 001 — общие правила соотношения актов;166: 12, 13, 14, 25, 27, 28 | 169: 5, 6, 7, 10, 11;166: 3, 9, 11, 11.1, 17, 27, 28 | 169: 5, 8;166: 9, 10, 19, 22 | 169: 5, 6, 7, 8, 11;166: 2, 10, 19 | 169: 1, 3, 4, 5;"Тематическая навигация. Конкретные выводы — в обзоре источников и пояснениях; наличие маркера не доказывает коллизию, отсутствие не доказывает ее отсутствие."
166.txt;170.txt;ACT. 008;166: 12, 13, 14, 25, 27, 28 | 170: 5, 6;166: 3, 9, 11, 11.1, 17, 27, 28 | 170: 5;166: 9, 10, 19, 22 | 170: 3, 5;166: 2, 10, 19 | 170: прямые маркеры не найдены;"Тематическая навигация. Конкретные выводы — в обзоре источников и пояснениях; наличие маркера не доказывает коллизию, отсутствие не доказывает ее отсутствие."
166.txt;171.txt;"ACT. 003; ACT. 004";166: 12, 13, 14, 25, 27, 28 | 171: 2, 8, 9, 12, 14;166: 3, 9, 11, 11.1, 17, 27, 28 | 171: 6;166: 9, 10, 19, 22 | 171: 2, 3, 4, 6, 7, 8, 9, 11, 12, 13, 14;166: 2, 10, 19 | 171: 5, 8, 10;"Тематическая навигация. Конкретные выводы — в обзоре источников и пояснениях; наличие маркера не доказывает коллизию, отсутствие не доказывает ее отсутствие."
166.txt;172.txt;ACT. 007;166: 12, 13, 14, 25, 27, 28 | 172: 1, 2, 3, 4, 5, 6, 7;166: 3, 9, 11, 11.1, 17, 27, 28 | 172: 7, 8;166: 9, 10, 19, 22 | 172: 4, 5, 6;166: 2, 10, 19 | 172: 1, 8;"Тематическая навигация. Конкретные выводы — в обзоре источников и пояснениях; наличие маркера не доказывает коллизию, отсутствие не доказывает ее отсутствие."
166.txt;173.txt;"ACT. 003; ACT. 004";166: 12, 13, 14, 25, 27, 28 | 173: 1, 4, 6, 9, 11, 12;166: 3, 9, 11, 11.1, 17, 27, 28 | 173: 1, 9, 11;166: 9, 10, 19, 22 | 173: 1, 2, 3, 4, 5.1, 6, 7, 7.1, 8, 9, 10, 11, 12, 13;166: 2, 10, 19 | 173: 4, 6;"Тематическая навигация. Конкретные выводы — в обзоре источников и пояснениях; наличие маркера не доказывает коллизию, отсутствие не доказывает ее отсутствие."
166.txt;174.txt;"ACT. 003; ACT. 004; ACT. 007";166: 12, 13, 14, 25, 27, 28 | 174: 1, 2, 3, 5, 7, 8, 9, 9.2, 9.3, 15, 19, 20, 35;166: 3, 9, 11, 11.1, 17, 27, 28 | 174: 4, 5, 8, 9, 19, 23, 28, 31, 34, 36, 37, 38, 40;166: 9, 10, 19, 22 | 174: 1, 3, 4, 5, 8, 9.2, 19, 26, 28, 30, 35, 36, 37, 38, 39, 40;166: 2, 10, 19 | 174: 2, 3, 7, 8, 9, 19;"Тематическая навигация. Конкретные выводы — в обзоре источников и пояснениях; наличие маркера не доказывает коллизию, отсутствие не доказывает ее отсутствие."
167.txt;168.txt;"ACT. 003; ACT. 006";167: 4, 5, 10, 11, 13 | 168: 1, 4, 6, 7, 10, 11, 14;167: 2, 16 | 168: 2, 5, 7, 9, 14, 15;167: 8, 12 | 168: 5, 6, 7, 8, 10, 11, 11.1, 12;167: 1, 7 | 168: 3, 4, 8, 11, 14;"Тематическая навигация. Конкретные выводы — в обзоре источников и пояснениях; наличие маркера не доказывает коллизию, отсутствие не доказывает ее отсутствие."
167.txt;169.txt;ACT. 009;167: 4, 5, 10, 11, 13 | 169: 5, 6, 7, 10, 11;167: 2, 16 | 169: 5, 8;167: 8, 12 | 169: 5, 6, 7, 8, 11;167: 1, 7 | 169: 1, 3, 4, 5;"Тематическая навигация. Конкретные выводы — в обзоре источников и пояснениях; наличие маркера не доказывает коллизию, отсутствие не доказывает ее отсутствие."
167.txt;170.txt;ACT. 001 — общие правила соотношения актов;167: 4, 5, 10, 11, 13 | 170: 5, 6;167: 2, 16 | 170: 5;167: 8, 12 | 170: 3, 5;167: 1, 7 | 170: прямые маркеры не найдены;"Тематическая навигация. Конкретные выводы — в обзоре источников и пояснениях; наличие маркера не доказывает коллизию, отсутствие не доказывает ее отсутствие."
167.txt;171.txt;ACT. 003;167: 4, 5, 10, 11, 13 | 171: 2, 8, 9, 12, 14;167: 2, 16 | 171: 6;167: 8, 12 | 171: 2, 3, 4, 6, 7, 8, 9, 11, 12, 13, 14;167: 1, 7 | 171: 5, 8, 10;"Тематическая навигация. Конкретные выводы — в обзоре источников и пояснениях; наличие маркера не доказывает коллизию, отсутствие не доказывает ее отсутствие."
167.txt;172.txt;"ACT. 006; ACT. 009";167: 4, 5, 10, 11, 13 | 172: 1, 2, 3, 4, 5, 6, 7;167: 2, 16 | 172: 7, 8;167: 8, 12 | 172: 4, 5, 6;167: 1, 7 | 172: 1, 8;"Тематическая навигация. Конкретные выводы — в обзоре источников и пояснениях; наличие маркера не доказывает коллизию, отсутствие не доказывает ее отсутствие."
167.txt;173.txt;ACT. 003;167: 4, 5, 10, 11, 13 | 173: 1, 4, 6, 9, 11, 12;167: 2, 16 | 173: 1, 9, 11;167: 8, 12 | 173: 1, 2, 3, 4, 5.1, 6, 7, 7.1, 8, 9, 10, 11, 12, 13;167: 1, 7 | 173: 4, 6;"Тематическая навигация. Конкретные выводы — в обзоре источников и пояснениях; наличие маркера не доказывает коллизию, отсутствие не доказывает ее отсутствие."
167.txt;174.txt;"ACT. 003; ACT. 006";167: 4, 5, 10, 11, 13 | 174: 1, 2, 3, 5, 7, 8, 9, 9.2, 9.3, 15, 19, 20, 35;167: 2, 16 | 174: 4, 5, 8, 9, 19, 23, 28, 31, 34, 36, 37, 38, 40;167: 8, 12 | 174: 1, 3, 4, 5, 8, 9.2, 19, 26, 28, 30, 35, 36, 37, 38, 39, 40;167: 1, 7 | 174: 2, 3, 7, 8, 9, 19;"Тематическая навигация. Конкретные выводы — в обзоре источников и пояснениях; наличие маркера не доказывает коллизию, отсутствие не доказывает ее отсутствие."
168.txt;169.txt;ACT. 001 — общие правила соотношения актов;168: 1, 4, 6, 7, 10, 11, 14 | 169: 5, 6, 7, 10, 11;168: 2, 5, 7, 9, 14, 15 | 169: 5, 8;168: 5, 6, 7, 8, 10, 11, 11.1, 12 | 169: 5, 6, 7, 8, 11;168: 3, 4, 8, 11, 14 | 169: 1, 3, 4, 5;"Тематическая навигация. Конкретные выводы — в обзоре источников и пояснениях; наличие маркера не доказывает коллизию, отсутствие не доказывает ее отсутствие."
168.txt;170.txt;ACT. 001 — общие правила соотношения актов;168: 1, 4, 6, 7, 10, 11, 14 | 170: 5, 6;168: 2, 5, 7, 9, 14, 15 | 170: 5;168: 5, 6, 7, 8, 10, 11, 11.1, 12 | 170: 3, 5;168: 3, 4, 8, 11, 14 | 170: прямые маркеры не найдены;"Тематическая навигация. Конкретные выводы — в обзоре источников и пояснениях; наличие маркера не доказывает коллизию, отсутствие не доказывает ее отсутствие."
168.txt;171.txt;"ACT. 003; ACT. 004; ACT. 014";168: 1, 4, 6, 7, 10, 11, 14 | 171: 2, 8, 9, 12, 14;168: 2, 5, 7, 9, 14, 15 | 171: 6;168: 5, 6, 7, 8, 10, 11, 11.1, 12 | 171: 2, 3, 4, 6, 7, 8, 9, 11, 12, 13, 14;168: 3, 4, 8, 11, 14 | 171: 5, 8, 10;"Тематическая навигация. Конкретные выводы — в обзоре источников и пояснениях; наличие маркера не доказывает коллизию, отсутствие не доказывает ее отсутствие."
168.txt;172.txt;ACT. 006;168: 1, 4, 6, 7, 10, 11, 14 | 172: 1, 2, 3, 4, 5, 6, 7;168: 2, 5, 7, 9, 14, 15 | 172: 7, 8;168: 5, 6, 7, 8, 10, 11, 11.1, 12 | 172: 4, 5, 6;168: 3, 4, 8, 11, 14 | 172: 1, 8;"Тематическая навигация. Конкретные выводы — в обзоре источников и пояснениях; наличие маркера не доказывает коллизию, отсутствие не доказывает ее отсутствие."
168.txt;173.txt;"ACT. 003; ACT. 004; ACT. 014";168: 1, 4, 6, 7, 10, 11, 14 | 173: 1, 4, 6, 9, 11, 12;168: 2, 5, 7, 9, 14, 15 | 173: 1, 9, 11;168: 5, 6, 7, 8, 10, 11, 11.1, 12 | 173: 1, 2, 3, 4, 5.1, 6, 7, 7.1, 8, 9, 10, 11, 12, 13;168: 3, 4, 8, 11, 14 | 173: 4, 6;"Тематическая навигация. Конкретные выводы — в обзоре источников и пояснениях; наличие маркера не доказывает коллизию, отсутствие не доказывает ее отсутствие."
168.txt;174.txt;"ACT. 003; ACT. 004; ACT. 006; ACT. 014";168: 1, 4, 6, 7, 10, 11, 14 | 174: 1, 2, 3, 5, 7, 8, 9, 9.2, 9.3, 15, 19, 20, 35;168: 2, 5, 7, 9, 14, 15 | 174: 4, 5, 8, 9, 19, 23, 28, 31, 34, 36, 37, 38, 40;168: 5, 6, 7, 8, 10, 11, 11.1, 12 | 174: 1, 3, 4, 5, 8, 9.2, 19, 26, 28, 30, 35, 36, 37, 38, 39, 40;168: 3, 4, 8, 11, 14 | 174: 2, 3, 7, 8, 9, 19;"Тематическая навигация. Конкретные выводы — в обзоре источников и пояснениях; наличие маркера не доказывает коллизию, отсутствие не доказывает ее отсутствие."
169.txt;170.txt;ACT. 001 — общие правила соотношения актов;169: 5, 6, 7, 10, 11 | 170: 5, 6;169: 5, 8 | 170: 5;169: 5, 6, 7, 8, 11 | 170: 3, 5;169: 1, 3, 4, 5 | 170: прямые маркеры не найдены;"Тематическая навигация. Конкретные выводы — в обзоре источников и пояснениях; наличие маркера не доказывает коллизию, отсутствие не доказывает ее отсутствие."
169.txt;171.txt;ACT. 013;169: 5, 6, 7, 10, 11 | 171: 2, 8, 9, 12, 14;169: 5, 8 | 171: 6;169: 5, 6, 7, 8, 11 | 171: 2, 3, 4, 6, 7, 8, 9, 11, 12, 13, 14;169: 1, 3, 4, 5 | 171: 5, 8, 10;"Тематическая навигация. Конкретные выводы — в обзоре источников и пояснениях; наличие маркера не доказывает коллизию, отсутствие не доказывает ее отсутствие."
169.txt;172.txt;ACT. 009;169: 5, 6, 7, 10, 11 | 172: 1, 2, 3, 4, 5, 6, 7;169: 5, 8 | 172: 7, 8;169: 5, 6, 7, 8, 11 | 172: 4, 5, 6;169: 1, 3, 4, 5 | 172: 1, 8;"Тематическая навигация. Конкретные выводы — в обзоре источников и пояснениях; наличие маркера не доказывает коллизию, отсутствие не доказывает ее отсутствие."
169.txt;173.txt;ACT. 001 — общие правила соотношения актов;169: 5, 6, 7, 10, 11 | 173: 1, 4, 6, 9, 11, 12;169: 5, 8 | 173: 1, 9, 11;169: 5, 6, 7, 8, 11 | 173: 1, 2, 3, 4, 5.1, 6, 7, 7.1, 8, 9, 10, 11, 12, 13;169: 1, 3, 4, 5 | 173: 4, 6;"Тематическая навигация. Конкретные выводы — в обзоре источников и пояснениях; наличие маркера не доказывает коллизию, отсутствие не доказывает ее отсутствие."
169.txt;174.txt;ACT. 001 — общие правила соотношения актов;169: 5, 6, 7, 10, 11 | 174: 1, 2, 3, 5, 7, 8, 9, 9.2, 9.3, 15, 19, 20, 35;169: 5, 8 | 174: 4, 5, 8, 9, 19, 23, 28, 31, 34, 36, 37, 38, 40;169: 5, 6, 7, 8, 11 | 174: 1, 3, 4, 5, 8, 9.2, 19, 26, 28, 30, 35, 36, 37, 38, 39, 40;169: 1, 3, 4, 5 | 174: 2, 3, 7, 8, 9, 19;"Тематическая навигация. Конкретные выводы — в обзоре источников и пояснениях; наличие маркера не доказывает коллизию, отсутствие не доказывает ее отсутствие."
170.txt;171.txt;ACT. 001 — общие правила соотношения актов;170: 5, 6 | 171: 2, 8, 9, 12, 14;170: 5 | 171: 6;170: 3, 5 | 171: 2, 3, 4, 6, 7, 8, 9, 11, 12, 13, 14;170: прямые маркеры не найдены | 171: 5, 8, 10;"Тематическая навигация. Конкретные выводы — в обзоре источников и пояснениях; наличие маркера не доказывает коллизию, отсутствие не доказывает ее отсутствие."
170.txt;172.txt;ACT. 001 — общие правила соотношения актов;170: 5, 6 | 172: 1, 2, 3, 4, 5, 6, 7;170: 5 | 172: 7, 8;170: 3, 5 | 172: 4, 5, 6;170: прямые маркеры не найдены | 172: 1, 8;"Тематическая навигация. Конкретные выводы — в обзоре источников и пояснениях; наличие маркера не доказывает коллизию, отсутствие не доказывает ее отсутствие."
170.txt;173.txt;ACT. 001 — общие правила соотношения актов;170: 5, 6 | 173: 1, 4, 6, 9, 11, 12;170: 5 | 173: 1, 9, 11;170: 3, 5 | 173: 1, 2, 3, 4, 5.1, 6, 7, 7.1, 8, 9, 10, 11, 12, 13;170: прямые маркеры не найдены | 173: 4, 6;"Тематическая навигация. Конкретные выводы — в обзоре источников и пояснениях; наличие маркера не доказывает коллизию, отсутствие не доказывает ее отсутствие."
170.txt;174.txt;ACT. 001 — общие правила соотношения актов;170: 5, 6 | 174: 1, 2, 3, 5, 7, 8, 9, 9.2, 9.3, 15, 19, 20, 35;170: 5 | 174: 4, 5, 8, 9, 19, 23, 28, 31, 34, 36, 37, 38, 40;170: 3, 5 | 174: 1, 3, 4, 5, 8, 9.2, 19, 26, 28, 30, 35, 36, 37, 38, 39, 40;170: прямые маркеры не найдены | 174: 2, 3, 7, 8, 9, 19;"Тематическая навигация. Конкретные выводы — в обзоре источников и пояснениях; наличие маркера не доказывает коллизию, отсутствие не доказывает ее отсутствие."
171.txt;172.txt;ACT. 001 — общие правила соотношения актов;171: 2, 8, 9, 12, 14 | 172: 1, 2, 3, 4, 5, 6, 7;171: 6 | 172: 7, 8;171: 2, 3, 4, 6, 7, 8, 9, 11, 12, 13, 14 | 172: 4, 5, 6;171: 5, 8, 10 | 172: 1, 8;"Тематическая навигация. Конкретные выводы — в обзоре источников и пояснениях; наличие маркера не доказывает коллизию, отсутствие не доказывает ее отсутствие."
171.txt;173.txt;"ACT. 003; ACT. 004; ACT. 010; ACT. 014";171: 2, 8, 9, 12, 14 | 173: 1, 4, 6, 9, 11, 12;171: 6 | 173: 1, 9, 11;171: 2, 3, 4, 6, 7, 8, 9, 11, 12, 13, 14 | 173: 1, 2, 3, 4, 5.1, 6, 7, 7.1, 8, 9, 10, 11, 12, 13;171: 5, 8, 10 | 173: 4, 6;"Тематическая навигация. Конкретные выводы — в обзоре источников и пояснениях; наличие маркера не доказывает коллизию, отсутствие не доказывает ее отсутствие."
171.txt;174.txt;"ACT. 003; ACT. 004; ACT. 010; ACT. 014";171: 2, 8, 9, 12, 14 | 174: 1, 2, 3, 5, 7, 8, 9, 9.2, 9.3, 15, 19, 20, 35;171: 6 | 174: 4, 5, 8, 9, 19, 23, 28, 31, 34, 36, 37, 38, 40;171: 2, 3, 4, 6, 7, 8, 9, 11, 12, 13, 14 | 174: 1, 3, 4, 5, 8, 9.2, 19, 26, 28, 30, 35, 36, 37, 38, 39, 40;171: 5, 8, 10 | 174: 2, 3, 7, 8, 9, 19;"Тематическая навигация. Конкретные выводы — в обзоре источников и пояснениях; наличие маркера не доказывает коллизию, отсутствие не доказывает ее отсутствие."
172.txt;173.txt;ACT. 001 — общие правила соотношения актов;172: 1, 2, 3, 4, 5, 6, 7 | 173: 1, 4, 6, 9, 11, 12;172: 7, 8 | 173: 1, 9, 11;172: 4, 5, 6 | 173: 1, 2, 3, 4, 5.1, 6, 7, 7.1, 8, 9, 10, 11, 12, 13;172: 1, 8 | 173: 4, 6;"Тематическая навигация. Конкретные выводы — в обзоре источников и пояснениях; наличие маркера не доказывает коллизию, отсутствие не доказывает ее отсутствие."
172.txt;174.txt;"ACT. 006; ACT. 007";172: 1, 2, 3, 4, 5, 6, 7 | 174: 1, 2, 3, 5, 7, 8, 9, 9.2, 9.3, 15, 19, 20, 35;172: 7, 8 | 174: 4, 5, 8, 9, 19, 23, 28, 31, 34, 36, 37, 38, 40;172: 4, 5, 6 | 174: 1, 3, 4, 5, 8, 9.2, 19, 26, 28, 30, 35, 36, 37, 38, 39, 40;172: 1, 8 | 174: 2, 3, 7, 8, 9, 19;"Тематическая навигация. Конкретные выводы — в обзоре источников и пояснениях; наличие маркера не доказывает коллизию, отсутствие не доказывает ее отсутствие."
173.txt;174.txt;"ACT. 003; ACT. 004; ACT. 005; ACT. 010; ACT. 014";173: 1, 4, 6, 9, 11, 12 | 174: 1, 2, 3, 5, 7, 8, 9, 9.2, 9.3, 15, 19, 20, 35;173: 1, 9, 11 | 174: 4, 5, 8, 9, 19, 23, 28, 31, 34, 36, 37, 38, 40;173: 1, 2, 3, 4, 5.1, 6, 7, 7.1, 8, 9, 10, 11, 12, 13 | 174: 1, 3, 4, 5, 8, 9.2, 19, 26, 28, 30, 35, 36, 37, 38, 39, 40;173: 4, 6 | 174: 2, 3, 7, 8, 9, 19;"Тематическая навигация. Конкретные выводы — в обзоре источников и пояснениях; наличие маркера не доказывает коллизию, отсутствие не доказывает ее отсутствие."
144.txt;Правила проекта.txt;"ACT. 007; ACT. 014";"Контроль исполнимости и запретов; см. внутреннюю карту ограничений, без ссылок на нее в законопроектах.";"Контроль исполнимости и запретов; см. внутреннюю карту ограничений, без ссылок на нее в законопроектах.";"Контроль исполнимости и запретов; см. внутреннюю карту ограничений, без ссылок на нее в законопроектах.";"Контроль исполнимости и запретов; см. внутреннюю карту ограничений, без ссылок на нее в законопроектах.";Внешние ограничения не являются источником нормативного обоснования.
145.txt;Правила проекта.txt;"ACT. 002; ACT. 004; ACT. 005; ACT. 006";"Контроль исполнимости и запретов; см. внутреннюю карту ограничений, без ссылок на нее в законопроектах.";"Контроль исполнимости и запретов; см. внутреннюю карту ограничений, без ссылок на нее в законопроектах.";"Контроль исполнимости и запретов; см. внутреннюю карту ограничений, без ссылок на нее в законопроектах.";"Контроль исполнимости и запретов; см. внутреннюю карту ограничений, без ссылок на нее в законопроектах.";Внешние ограничения не являются источником нормативного обоснования.
146.txt;Правила проекта.txt;ACT. 007;"Контроль исполнимости и запретов; см. внутреннюю карту ограничений, без ссылок на нее в законопроектах.";"Контроль исполнимости и запретов; см. внутреннюю карту ограничений, без ссылок на нее в законопроектах.";"Контроль исполнимости и запретов; см. внутреннюю карту ограничений, без ссылок на нее в законопроектах.";"Контроль исполнимости и запретов; см. внутреннюю карту ограничений, без ссылок на нее в законопроектах.";Внешние ограничения не являются источником нормативного обоснования.
147.txt;Правила проекта.txt;ACT. 011;"Контроль исполнимости и запретов; см. внутреннюю карту ограничений, без ссылок на нее в законопроектах.";"Контроль исполнимости и запретов; см. внутреннюю карту ограничений, без ссылок на нее в законопроектах.";"Контроль исполнимости и запретов; см. внутреннюю карту ограничений, без ссылок на нее в законопроектах.";"Контроль исполнимости и запретов; см. внутреннюю карту ограничений, без ссылок на нее в законопроектах.";Внешние ограничения не являются источником нормативного обоснования.
148.txt;Правила проекта.txt;ACT. 002;"Контроль исполнимости и запретов; см. внутреннюю карту ограничений, без ссылок на нее в законопроектах.";"Контроль исполнимости и запретов; см. внутреннюю карту ограничений, без ссылок на нее в законопроектах.";"Контроль исполнимости и запретов; см. внутреннюю карту ограничений, без ссылок на нее в законопроектах.";"Контроль исполнимости и запретов; см. внутреннюю карту ограничений, без ссылок на нее в законопроектах.";Внешние ограничения не являются источником нормативного обоснования.
149.txt;Правила проекта.txt;Без самостоятельной поправки;"Контроль исполнимости и запретов; см. внутреннюю карту ограничений, без ссылок на нее в законопроектах.";"Контроль исполнимости и запретов; см. внутреннюю карту ограничений, без ссылок на нее в законопроектах.";"Контроль исполнимости и запретов; см. внутреннюю карту ограничений, без ссылок на нее в законопроектах.";"Контроль исполнимости и запретов; см. внутреннюю карту ограничений, без ссылок на нее в законопроектах.";Внешние ограничения не являются источником нормативного обоснования.
150.txt;Правила проекта.txt;Без самостоятельной поправки;"Контроль исполнимости и запретов; см. внутреннюю карту ограничений, без ссылок на нее в законопроектах.";"Контроль исполнимости и запретов; см. внутреннюю карту ограничений, без ссылок на нее в законопроектах.";"Контроль исполнимости и запретов; см. внутреннюю карту ограничений, без ссылок на нее в законопроектах.";"Контроль исполнимости и запретов; см. внутреннюю карту ограничений, без ссылок на нее в законопроектах.";Внешние ограничения не являются источником нормативного обоснования.
152.txt;Правила проекта.txt;Без самостоятельной поправки;"Контроль исполнимости и запретов; см. внутреннюю карту ограничений, без ссылок на нее в законопроектах.";"Контроль исполнимости и запретов; см. внутреннюю карту ограничений, без ссылок на нее в законопроектах.";"Контроль исполнимости и запретов; см. внутреннюю карту ограничений, без ссылок на нее в законопроектах.";"Контроль исполнимости и запретов; см. внутреннюю карту ограничений, без ссылок на нее в законопроектах.";Внешние ограничения не являются источником нормативного обоснования.
153.txt;Правила проекта.txt;ACT. 002;"Контроль исполнимости и запретов; см. внутреннюю карту ограничений, без ссылок на нее в законопроектах.";"Контроль исполнимости и запретов; см. внутреннюю карту ограничений, без ссылок на нее в законопроектах.";"Контроль исполнимости и запретов; см. внутреннюю карту ограничений, без ссылок на нее в законопроектах.";"Контроль исполнимости и запретов; см. внутреннюю карту ограничений, без ссылок на нее в законопроектах.";Внешние ограничения не являются источником нормативного обоснования.
154.txt;Правила проекта.txt;ACT. 010;"Контроль исполнимости и запретов; см. внутреннюю карту ограничений, без ссылок на нее в законопроектах.";"Контроль исполнимости и запретов; см. внутреннюю карту ограничений, без ссылок на нее в законопроектах.";"Контроль исполнимости и запретов; см. внутреннюю карту ограничений, без ссылок на нее в законопроектах.";"Контроль исполнимости и запретов; см. внутреннюю карту ограничений, без ссылок на нее в законопроектах.";Внешние ограничения не являются источником нормативного обоснования.
155.txt;Правила проекта.txt;ACT. 006;"Контроль исполнимости и запретов; см. внутреннюю карту ограничений, без ссылок на нее в законопроектах.";"Контроль исполнимости и запретов; см. внутреннюю карту ограничений, без ссылок на нее в законопроектах.";"Контроль исполнимости и запретов; см. внутреннюю карту ограничений, без ссылок на нее в законопроектах.";"Контроль исполнимости и запретов; см. внутреннюю карту ограничений, без ссылок на нее в законопроектах.";Внешние ограничения не являются источником нормативного обоснования.
156.txt;Правила проекта.txt;Без самостоятельной поправки;"Контроль исполнимости и запретов; см. внутреннюю карту ограничений, без ссылок на нее в законопроектах.";"Контроль исполнимости и запретов; см. внутреннюю карту ограничений, без ссылок на нее в законопроектах.";"Контроль исполнимости и запретов; см. внутреннюю карту ограничений, без ссылок на нее в законопроектах.";"Контроль исполнимости и запретов; см. внутреннюю карту ограничений, без ссылок на нее в законопроектах.";Внешние ограничения не являются источником нормативного обоснования.
157.txt;Правила проекта.txt;ACT. 006;"Контроль исполнимости и запретов; см. внутреннюю карту ограничений, без ссылок на нее в законопроектах.";"Контроль исполнимости и запретов; см. внутреннюю карту ограничений, без ссылок на нее в законопроектах.";"Контроль исполнимости и запретов; см. внутреннюю карту ограничений, без ссылок на нее в законопроектах.";"Контроль исполнимости и запретов; см. внутреннюю карту ограничений, без ссылок на нее в законопроектах.";Внешние ограничения не являются источником нормативного обоснования.
158.txt;Правила проекта.txt;"ACT. 006; ACT. 009; ACT. 010";"Контроль исполнимости и запретов; см. внутреннюю карту ограничений, без ссылок на нее в законопроектах.";"Контроль исполнимости и запретов; см. внутреннюю карту ограничений, без ссылок на нее в законопроектах.";"Контроль исполнимости и запретов; см. внутреннюю карту ограничений, без ссылок на нее в законопроектах.";"Контроль исполнимости и запретов; см. внутреннюю карту ограничений, без ссылок на нее в законопроектах.";Внешние ограничения не являются источником нормативного обоснования.
159.txt;Правила проекта.txt;Без самостоятельной поправки;"Контроль исполнимости и запретов; см. внутреннюю карту ограничений, без ссылок на нее в законопроектах.";"Контроль исполнимости и запретов; см. внутреннюю карту ограничений, без ссылок на нее в законопроектах.";"Контроль исполнимости и запретов; см. внутреннюю карту ограничений, без ссылок на нее в законопроектах.";"Контроль исполнимости и запретов; см. внутреннюю карту ограничений, без ссылок на нее в законопроектах.";Внешние ограничения не являются источником нормативного обоснования.
160.txt;Правила проекта.txt;ACT. 012;"Контроль исполнимости и запретов; см. внутреннюю карту ограничений, без ссылок на нее в законопроектах.";"Контроль исполнимости и запретов; см. внутреннюю карту ограничений, без ссылок на нее в законопроектах.";"Контроль исполнимости и запретов; см. внутреннюю карту ограничений, без ссылок на нее в законопроектах.";"Контроль исполнимости и запретов; см. внутреннюю карту ограничений, без ссылок на нее в законопроектах.";Внешние ограничения не являются источником нормативного обоснования.
161.txt;Правила проекта.txt;Без самостоятельной поправки;"Контроль исполнимости и запретов; см. внутреннюю карту ограничений, без ссылок на нее в законопроектах.";"Контроль исполнимости и запретов; см. внутреннюю карту ограничений, без ссылок на нее в законопроектах.";"Контроль исполнимости и запретов; см. внутреннюю карту ограничений, без ссылок на нее в законопроектах.";"Контроль исполнимости и запретов; см. внутреннюю карту ограничений, без ссылок на нее в законопроектах.";Внешние ограничения не являются источником нормативного обоснования.
162.txt;Правила проекта.txt;ACT. 007;"Контроль исполнимости и запретов; см. внутреннюю карту ограничений, без ссылок на нее в законопроектах.";"Контроль исполнимости и запретов; см. внутреннюю карту ограничений, без ссылок на нее в законопроектах.";"Контроль исполнимости и запретов; см. внутреннюю карту ограничений, без ссылок на нее в законопроектах.";"Контроль исполнимости и запретов; см. внутреннюю карту ограничений, без ссылок на нее в законопроектах.";Внешние ограничения не являются источником нормативного обоснования.
163.txt;Правила проекта.txt;ACT. 009;"Контроль исполнимости и запретов; см. внутреннюю карту ограничений, без ссылок на нее в законопроектах.";"Контроль исполнимости и запретов; см. внутреннюю карту ограничений, без ссылок на нее в законопроектах.";"Контроль исполнимости и запретов; см. внутреннюю карту ограничений, без ссылок на нее в законопроектах.";"Контроль исполнимости и запретов; см. внутреннюю карту ограничений, без ссылок на нее в законопроектах.";Внешние ограничения не являются источником нормативного обоснования.
164.txt;Правила проекта.txt;"ACT. 003; ACT. 004";"Контроль исполнимости и запретов; см. внутреннюю карту ограничений, без ссылок на нее в законопроектах.";"Контроль исполнимости и запретов; см. внутреннюю карту ограничений, без ссылок на нее в законопроектах.";"Контроль исполнимости и запретов; см. внутреннюю карту ограничений, без ссылок на нее в законопроектах.";"Контроль исполнимости и запретов; см. внутреннюю карту ограничений, без ссылок на нее в законопроектах.";Внешние ограничения не являются источником нормативного обоснования.
165.txt;Правила проекта.txt;Без самостоятельной поправки;"Контроль исполнимости и запретов; см. внутреннюю карту ограничений, без ссылок на нее в законопроектах.";"Контроль исполнимости и запретов; см. внутреннюю карту ограничений, без ссылок на нее в законопроектах.";"Контроль исполнимости и запретов; см. внутреннюю карту ограничений, без ссылок на нее в законопроектах.";"Контроль исполнимости и запретов; см. внутреннюю карту ограничений, без ссылок на нее в законопроектах.";Внешние ограничения не являются источником нормативного обоснования.
166.txt;Правила проекта.txt;"ACT. 004; ACT. 012";"Контроль исполнимости и запретов; см. внутреннюю карту ограничений, без ссылок на нее в законопроектах.";"Контроль исполнимости и запретов; см. внутреннюю карту ограничений, без ссылок на нее в законопроектах.";"Контроль исполнимости и запретов; см. внутреннюю карту ограничений, без ссылок на нее в законопроектах.";"Контроль исполнимости и запретов; см. внутреннюю карту ограничений, без ссылок на нее в законопроектах.";Внешние ограничения не являются источником нормативного обоснования.
167.txt;Правила проекта.txt;Без самостоятельной поправки;"Контроль исполнимости и запретов; см. внутреннюю карту ограничений, без ссылок на нее в законопроектах.";"Контроль исполнимости и запретов; см. внутреннюю карту ограничений, без ссылок на нее в законопроектах.";"Контроль исполнимости и запретов; см. внутреннюю карту ограничений, без ссылок на нее в законопроектах.";"Контроль исполнимости и запретов; см. внутреннюю карту ограничений, без ссылок на нее в законопроектах.";Внешние ограничения не являются источником нормативного обоснования.
168.txt;Правила проекта.txt;ACT. 006;"Контроль исполнимости и запретов; см. внутреннюю карту ограничений, без ссылок на нее в законопроектах.";"Контроль исполнимости и запретов; см. внутреннюю карту ограничений, без ссылок на нее в законопроектах.";"Контроль исполнимости и запретов; см. внутреннюю карту ограничений, без ссылок на нее в законопроектах.";"Контроль исполнимости и запретов; см. внутреннюю карту ограничений, без ссылок на нее в законопроектах.";Внешние ограничения не являются источником нормативного обоснования.
169.txt;Правила проекта.txt;ACT. 013;"Контроль исполнимости и запретов; см. внутреннюю карту ограничений, без ссылок на нее в законопроектах.";"Контроль исполнимости и запретов; см. внутреннюю карту ограничений, без ссылок на нее в законопроектах.";"Контроль исполнимости и запретов; см. внутреннюю карту ограничений, без ссылок на нее в законопроектах.";"Контроль исполнимости и запретов; см. внутреннюю карту ограничений, без ссылок на нее в законопроектах.";Внешние ограничения не являются источником нормативного обоснования.
170.txt;Правила проекта.txt;ACT. 008;"Контроль исполнимости и запретов; см. внутреннюю карту ограничений, без ссылок на нее в законопроектах.";"Контроль исполнимости и запретов; см. внутреннюю карту ограничений, без ссылок на нее в законопроектах.";"Контроль исполнимости и запретов; см. внутреннюю карту ограничений, без ссылок на нее в законопроектах.";"Контроль исполнимости и запретов; см. внутреннюю карту ограничений, без ссылок на нее в законопроектах.";Внешние ограничения не являются источником нормативного обоснования.
171.txt;Правила проекта.txt;Без самостоятельной поправки;"Контроль исполнимости и запретов; см. внутреннюю карту ограничений, без ссылок на нее в законопроектах.";"Контроль исполнимости и запретов; см. внутреннюю карту ограничений, без ссылок на нее в законопроектах.";"Контроль исполнимости и запретов; см. внутреннюю карту ограничений, без ссылок на нее в законопроектах.";"Контроль исполнимости и запретов; см. внутреннюю карту ограничений, без ссылок на нее в законопроектах.";Внешние ограничения не являются источником нормативного обоснования.
172.txt;Правила проекта.txt;"ACT. 006; ACT. 007; ACT. 009";"Контроль исполнимости и запретов; см. внутреннюю карту ограничений, без ссылок на нее в законопроектах.";"Контроль исполнимости и запретов; см. внутреннюю карту ограничений, без ссылок на нее в законопроектах.";"Контроль исполнимости и запретов; см. внутреннюю карту ограничений, без ссылок на нее в законопроектах.";"Контроль исполнимости и запретов; см. внутреннюю карту ограничений, без ссылок на нее в законопроектах.";Внешние ограничения не являются источником нормативного обоснования.
173.txt;Правила проекта.txt;ACT. 004;"Контроль исполнимости и запретов; см. внутреннюю карту ограничений, без ссылок на нее в законопроектах.";"Контроль исполнимости и запретов; см. внутреннюю карту ограничений, без ссылок на нее в законопроектах.";"Контроль исполнимости и запретов; см. внутреннюю карту ограничений, без ссылок на нее в законопроектах.";"Контроль исполнимости и запретов; см. внутреннюю карту ограничений, без ссылок на нее в законопроектах.";Внешние ограничения не являются источником нормативного обоснования.
174.txt;Правила проекта.txt;Без самостоятельной поправки;"Контроль исполнимости и запретов; см. внутреннюю карту ограничений, без ссылок на нее в законопроектах.";"Контроль исполнимости и запретов; см. внутреннюю карту ограничений, без ссылок на нее в законопроектах.";"Контроль исполнимости и запретов; см. внутреннюю карту ограничений, без ссылок на нее в законопроектах.";"Контроль исполнимости и запретов; см. внутреннюю карту ограничений, без ссылок на нее в законопроектах.";Внешние ограничения не являются источником нормативного обоснования.
